Número;Ticket#;Antigüedad;Título;Creado;Last Changed;Fecha de cierre;Cola;Estado;Prioridad;Cliente;ID del cliente;Tipo;Tiempo contabilizado;EscalationDestinationIn;EscalationDestinationDate;EscalationTimeWorkingTime;Tiempo para escalada;PrimeraRespuesta;PrimeraRespuestaEnMin;PrimeraRespuestaDifEnMin;FirstResponseTimeWorkingTime;FirstResponseTimeEscalation;FirstResponseTimeNotification;FirstResponseTimeDestinationTime;FirstResponseTimeDestinationDate;FirstResponseTime;UpdateTimeEscalation;UpdateTimeNotification;UpdateTimeDestinationTime;UpdateTimeDestinationDate;UpdateTimeWorkingTime;UpdateTime;SolutionTime;SolutionInMin;SolutionDiffInMin;SolutionTimeWorkingTime;SolutionTimeEscalation;SolutionTimeNotification;SolutionTimeDestinationTime;SolutionTimeDestinationDate;SolutionTimeWorkingTime;First Lock;Bloquear;StateType;UntilTime;UnlockTimeout;EscalationResponseTime;EscalationSolutionTime;EscalationUpdateTime;RealTillTimeNotUsed;Número de artículos;Proceso;Actividad
1;2024050228000010;65 d 10 h;Habilitar Usuario.;02/05/2024 12:24;02/05/2024 13:43;02/05/2024 13:43;Soporte de Desktop;closed successful;3 normal;yessica.montenegro;P&G;Unclassified;5;;;0;0;02/05/2024 13:43;0;0;;0;;;;;0;;0;;0;;;79;0;;0;;;;;02/05/2024 13:42;unlock;closed;0;1683035039;0;0;0;0;2;;
2;2024050228000020;65 d 7 h;problemas con dominio visual;02/05/2024 14:42;02/05/2024 17:33;02/05/2024 17:33;Soporte de Desktop;closed successful;3 normal;diana.zuñiga;Elite;SOPORTE S.O.;30;;;0;0;;0;0;;0;;;;;0;;0;;0;;;171;0;;0;;;;;02/05/2024 17:32;unlock;closed;0;1683048817;0;0;0;0;2;;
3;2024050228000030;65 d 7 h;Re: Problemas con el ingreso al Intranet;02/05/2024 14:48;02/05/2024 16:07;02/05/2024 16:07;Soporte de Desktop;closed successful;3 normal;jamphier.paipay;Sistemas;SOPORTE DE CREDENCIALES;15;;;0;0;;0;0;;0;;;;;0;;0;;0;;;79;0;;0;;;;;02/05/2024 16:07;unlock;closed;0;1683043664;0;0;0;0;2;;
4;2024050228000040;65 d 7 h;DESBLOQUEO DE USUARIO;02/05/2024 15:03;02/05/2024 17:35;02/05/2024 17:35;Soporte de Desktop;closed successful;3 normal;jose.mojica@visualimpact.com.pe;jose.mojica@visualimpact.com.pe;SOPORTE DE CREDENCIALES;10;;;0;0;02/05/2024 15:44;0;0;;0;;;;;0;;0;;0;;;151;0;;0;;;;;02/05/2024 15:44;unlock;closed;0;1683048913;0;0;0;0;3;;
5;2024050228000050;65 d 7 h;Problema al ingresar a SQL;02/05/2024 15:10;02/05/2024 15:10;02/05/2024 15:10;Soporte de Desktop;closed successful;3 normal;luis.vargas;;SOPORTE DE HARWARE;10;;;0;0;;0;0;;0;;;;;0;;0;;0;;;0;0;;0;;;;;;unlock;closed;0;0;0;0;0;0;1;;
6;2024050228000060;65 d 7 h;HABILITAR USUARIO EN APLICATIVO SOTISURF;02/05/2024 15:27;27/06/2024 19:32;27/06/2024 19:32;Soporte de Celulares;closed successful;3 normal;jose.mojica@visualimpact.com.pe;jose.mojica@visualimpact.com.pe;Unclassified;1;;;0;0;;0;0;;0;;;;;0;;0;;0;;;31445;0;;0;;;;;27/06/2024 19:32;unlock;closed;0;1687894344;0;0;0;0;3;;
7;2024050228000070;65 d 6 h;RE: Correo corporativo - Deyvis Chumpitaz;02/05/2024 16:15;02/05/2024 22:08;02/05/2024 22:08;Soporte de Desktop;closed successful;3 normal;angela.catter;Ajeper;Unclassified;0;;;0;0;;0;0;;0;;;;;0;;0;;0;;;284;0;;0;;;;;02/05/2024 22:08;unlock;closed;0;1683065322;0;0;0;0;3;;
8;2024050228000080;65 d 6 h;RE: RESTABLECER CONTRASEÑA GRB;02/05/2024 16:18;02/05/2024 17:34;;Soporte de Desktop;merged;3 normal;gerson.ramos;Logistica;SOPORTE DE CREDENCIALES;0;;;0;0;02/05/2024 17:34;0;0;;0;;;;;0;;0;;0;;;0;0;;0;;;;;02/05/2024 17:34;unlock;merged;0;1683048853;0;0;0;0;1;;
9;2024050228000090;65 d 5 h;configuración de correo en outlook;02/05/2024 17:15;02/05/2024 17:15;02/05/2024 17:15;Soporte de Desktop;closed successful;3 normal;silvia.tamayo;Nestle;SOPORTE MAIL;15;;;0;0;;0;0;;0;;;;;0;;0;;0;;;0;0;;0;;;;;02/05/2024 17:15;unlock;closed;0;1683047735;0;0;0;0;2;;
10;2024050228000100;65 d 2 h;Usuario Bloqueado;02/05/2024 20:15;02/05/2024 20:15;02/05/2024 20:15;Soporte de Celulares;closed successful;3 normal;distribuidora.moran;P&G;SOPORTE DE EQUIPOS MOVILES;8;;;0;0;;0;0;;0;;;;;0;;0;;0;;;0;0;;0;;;;;;unlock;closed;0;0;0;0;0;0;1;;
11;2024050228000110;65 d 2 h;USUARIO IMNABILITADO;02/05/2024 20:20;02/05/2024 20:20;;Soporte de Celulares;open;3 normal;nestle.canjes;Nestle;SOPORTE DE EQUIPOS MOVILES;10;;;0;0;;0;0;;0;;;;;0;;0;;0;;;0;0;;0;;;;;;unlock;open;0;0;0;0;0;0;1;;
12;2024050228000120;65 d 1 h;USUARIO IMNABILITADO;02/05/2024 20:40;02/05/2024 20:40;02/05/2024 20:40;Soporte de Celulares;closed successful;3 normal;distribuidora.moran;P&G;SOPORTE DE EQUIPOS MOVILES;10;;;0;0;;0;0;;0;;;;;0;;0;;0;;;0;0;;0;;;;;;unlock;closed;0;0;0;0;0;0;1;;
13;2024050228000130;65 d 1 h;USUARIO IMNABILITADO;02/05/2024 20:42;02/05/2024 20:42;02/05/2024 20:42;Soporte de Celulares;closed successful;3 normal;nestle.canjes;Nestle;SOPORTE DE EQUIPOS MOVILES;10;;;0;0;;0;0;;0;;;;;0;;0;;0;;;0;0;;0;;;;;;unlock;closed;0;0;0;0;0;0;1;;
14;2024050228000140;65 d 1 h;Problemas con el aplicativo;02/05/2024 20:46;02/05/2024 20:46;02/05/2024 20:46;Soporte de Celulares;closed successful;3 normal;nestle.canjes;Nestle;SOPORTE DE EQUIPOS MOVILES;8;;;0;0;;0;0;;0;;;;;0;;0;;0;;;0;0;;0;;;;;;unlock;closed;0;0;0;0;0;0;1;;
15;2024050228000150;65 d 1 h;Canjes;02/05/2024 20:48;02/05/2024 20:48;02/05/2024 20:48;Soporte de Celulares;closed successful;3 normal;nestle.canjes;Nestle;SOPORTE DE EQUIPOS MOVILES;8;;;0;0;;0;0;;0;;;;;0;;0;;0;;;0;0;;0;;;;;;unlock;closed;0;0;0;0;0;0;1;;
16;2024050228000160;65 d 1 h;Canjes;02/05/2024 20:49;02/05/2024 20:49;02/05/2024 20:49;Soporte de Celulares;closed successful;3 normal;nestle.canjes;Nestle;SOPORTE DE EQUIPOS MOVILES;8;;;0;0;;0;0;;0;;;;;0;;0;;0;;;0;0;;0;;;;;;unlock;closed;0;0;0;0;0;0;1;;
17;2024050328000010;64 d 20 h;SOPORTE EQUIPO MOVIL - GTM LARIOS ALVARADO GIAN PIERRE;03/05/2024 01:33;27/06/2024 19:35;27/06/2024 19:35;Soporte de Celulares;closed successful;3 normal;alicia.siles@visualimpact.com.pe;alicia.siles@visualimpact.com.pe;Unclassified;15;;;0;0;;0;0;;0;;;;;0;;0;;0;;;31115;0;;0;;;;;27/06/2024 19:35;unlock;closed;0;1687894544;0;0;0;0;2;;
18;2024050328000020;64 d 9 h;Cambios de equipo celular;03/05/2024 13:12;27/06/2024 21:29;27/06/2024 21:29;Soporte de Celulares;closed successful;3 normal;yeral.lara@visualimpact.com.pe;yeral.lara@visualimpact.com.pe;Unclassified;5;;;0;0;;0;0;;0;;;;;0;;0;;0;;;30887;0;;0;;;;;27/06/2024 21:29;unlock;closed;0;1687901379;0;0;0;0;2;;
19;2024050328000030;64 d 8 h;problemas con acceso logistica;03/05/2024 13:56;03/05/2024 13:56;03/05/2024 13:56;Soporte de Desktop;closed successful;3 normal;eduardo.espinoza;P&G;SOPORTE DE CREDENCIALES;5;;;0;0;;0;0;;0;;;;;0;;0;;0;;;0;0;;0;;;;;03/05/2024 13:56;unlock;closed;0;1683122218;0;0;0;0;1;;
20;2024050328000040;64 d 8 h;SOPORTE CONFIGURACIÓN EQUIPO NUEVO;03/05/2024 14:09;27/06/2024 21:38;27/06/2024 21:38;Soporte de Celulares;closed successful;3 normal;maria.barrios;Nestle;Unclassified;20;;;0;0;;0;0;;0;;;;;0;;0;;0;;;30830;0;;0;;;;;27/06/2024 21:38;unlock;closed;0;1687901929;0;0;0;0;2;;
21;2024050328000050;64 d 8 h;SOPORTE CONFIGURACIÓN TELEFONO NUEVO;03/05/2024 14:21;27/06/2024 21:45;27/06/2024 21:45;Soporte de Celulares;closed successful;3 normal;maria.barrios;Nestle;Unclassified;25;;;0;0;;0;0;;0;;;;;0;;0;;0;;;30818;0;;0;;;;;27/06/2024 21:45;unlock;closed;0;1687902348;0;0;0;0;2;;
22;2024050328000060;64 d 7 h;RE: Usuario inactivo;03/05/2024 14:54;05/05/2024 14:54;03/05/2024 17:17;Soporte de Desktop;closed successful;3 normal;yuri.zeballos;P&G;SOPORTE DE CREDENCIALES;10;;;0;0;;0;0;;0;;;;;0;;0;;0;;;143;0;;0;;;;;03/05/2024 17:17;unlock;closed;0;1683134259;0;0;0;0;2;;
23;2024050328000070;64 d 7 h;mover a grupo gerentes.directos;03/05/2024 15:12;03/05/2024 15:13;03/05/2024 15:12;Soporte de Desktop;closed successful;3 normal;luis.pineda;P&G;SOPORTE MAIL;5;;;0;0;;0;0;;0;;;;;0;;0;;0;;;0;0;;0;;;;;03/05/2024 15:13;unlock;closed;0;1683126796;0;0;0;0;2;;
24;2024050328000080;64 d 7 h;SOPORTE CONFIGURACIÓN TELEFONO NUEVO;03/05/2024 15:18;27/06/2024 21:53;27/06/2024 21:53;Soporte de Celulares;closed successful;3 normal;maria.barrios;Nestle;Unclassified;25;;;0;0;;0;0;;0;;;;;0;;0;;0;;;30761;0;;0;;;;;27/06/2024 21:52;unlock;closed;0;1687902803;0;0;0;0;2;;
25;2024050328000090;64 d 7 h;SOPORTE CONFIGURACIÓN TELEFONO NUEVO;03/05/2024 15:18;27/06/2024 21:51;27/06/2024 21:51;Soporte de Celulares;closed successful;3 normal;maria.barrios;Nestle;Unclassified;25;;;0;0;;0;0;;0;;;;;0;;0;;0;;;30761;0;;0;;;;;27/06/2024 21:51;unlock;closed;0;1687902697;0;0;0;0;2;;
26;2024050328000100;64 d 6 h;SOPORTE CELULAR;03/05/2024 15:36;27/06/2024 22:06;27/06/2024 22:06;Soporte de Celulares;closed successful;3 normal;maria.barrios;Nestle;Unclassified;25;;;0;0;;0;0;;0;;;;;0;;0;;0;;;30743;0;;0;;;;;27/06/2024 22:06;unlock;closed;0;1687903589;0;0;0;0;2;;
27;2024050328000110;64 d 6 h;Acceso a Intranet;03/05/2024 15:48;10/05/2024 16:48;10/05/2024 16:48;Soporte de Desktop;closed successful;3 normal;angela.catter;Ajeper;Unclassified;5;;;0;0;;0;0;;0;;;;;0;;0;;0;;;3959;0;;0;;;;;10/05/2024 16:48;unlock;closed;0;1683737290;0;0;0;0;3;;
28;2024050328000120;64 d 6 h;SOLICITUD REINSTALACIÓN  RETAIL X;03/05/2024 15:54;03/05/2024 16:21;;Soporte de Celulares;new;3 normal;junior.acuna@visualimpact.com.pe;junior.acuna@visualimpact.com.pe;Unclassified;0;;;0;0;;0;0;;0;;;;;0;;0;;0;;;0;0;;0;;;;;;unlock;new;0;0;0;0;0;0;2;;
29;2024050328000130;64 d 2 h;USUARIO IMNABILITADO;03/05/2024 20:19;03/05/2024 20:19;03/05/2024 20:19;Soporte de Celulares;closed successful;3 normal;nestle.canjes;Nestle;SOPORTE DE EQUIPOS MOVILES;10;;;0;0;;0;0;;0;;;;;0;;0;;0;;;0;0;;0;;;;;;unlock;closed;0;0;0;0;0;0;1;;
30;2024050328000140;64 d 2 h;SOLICITUD REINSTALACIÓN  RETAIL X;03/05/2024 20:24;04/05/2024 15:33;;Soporte de Celulares;new;3 normal;kasandra.mamani@visualimpact.com.pe;kasandra.mamani@visualimpact.com.pe;Unclassified;0;;;0;0;;0;0;;0;;;;;0;;0;;0;;;0;0;;0;;;;;;unlock;new;0;0;0;0;0;0;5;;
31;2024050328000150;64 d 1 h;SOPORTE EQUIPO MOVIL PURINA;03/05/2024 20:30;08/05/2024 19:09;;Soporte de Celulares;new;3 normal;miguel.huapaya;Nestle;Unclassified;0;;;0;0;;0;0;;0;;;;;0;;0;;0;;;0;0;;0;;;;;;unlock;new;0;0;0;0;0;0;2;;
32;2024050428000010;63 d 8 h;REINSTALACIÓN  DE RETAILX;04/05/2024 14:09;07/06/2024 22:24;07/06/2024 22:24;Soporte de Celulares;closed successful;3 normal;elena.damian@visualimpact.com.pe;elena.damian@visualimpact.com.pe;Unclassified;0;;;0;0;;0;0;;0;;;;;0;;0;;0;;;19130;0;;0;;;;;07/06/2024 22:24;unlock;closed;0;1686176657;0;0;0;0;4;;
33;2024050428000020;63 d 7 h;REINSTALACIÓN  DE RETAILX;04/05/2024 15:24;19/06/2024 17:57;19/06/2024 17:57;Soporte de Celulares;closed successful;3 normal;elena.damian@visualimpact.com.pe;elena.damian@visualimpact.com.pe;Unclassified;10;;;0;0;;0;0;;0;;;;;0;;0;;0;;;25113;0;;0;;;;;19/06/2024 17:57;unlock;closed;0;1687197469;0;0;0;0;2;;
34;2024050428000030;63 d 7 h;RE: Reinstalación de sistema Retailx;04/05/2024 15:27;19/06/2024 17:57;19/06/2024 17:57;Soporte de Celulares;closed successful;3 normal;nils.moron;P&G;Unclassified;10;;;0;0;;0;0;;0;;;;;0;;0;;0;;;25110;0;;0;;;;;19/06/2024 17:57;unlock;closed;0;1687197428;0;0;0;0;3;;
35;2024050428000040;63 d 6 h;SOLICITUD REINSTALACION RETAIL X;04/05/2024 15:51;19/06/2024 17:56;19/06/2024 17:56;Soporte de Celulares;closed successful;3 normal;diana.soto@visualimpact.com.pe;diana.soto@visualimpact.com.pe;Unclassified;10;;;0;0;;0;0;;0;;;;;0;;0;;0;;;25085;0;;0;;;;;19/06/2024 17:56;unlock;closed;0;1687197376;0;0;0;0;2;;
36;2024050428000050;63 d 5 h;problemas con el touchpad;04/05/2024 16:52;04/05/2024 17:11;04/05/2024 17:04;Soporte de Desktop;closed successful;3 normal;cristihan.rivera;P&G;SOPORTE S.O.;20;;;0;0;;0;0;;0;;;;;0;;0;;0;;;12;0;;0;;;;;04/05/2024 17:02;lock;closed;0;1683220274;0;0;0;0;2;;
37;2024050428000060;63 d 5 h;problemas con la recepción de correos pg;04/05/2024 17:05;04/05/2024 17:05;04/05/2024 17:05;Soporte de Desktop;closed successful;3 normal;margarita.bailon;Operaciones;SOPORTE MAIL;20;;;0;0;;0;0;;0;;;;;0;;0;;0;;;0;0;;0;;;;;04/05/2024 17:05;unlock;closed;0;1683219949;0;0;0;0;2;;
38;2024050528000010;62 d 9 h;Desbloqueo de Acceso Impact Trade;05/05/2024 12:54;05/05/2024 14:08;05/05/2024 14:04;Soporte de Desktop;closed successful;3 normal;cesar.caballero@visualimpact.com.pe;cesar.caballero@visualimpact.com.pe;SOPORTE DE CREDENCIALES;5;;;0;0;05/05/2024 14:04;0;0;;0;;;;;0;;0;;0;;;70;0;;0;;;;;05/05/2024 14:03;unlock;closed;0;1683295489;0;0;0;0;2;;
39;2024050528000020;62 d 8 h;FALLA INTRANET;05/05/2024 13:57;28/06/2024 15:22;28/06/2024 15:22;Soporte de Desktop;closed successful;3 normal;miguel.huapaya;Nestle;SOPORTE DE INTRANET;5;;;0;0;;0;0;;0;;;;;0;;0;;0;;;29724;0;;0;;;;;05/05/2024 14:07;unlock;closed;0;1687965734;0;0;0;0;11;;
40;2024050528000030;62 d 5 h;JAIME ERNESTO PORTOCARRERO SEMINARIO - CAMBIO DE EQUIPO;05/05/2024 17:20;05/05/2024 17:21;05/05/2024 17:21;Soporte de Celulares;closed successful;3 normal;procter.lima;P&G;SOPORTE DE EQUIPOS MOVILES;15;;;0;0;;0;0;;0;;;;;0;;0;;0;;;0;0;;0;;;;;05/05/2024 17:20;unlock;closed;0;1683307260;0;0;0;0;2;;
41;2024050528000040;62 d 3 h;Habilitar Usuarios Web Logística | GZ y Spoc Sur 2;05/05/2024 19:03;08/05/2024 17:57;08/05/2024 17:57;Soporte de Desktop;closed successful;3 normal;jose.oballe;P&G;SOPORTE DE CREDENCIALES;15;;;0;0;;0;0;;0;;;;;0;;0;;0;;;714;0;;0;;;;;08/05/2024 17:57;unlock;closed;0;1683568674;0;0;0;0;4;;
42;2024050628000010;61 d 21 h;PROBLEMAS CON VISUALIZACIÓN DE INVENTARIO - ALMACÉN UNICACHI SUR;06/05/2024 00:51;02/06/2024 21:25;02/06/2024 21:25;Soporte de Desktop;closed successful;3 normal;gabriela.ore;P&G;Unclassified;0;;;0;0;;0;0;;0;;;;;0;;0;;0;;;15600;0;;0;;;;;02/06/2024 21:24;unlock;closed;0;1685741103;0;0;0;0;7;;
43;2024050628000020;61 d 6 h;problemas con vpn;06/05/2024 16:13;06/05/2024 16:14;06/05/2024 16:14;Soporte de Desktop;closed successful;3 normal;christian.chuquispum;Nestle;SOPORTE DE APLICATIVOS;40;;;0;0;;0;0;;0;;;;;0;;0;;0;;;0;0;;0;;;;;06/05/2024 16:14;unlock;closed;0;1683389654;0;0;0;0;2;;
44;2024050828000020;59 d 1 h;REINSTALACIÓN  RETAIL X;08/05/2024 20:30;19/06/2024 17:55;19/06/2024 17:55;Soporte de Celulares;closed successful;3 normal;abel.ccellccascca@visualimpact.com.pe;abel.ccellccascca@visualimpact.com.pe;Unclassified;10;;;0;0;;0;0;;0;;;;;0;;0;;0;;;23244;0;;0;;;;;19/06/2024 17:54;unlock;closed;0;1687197302;0;0;0;0;2;;
45;2024051028000010;57 d 20 h;SOPORTE FALLAS MICRO DE LAPTOP;10/05/2024 02:03;02/06/2024 21:23;02/06/2024 21:23;Soporte de Desktop;closed successful;3 normal;alicia.siles@visualimpact.com.pe;alicia.siles@visualimpact.com.pe;Unclassified;10;;;0;0;;0;0;;0;;;;;0;;0;;0;;;14040;0;;0;;;;;02/06/2024 21:22;unlock;closed;0;1685740985;0;0;0;0;3;;
46;2024051028000020;57 d 8 h;RE: ERROR INGRESO CARPETA COMPARTIDA ALMACEN SAN LUIS;10/05/2024 14:15;10/05/2024 16:46;10/05/2024 16:46;Soporte de Desktop;closed successful;3 normal;jose.castillo;Logistica;SOPORTE S.O.;10;;;0;0;;0;0;;0;;;;;0;;0;;0;;;150;0;;0;;;;;10/05/2024 16:46;unlock;closed;0;1683737188;0;0;0;0;4;;
47;2024051028000030;57 d 8 h;USUARIO BLOQUEADO;10/05/2024 14:21;10/05/2024 14:21;10/05/2024 14:21;Soporte de Celulares;closed successful;3 normal;nestle.canjes;Nestle;SOPORTE DE EQUIPOS MOVILES;10;;;0;0;;0;0;;0;;;;;0;;0;;0;;;0;0;;0;;;;;;unlock;closed;0;0;0;0;0;0;1;;
48;2024051028000040;57 d 5 h;RE: VISUAL IMPACT SAC - REQUERIMIENTO FINALIZADO;10/05/2024 16:33;10/05/2024 16:45;10/05/2024 16:45;Soporte de Desktop;closed successful;3 normal;luis.salazar;Nestle;SOPORTE DE CREDENCIALES;10;;;0;0;;0;0;;0;;;;;0;;0;;0;;;12;0;;0;;;;;10/05/2024 16:45;unlock;closed;0;1683737135;0;0;0;0;2;;
49;2024051028000050;57 d 4 h;CREAR SALA ZOOM - P&G | VISUAL SUR Y NORTE;10/05/2024 17:39;05/07/2024 23:57;10/05/2024 20:06;Soporte de Desktop;open;3 normal;luis.prieto@visualimpact.com.pe;luis.prieto@visualimpact.com.pe;Unclassified;0;;;0;0;10/05/2024 20:06;0;0;;0;;;;;0;;0;;0;;;147;0;;0;;;;;10/05/2024 20:00;lock;open;0;1688601444;0;0;0;0;3;;
50;2024051028000060;57 d 0 h;problemas para abrir documentos de outlook;10/05/2024 21:39;10/05/2024 21:39;10/05/2024 21:39;Soporte de Desktop;closed successful;3 normal;sara.mendoza;P&G;SOPORTE MAIL;15;;;0;0;;0;0;;0;;;;;0;;0;;0;;;0;0;;0;;;;;10/05/2024 21:39;unlock;closed;0;1683754753;0;0;0;0;2;;
51;2024051028000070;57 d 0 h;RE: Creación correo administración usuarios Retail X HFS;10/05/2024 22:18;10/05/2024 22:18;;Soporte de Celulares;new;3 normal;jahaira.paredes;Sistemas;Unclassified;0;;;0;0;;0;0;;0;;;;;0;;0;;0;;;0;0;;0;;;;;;unlock;new;0;0;0;0;0;0;1;;
52;2024051128000010;56 d 7 h;REQUERIMIENTO DE USUARIO Y CONTRASEÑA;11/05/2024 14:39;28/06/2024 15:14;28/06/2024 15:14;Soporte de Desktop;closed successful;3 normal;roberto.saenz;Nestle;SOPORTE DE CREDENCIALES;10;;;0;0;;0;0;;0;;;;;0;;0;;0;;;26555;0;;0;;;;;28/06/2024 15:14;unlock;closed;0;1687965266;0;0;0;0;3;;
53;2024051228000010;55 d 7 h;Problemas con el inicio de sesión -laptop;12/05/2024 14:51;28/06/2024 15:20;28/06/2024 15:20;Soporte de Desktop;closed successful;3 normal;margarita.bailon;Operaciones;SOPORTE S.O.;20;;;0;0;;0;0;;0;;;;;0;;0;;0;;;25768;0;;0;;;;;28/06/2024 15:19;unlock;closed;0;1687965607;0;0;0;0;2;;
54;2024051228000020;55 d 6 h;Recuperación de archivos en Drive y correo de cuenta eliminada;12/05/2024 16:10;12/05/2024 16:10;12/05/2024 16:10;Soporte de Desktop;closed successful;3 normal;jessica.vasquez;Nestle;SOPORTE MAIL;45;;;0;0;;0;0;;0;;;;;0;;0;;0;;;0;0;;0;;;;;12/05/2024 16:10;unlock;closed;0;1683907845;0;0;0;0;1;;
55;2024051228000030;55 d 5 h;Sala Zoom;12/05/2024 16:30;12/05/2024 21:17;12/05/2024 21:17;Soporte de Desktop;closed successful;3 normal;walter.becerra;P&G;Unclassified;0;;;0;0;12/05/2024 21:17;0;0;;0;;;;;0;;0;;0;;;269;0;;0;;;;;12/05/2024 21:16;unlock;closed;0;1683926222;0;0;0;0;2;;
56;2024051228000040;55 d 3 h;Reestablecimiento Usuario Intranet;12/05/2024 18:48;12/05/2024 21:39;12/05/2024 21:39;Soporte de Desktop;closed successful;3 normal;teo.trujillo;P&G;SOPORTE DE CREDENCIALES;10;;;0;0;12/05/2024 21:39;0;0;;0;;;;;0;;0;;0;;;131;0;;0;;;;;12/05/2024 21:38;unlock;closed;0;1683927542;0;0;0;0;2;;
57;2024051228000050;55 d 1 h;REGULARIZACION DE CARGOS DE ENTREGAS DE EQUIPOS MOVILES / ASIGNACION DE EQUIPO PARA LA GTM NUEVA;12/05/2024 20:48;19/06/2024 17:50;19/06/2024 17:50;Soporte de Celulares;closed successful;3 normal;jonathan.rojas;P&G;Unclassified;10;;;0;0;;0;0;;0;;;;;0;;0;;0;;;20102;0;;0;;;;;19/06/2024 17:50;unlock;closed;0;1687197037;0;0;0;0;2;;
58;2024051228000060;55 d 1 h;USUARIO BLOQUEADO;12/05/2024 21:10;12/05/2024 21:10;12/05/2024 21:10;Soporte de Celulares;closed successful;3 normal;nestle.canjes;Nestle;SOPORTE DE EQUIPOS MOVILES;10;;;0;0;;0;0;;0;;;;;0;;0;;0;;;0;0;;0;;;;;;unlock;closed;0;0;0;0;0;0;1;;
59;2024051228000070;55 d 1 h;USUARIO BLOQUEADO;12/05/2024 21:10;12/05/2024 21:11;12/05/2024 21:10;Soporte de Celulares;closed successful;3 normal;nestle.canjes;Nestle;SOPORTE DE EQUIPOS MOVILES;10;;;0;0;;0;0;;0;;;;;0;;0;;0;;;0;0;;0;;;;;;unlock;closed;0;0;0;0;0;0;1;;
60;2024051228000080;55 d 1 h;ERROR AL INTENTAR SINCRONIZAR VERIFIQUE SU CONEXION DE INTERNET;12/05/2024 21:15;12/05/2024 21:15;12/05/2024 21:15;Soporte de Celulares;closed successful;3 normal;distribuidora.vega;P&G;SOPORTE DE EQUIPOS MOVILES;10;;;0;0;;0;0;;0;;;;;0;;0;;0;;;0;0;;0;;;;;;unlock;closed;0;0;0;0;0;0;1;;
61;2024051228000090;55 d 0 h;RE: PERSONAL NUEVO;12/05/2024 21:36;12/05/2024 21:39;12/05/2024 21:39;Soporte de Desktop;closed successful;3 normal;lizbeth.perez;Nestle;SOPORTE DE CREDENCIALES;10;;;0;0;;0;0;;0;;;;;0;;0;;0;;;0;0;;0;;;;;12/05/2024 21:39;unlock;closed;0;1683927593;0;0;0;0;2;;
62;2024051228000100;55 d 0 h;SOPORTE CELULAR IMPULSO CONVENIENCIA;12/05/2024 22:06;12/05/2024 22:06;;Soporte de Celulares;new;3 normal;miguel.huapaya;Nestle;Unclassified;0;;;0;0;;0;0;;0;;;;;0;;0;;0;;;0;0;;0;;;;;;unlock;new;0;0;0;0;0;0;1;;
63;2024051528000010;52 d 8 h;RE: Usuario bloqueado;15/05/2024 14:24;15/05/2024 16:43;15/05/2024 16:43;Soporte de Desktop;closed successful;3 normal;walter.becerra;P&G;Unclassified;5;;;0;0;;0;0;;0;;;;;0;;0;;0;;;139;0;;0;;;;;15/05/2024 16:43;unlock;closed;0;1684169006;0;0;0;0;4;;
64;2024051528000020;52 d 5 h;Problema VPN;15/05/2024 17:13;15/05/2024 17:13;15/05/2024 17:13;Soporte de Desktop;closed successful;3 normal;christian.chuquispum;Nestle;SOPORTE S.O.;10;;;0;0;;0;0;;0;;;;;0;;0;;0;;;0;0;;0;;;;;15/05/2024 17:13;unlock;closed;0;1684170818;0;0;0;0;1;;
65;2024051528000030;52 d 4 h;no puedo iniciar outlook;15/05/2024 17:41;15/05/2024 17:41;15/05/2024 17:41;Soporte de Desktop;closed successful;3 normal;marisela.gonzales;;SOPORTE MAIL;10;;;0;0;;0;0;;0;;;;;0;;0;;0;;;0;0;;0;;;;;15/05/2024 17:41;unlock;closed;0;1684172474;0;0;0;0;1;;
66;2024051528000040;52 d 4 h;PROBLEMAS CON EL INGRESO DEL APLICATIVO 0.027;15/05/2024 18:13;15/05/2024 18:13;15/05/2024 18:13;Soporte de Celulares;closed successful;3 normal;nestle.canjes;Nestle;SOPORTE DE EQUIPOS MOVILES;6;;;0;0;;0;0;;0;;;;;0;;0;;0;;;0;0;;0;;;;;;unlock;closed;0;0;0;0;0;0;1;;
67;2024051528000050;52 d 4 h;ERROR AL INTENTAR  SINCRONIZAR VERIFIQUE SU CONEXION A INTERNET;15/05/2024 18:18;15/05/2024 18:18;15/05/2024 18:18;Soporte de Celulares;closed successful;3 normal;distribuidora.vega;P&G;SOPORTE DE EQUIPOS MOVILES;20;;;0;0;;0;0;;0;;;;;0;;0;;0;;;0;0;;0;;;;;;unlock;closed;0;0;0;0;0;0;1;;
70;2024051528000080;52 d 4 h;USUARIO BLOQUEADO;15/05/2024 18:22;15/05/2024 18:22;15/05/2024 18:22;Soporte de Celulares;closed successful;3 normal;nestle.canjes;Nestle;SOPORTE DE EQUIPOS MOVILES;10;;;0;0;;0;0;;0;;;;;0;;0;;0;;;0;0;;0;;;;;;unlock;closed;0;0;0;0;0;0;1;;
71;2024051528000090;52 d 2 h;Inconveniente registro de encuesta;15/05/2024 19:30;19/06/2024 17:33;19/06/2024 17:33;Soporte de Celulares;closed successful;3 normal;sara.mendoza;P&G;Unclassified;5;;;0;0;;0;0;;0;;;;;0;;0;;0;;;19382;0;;0;;;;;19/06/2024 17:32;unlock;closed;0;1687195991;0;0;0;0;8;;
72;2024051628000010;51 d 4 h;REINSTALACION DE RETAILX;16/05/2024 17:48;19/06/2024 17:32;19/06/2024 17:32;Soporte de Celulares;closed successful;3 normal;gabriela.ore;P&G;Unclassified;10;;;0;0;;0;0;;0;;;;;0;;0;;0;;;18704;0;;0;;;;;19/06/2024 17:32;unlock;closed;0;1687195956;0;0;0;0;2;;
73;2024051628000020;51 d 4 h;Actualización de Power BI desktop;16/05/2024 18:02;16/05/2024 18:02;16/05/2024 18:02;Soporte de Desktop;closed successful;3 normal;bryan.burga;Nestle;SOPORTE S.O.;15;;;0;0;;0;0;;0;;;;;0;;0;;0;;;0;0;;0;;;;;16/05/2024 18:02;unlock;closed;0;1684260147;0;0;0;0;1;;
74;2024051628000030;51 d 0 h;bateria de laptop no reconoce;16/05/2024 22:25;16/05/2024 22:25;16/05/2024 22:25;Soporte de Desktop;closed successful;3 normal;teo.trujillo;P&G;SOPORTE DE HARWARE;40;;;0;0;;0;0;;0;;;;;0;;0;;0;;;0;0;;0;;;;;16/05/2024 22:25;unlock;closed;0;1684275919;0;0;0;0;1;;
75;2024051628000040;51 d 0 h;Laptop parpadea;16/05/2024 22:27;16/05/2024 22:27;16/05/2024 22:27;Soporte de Desktop;closed successful;3 normal;margarita.bailon;Operaciones;SOPORTE DE HARWARE;90;;;0;0;;0;0;;0;;;;;0;;0;;0;;;0;0;;0;;;;;16/05/2024 22:27;unlock;closed;0;1684276069;0;0;0;0;1;;
76;2024051628000050;50 d 23 h;Problema de pantalla;16/05/2024 22:30;22/05/2024 15:15;16/05/2024 22:30;Soporte de Desktop;closed successful;3 normal;warrens.flores;Ajeper;SOPORTE DE HARWARE;75;;;0;0;22/05/2024 15:15;0;0;;0;;;;;0;;0;;0;;;0;0;;0;;;;;16/05/2024 22:30;unlock;closed;0;1684768524;0;0;0;0;2;;
77;2024051628000060;50 d 23 h;Sesión temporal de windows;16/05/2024 23:07;16/05/2024 23:07;16/05/2024 23:07;Soporte de Desktop;closed successful;3 normal;cristihan.rivera;P&G;SOPORTE S.O.;150;;;0;0;;0;0;;0;;;;;0;;0;;0;;;0;0;;0;;;;;16/05/2024 23:07;unlock;closed;0;1684278428;0;0;0;0;1;;
78;2024051728000010;50 d 8 h;Reestablecimiento Clave Web Boletas;17/05/2024 14:06;17/05/2024 14:45;17/05/2024 14:45;Soporte de Desktop;closed successful;3 normal;teo.trujillo;P&G;Unclassified;8;;;0;0;17/05/2024 14:45;0;0;;0;;;;;0;;0;;0;;;38;0;;0;;;;;17/05/2024 14:43;unlock;closed;0;1684334707;0;0;0;0;2;;
79;2024051728000020;50 d 8 h;Reestablecimiento Clave Intranet;17/05/2024 14:09;17/05/2024 14:41;17/05/2024 14:41;Soporte de Desktop;closed successful;3 normal;teo.trujillo;P&G;Unclassified;5;;;0;0;17/05/2024 14:41;0;0;;0;;;;;0;;0;;0;;;32;0;;0;;;;;17/05/2024 14:40;unlock;closed;0;1684334476;0;0;0;0;2;;
80;2024051728000030;50 d 6 h;SOPORTE LAPTOP;17/05/2024 16:15;17/05/2024 16:27;17/05/2024 16:27;Soporte de Desktop;closed successful;3 normal;miguel.huapaya;Nestle;Unclassified;10;;;0;0;17/05/2024 16:27;0;0;;0;;;;;0;;0;;0;;;11;0;;0;;;;;17/05/2024 16:26;unlock;closed;0;1684340832;0;0;0;0;2;;
81;2024051728000040;50 d 3 h;Laptop no carga;17/05/2024 19:07;17/05/2024 19:07;17/05/2024 19:07;Soporte de Desktop;closed successful;3 normal;tamar.roque;Operaciones;SOPORTE DE HARWARE;150;;;0;0;;0;0;;0;;;;;0;;0;;0;;;0;0;;0;;;;;17/05/2024 19:07;unlock;closed;0;1684350423;0;0;0;0;1;;
82;2024051728000050;50 d 3 h;problema con entrada de cargador;17/05/2024 19:09;17/05/2024 19:09;17/05/2024 19:09;Soporte de Desktop;closed successful;3 normal;carol.silva;RRHH;SOPORTE DE HARWARE;45;;;0;0;;0;0;;0;;;;;0;;0;;0;;;0;0;;0;;;;;17/05/2024 19:09;unlock;closed;0;1684350584;0;0;0;0;1;;
83;2024051728000060;50 d 2 h;ERROR DE CARGA DE INFORMACION;17/05/2024 19:42;17/05/2024 19:42;17/05/2024 19:42;Soporte de Celulares;closed successful;3 normal;distribuidora.sanjua;P&G;SOPORTE DE EQUIPOS MOVILES;14;;;0;0;;0;0;;0;;;;;0;;0;;0;;;0;0;;0;;;;;;unlock;closed;0;0;0;0;0;0;1;;
84;2024051728000070;50 d 2 h;ayudar a instalar al aplicativo 0.074;17/05/2024 19:45;17/05/2024 19:45;17/05/2024 19:45;Soporte de Celulares;closed successful;3 normal;nestle.canjes;Nestle;SOPORTE DE EQUIPOS MOVILES;10;;;0;0;;0;0;;0;;;;;0;;0;;0;;;0;0;;0;;;;;;unlock;closed;0;0;0;0;0;0;1;;
85;2024051728000080;50 d 1 h;Solicitud: Reinstalación  de RetailX;17/05/2024 20:36;19/06/2024 17:31;19/06/2024 17:31;Soporte de Celulares;closed successful;3 normal;kevin.cisneros;P&G;Unclassified;1;;;0;0;;0;0;;0;;;;;0;;0;;0;;;17755;0;;0;;;;;19/06/2024 17:31;unlock;closed;0;1687195915;0;0;0;0;2;;
86;2024051728000090;50 d 1 h;Solicitud: Reinstalación  de RetailX;17/05/2024 20:36;19/06/2024 17:31;19/06/2024 17:31;Soporte de Celulares;closed successful;3 normal;kevin.cisneros;P&G;Unclassified;10;;;0;0;;0;0;;0;;;;;0;;0;;0;;;17755;0;;0;;;;;19/06/2024 17:31;unlock;closed;0;1687195888;0;0;0;0;2;;
87;2024051728000100;50 d 1 h;RE: Solicitud: Reinstalación  de RetailX;17/05/2024 21:24;19/06/2024 17:46;19/06/2024 17:46;Soporte de Celulares;closed successful;3 normal;jahaira.paredes;Sistemas;Unclassified;10;;;0;0;;0;0;;0;;;;;0;;0;;0;;;17746;0;;0;;;;;19/06/2024 17:45;unlock;closed;0;1687196764;0;0;0;0;2;;
88;2024051728000110;50 d 1 h;RE: Solicitud: Reinstalación  de RetailX;17/05/2024 21:24;19/06/2024 17:30;19/06/2024 17:30;Soporte de Celulares;closed successful;3 normal;jahaira.paredes;Sistemas;Unclassified;10;;;0;0;;0;0;;0;;;;;0;;0;;0;;;17730;0;;0;;;;;19/06/2024 17:29;unlock;closed;0;1687195806;0;0;0;0;2;;
89;2024051728000120;50 d 1 h;Usuario bloqueado.;17/05/2024 21:27;23/05/2024 20:23;17/05/2024 21:55;Soporte de Desktop;closed successful;3 normal;walter.becerra;P&G;SOPORTE DE CREDENCIALES;7;;;0;0;17/05/2024 21:55;0;0;;0;;;;;0;;0;;0;;;0;0;;0;;;;;17/05/2024 21:53;unlock;closed;0;1684360500;0;0;0;0;2;;
90;2024051828000010;49 d 8 h;"VARGAS MEJIA,GERALDINA PAOLA	- INGRESA APP";18/05/2024 14:24;18/05/2024 14:24;;Soporte de Celulares;open;3 normal;nestle.arequipa;Nestle;SOPORTE DE APLICATIVOS;0;;;0;0;;0;0;;0;;;;;0;;0;;0;;;0;0;;0;;;;;;unlock;open;0;0;0;0;0;0;1;;
91;2024051828000020;49 d 7 h;"CASTRO PEREZ,ESMERALDA JUDITH	ACTUALIZACION DE PERFIL";18/05/2024 14:39;18/05/2024 14:39;;Soporte de Celulares;open;3 normal;ajeper.lima;Ajeper;SOPORTE MDM;0;;;0;0;;0;0;;0;;;;;0;;0;;0;;;0;0;;0;;;;;;unlock;open;0;0;0;0;0;0;1;;
92;2024051828000030;49 d 6 h;no puedo conectar BD al power bi;18/05/2024 15:54;18/05/2024 15:54;18/05/2024 15:54;Soporte de Desktop;closed successful;3 normal;christian.chuquispum;Nestle;SOPORTE S.O.;10;;;0;0;;0;0;;0;;;;;0;;0;;0;;;0;0;;0;;;;;18/05/2024 15:54;unlock;closed;0;1684425294;0;0;0;0;1;;
93;2024051828000040;49 d 3 h;INTRANET;18/05/2024 18:48;19/06/2024 17:54;19/06/2024 17:54;Soporte de Celulares;closed successful;3 normal;abel.ccellccascca@visualimpact.com.pe;abel.ccellccascca@visualimpact.com.pe;Unclassified;1;;;0;0;;0;0;;0;;;;;0;;0;;0;;;17106;0;;0;;;;;19/06/2024 17:54;unlock;closed;0;1687197284;0;0;0;0;2;;
94;2024051828000050;49 d 3 h;INTRANET;18/05/2024 18:48;28/06/2024 15:25;28/06/2024 15:25;Soporte de Desktop;closed unsuccessful;3 normal;abel.ccellccascca@visualimpact.com.pe;abel.ccellccascca@visualimpact.com.pe;Unclassified;0;;;0;0;18/05/2024 19:34;0;0;;0;;;;;0;;0;;0;;;22416;0;;0;;;;;18/05/2024 19:33;unlock;closed;0;1687965912;0;0;0;0;4;;
95;2024051828000060;49 d 0 h;Usuario Bloqueado;18/05/2024 22:00;18/05/2024 22:00;18/05/2024 22:00;Soporte de Celulares;closed successful;3 normal;nestle.arequipa;Nestle;SOPORTE DE EQUIPOS MOVILES;10;;;0;0;;0;0;;0;;;;;0;;0;;0;;;0;0;;0;;;;;;unlock;closed;0;0;0;0;0;0;1;;
96;2024051828000070;49 d 0 h;Usuario Bloqueado;18/05/2024 22:03;18/05/2024 22:03;18/05/2024 22:03;Soporte de Celulares;closed successful;3 normal;nestle.canjes;Nestle;SOPORTE DE EQUIPOS MOVILES;0;;;0;0;;0;0;;0;;;;;0;;0;;0;;;0;0;;0;;;;;;unlock;closed;0;0;0;0;0;0;1;;
97;2024051828000080;48 d 22 h;Fwd: ACCESO AL INTRANET / SPOC.;18/05/2024 23:45;18/05/2024 23:45;;Soporte de Celulares;new;3 normal;wendy.salazar;P&G;Unclassified;0;;;0;0;;0;0;;0;;;;;0;;0;;0;;;0;0;;0;;;;;;unlock;new;0;0;0;0;0;0;1;;
98;2024051828000090;48 d 22 h;Fwd: ACCESO AL INTRANET / SPOC.;18/05/2024 23:45;23/05/2024 20:22;19/05/2024 15:59;Soporte de Desktop;closed successful;3 normal;wendy.salazar;P&G;SOPORTE DE CREDENCIALES;5;;;0;0;19/05/2024 13:29;0;0;;0;;;;;0;;0;;0;;;479;0;;0;;;;;19/05/2024 13:28;unlock;closed;0;1684511990;0;0;0;0;4;;
99;2024051928000010;48 d 6 h;Correo bloqueado;19/05/2024 15:29;19/05/2024 15:29;19/05/2024 15:29;Soporte de Desktop;closed successful;3 normal;carmen.tubilla;;SOPORTE MAIL;15;;;0;0;;0;0;;0;;;;;0;;0;;0;;;0;0;;0;;;;;19/05/2024 15:29;unlock;closed;0;1684510197;0;0;0;0;1;;
100;2024051928000020;48 d 6 h;Pagina Purina no carga contingencia;19/05/2024 15:31;19/05/2024 15:31;19/05/2024 15:31;Soporte de Desktop;closed successful;3 normal;miguel.huapaya;Nestle;SOPORTE DE INTRANET;10;;;0;0;;0;0;;0;;;;;0;;0;;0;;;0;0;;0;;;;;19/05/2024 15:31;unlock;closed;0;1684510298;0;0;0;0;1;;
101;2024051928000030;48 d 6 h;Perfil dañado;19/05/2024 15:33;19/05/2024 15:33;19/05/2024 15:33;Soporte de Desktop;closed successful;3 normal;cristihan.rivera;P&G;SOPORTE S.O.;240;;;0;0;;0;0;;0;;;;;0;;0;;0;;;0;0;;0;;;;;19/05/2024 15:33;unlock;closed;0;1684510393;0;0;0;0;1;;
102;2024051928000040;48 d 1 h;PROBLEMAS QUE SE SALE  DEL APLICATIVO;19/05/2024 20:42;19/05/2024 20:42;19/05/2024 20:42;Soporte de Celulares;closed successful;3 normal;nestle.canjes;Nestle;SOPORTE DE EQUIPOS MOVILES;15;;;0;0;;0;0;;0;;;;;0;;0;;0;;;0;0;;0;;;;;;unlock;closed;0;0;0;0;0;0;1;;
103;2024051928000050;48 d 1 h;ERROR AL INTENTAR SINCRONIZAR VERIFIQUE SU CONEXION DE INTERNET;19/05/2024 20:43;19/05/2024 20:43;19/05/2024 20:43;Soporte de Celulares;closed successful;3 normal;nestle.canjes;Nestle;SOPORTE DE EQUIPOS MOVILES;15;;;0;0;;0;0;;0;;;;;0;;0;;0;;;0;0;;0;;;;;;unlock;closed;0;0;0;0;0;0;1;;
104;2024051928000060;48 d 1 h;USUARIO BLOQUEADO;19/05/2024 20:45;19/05/2024 20:45;19/05/2024 20:45;Soporte de Celulares;closed successful;3 normal;nestle.canjes;Nestle;SOPORTE DE EQUIPOS MOVILES;15;;;0;0;;0;0;;0;;;;;0;;0;;0;;;0;0;;0;;;;;;unlock;closed;0;0;0;0;0;0;1;;
105;2024051928000070;48 d 1 h;USUARIO BLOQUEADO;19/05/2024 20:46;19/05/2024 20:46;19/05/2024 20:46;Soporte de Celulares;closed successful;3 normal;nestle.canjes;Nestle;SOPORTE DE EQUIPOS MOVILES;15;;;0;0;;0;0;;0;;;;;0;;0;;0;;;0;0;;0;;;;;;unlock;closed;0;0;0;0;0;0;1;;
106;2024052028000010;47 d 4 h;DESBLOQUEAR USUARIO PLANILLAS;20/05/2024 18:21;23/05/2024 20:22;22/05/2024 21:15;Soporte de Desktop;closed successful;3 normal;luis.prieto@visualimpact.com.pe;luis.prieto@visualimpact.com.pe;SOPORTE DE CREDENCIALES;5;;;0;0;20/05/2024 18:41;0;0;;0;;;;;0;;0;;0;;;780;0;;0;;;;;20/05/2024 18:32;unlock;closed;0;1684790675;0;0;0;0;5;;
107;2024052228000010;45 d 6 h;usuario bloqueado;22/05/2024 16:12;22/05/2024 16:38;22/05/2024 16:38;Soporte de Desktop;closed successful;3 normal;walter.becerra;P&G;SOPORTE DE CREDENCIALES;5;;;0;0;22/05/2024 16:38;0;0;;0;;;;;0;;0;;0;;;26;0;;0;;;;;22/05/2024 16:38;unlock;closed;0;1684773517;0;0;0;0;2;;
108;2024052228000020;45 d 5 h;PROBLEMAS DE ACCESO CON VPN;22/05/2024 16:39;22/05/2024 16:40;22/05/2024 16:40;Soporte de Desktop;closed successful;3 normal;judith.aguado;Finanzas;SOPORTE DE APLICATIVOS;15;;;0;0;;0;0;;0;;;;;0;;0;;0;;;0;0;;0;;;;;22/05/2024 16:40;unlock;closed;0;1684773620;0;0;0;0;2;;
109;2024052228000030;45 d 5 h;Creación de firma automatica;22/05/2024 16:48;22/05/2024 16:48;22/05/2024 16:48;Soporte de Desktop;closed successful;3 normal;juanpablo.chau;VISUAL IMPACT GG;SOPORTE MAIL;15;;;0;0;;0;0;;0;;;;;0;;0;;0;;;0;0;;0;;;;;22/05/2024 16:48;unlock;closed;0;1684774115;0;0;0;0;1;;
110;2024052228000040;45 d 4 h;RE: Instalación Retail X | GTM Yurema Ampuero (Cusco);22/05/2024 18:00;22/05/2024 18:00;;Soporte de Celulares;new;3 normal;jahaira.paredes;Sistemas;Unclassified;0;;;0;0;;0;0;;0;;;;;0;;0;;0;;;0;0;;0;;;;;;unlock;new;0;0;0;0;0;0;1;;
111;2024052228000050;45 d 3 h;USUARIO BLOQUEADO;22/05/2024 18:36;22/05/2024 18:36;22/05/2024 18:36;Soporte de Celulares;closed successful;3 normal;nestle.canjes;Nestle;SOPORTE DE EQUIPOS MOVILES;0;;;0;0;;0;0;;0;;;;;0;;0;;0;;;0;0;;0;;;;;;unlock;closed;0;0;0;0;0;0;1;;
112;2024052228000060;45 d 3 h;USUARIO BLOQUEADO;22/05/2024 18:38;22/05/2024 18:38;22/05/2024 18:38;Soporte de Celulares;closed successful;3 normal;distribuidora.moran;P&G;SOPORTE DE EQUIPOS MOVILES;10;;;0;0;;0;0;;0;;;;;0;;0;;0;;;0;0;;0;;;;;;unlock;closed;0;0;0;0;0;0;1;;
113;2024052228000070;45 d 1 h;Problemas con inicio windows;22/05/2024 21:14;22/05/2024 21:14;22/05/2024 21:14;Soporte de Desktop;closed successful;3 normal;flavio.rischmoller;;SOPORTE S.O.;15;;;0;0;;0;0;;0;;;;;0;;0;;0;;;0;0;;0;;;;;22/05/2024 21:14;unlock;closed;0;1684790093;0;0;0;0;1;;
114;2024052228000080;45 d 0 h;Solicitud reinstalación Retail X;22/05/2024 21:54;25/05/2024 17:15;;Soporte de Celulares;merged;3 normal;daniel.tucto@visualimpact.com.pe;daniel.tucto@visualimpact.com.pe;Unclassified;0;;;0;0;25/05/2024 17:15;0;0;;0;;;;;0;;0;;0;;;0;0;;0;;;;;25/05/2024 17:15;unlock;merged;0;1685034951;0;0;0;0;1;;
115;2024052228000090;45 d 0 h;Solicitud reinstalación Retail X;22/05/2024 21:54;25/05/2024 17:15;;Soporte de Celulares;new;3 normal;daniel.tucto@visualimpact.com.pe;daniel.tucto@visualimpact.com.pe;Unclassified;0;;;0;0;;0;0;;0;;;;;0;;0;;0;;;0;0;;0;;;;;;unlock;new;0;0;0;0;0;0;2;;
116;2024052328000010;44 d 8 h;Reestablecimiento Clave Intranet;23/05/2024 13:57;23/05/2024 20:22;23/05/2024 15:29;Soporte de Desktop;closed successful;3 normal;teo.trujillo;P&G;SOPORTE DE CREDENCIALES;5;;;0;0;23/05/2024 15:29;0;0;;0;;;;;0;;0;;0;;;92;0;;0;;;;;23/05/2024 15:29;unlock;closed;0;1684855775;0;0;0;0;2;;
117;2024052328000020;44 d 2 h;Outlook no sincroniza;23/05/2024 19:40;23/05/2024 19:40;23/05/2024 19:40;Soporte de Desktop;closed successful;3 normal;jheysson.araujo;;SOPORTE MAIL;10;;;0;0;;0;0;;0;;;;;0;;0;;0;;;0;0;;0;;;;;;unlock;closed;0;0;0;0;0;0;1;;
118;2024052328000030;44 d 1 h;Actualización de Versión PowerBI - Analistas Purina;23/05/2024 20:33;25/05/2024 17:13;25/05/2024 17:13;Soporte de Desktop;closed successful;3 normal;arnaldo.alayza;Nestle;SOPORTE DE APLICATIVOS;40;;;0;0;;0;0;;0;;;;;0;;0;;0;;;1360;0;;0;;;;;25/05/2024 17:09;unlock;closed;0;1685034832;0;0;0;0;4;;
119;2024052328000040;44 d 1 h;Problemas con el aplicativo;23/05/2024 21:23;23/05/2024 21:23;23/05/2024 21:23;Soporte de Celulares;closed successful;3 normal;nestle.canjes;Nestle;SOPORTE DE EQUIPOS MOVILES;15;;;0;0;;0;0;;0;;;;;0;;0;;0;;;0;0;;0;;;;;;unlock;closed;0;0;0;0;0;0;1;;
120;2024052328000050;44 d 1 h;Usuario Bloqueado;23/05/2024 21:24;23/05/2024 21:24;23/05/2024 21:24;Soporte de Celulares;closed successful;3 normal;nestle.canjes;Nestle;SOPORTE DE EQUIPOS MOVILES;10;;;0;0;;0;0;;0;;;;;0;;0;;0;;;0;0;;0;;;;;;unlock;closed;0;0;0;0;0;0;1;;
121;2024052328000060;44 d 1 h;Problemas con el aplicativo;23/05/2024 21:26;23/05/2024 21:26;23/05/2024 21:26;Soporte de Celulares;closed successful;3 normal;nestle.canjes;Nestle;SOPORTE DE EQUIPOS MOVILES;10;;;0;0;;0;0;;0;;;;;0;;0;;0;;;0;0;;0;;;;;;unlock;closed;0;0;0;0;0;0;1;;
122;2024052328000070;44 d 1 h;Usuario Bloqueado;23/05/2024 21:26;23/05/2024 21:26;23/05/2024 21:26;Soporte de Celulares;closed successful;3 normal;nestle.canjes;Nestle;SOPORTE DE EQUIPOS MOVILES;10;;;0;0;;0;0;;0;;;;;0;;0;;0;;;0;0;;0;;;;;;unlock;closed;0;0;0;0;0;0;1;;
123;2024052428000010;43 d 8 h;Revisar equipo Móvil;24/05/2024 14:21;25/05/2024 17:09;;Soporte de Celulares;new;3 normal;marlon.espejo;P&G;Unclassified;0;;;0;0;;0;0;;0;;;;;0;;0;;0;;;0;0;;0;;;;;;unlock;new;0;0;0;0;0;0;1;;
124;2024052428000020;43 d 7 h;SOPORTE CELULARES ANALISTAS;24/05/2024 14:45;25/05/2024 17:54;;Soporte de Celulares;new;3 normal;miguel.huapaya;Nestle;Unclassified;0;;;0;0;;0;0;;0;;;;;0;;0;;0;;;0;0;;0;;;;;;unlock;new;0;0;0;0;0;0;2;;
125;2024052428000030;43 d 3 h;USUARIO BLOQUEADO;24/05/2024 19:23;24/05/2024 19:23;24/05/2024 19:23;Soporte de Celulares;closed successful;3 normal;nestle.canjes;Nestle;SOPORTE DE EQUIPOS MOVILES;10;;;0;0;;0;0;;0;;;;;0;;0;;0;;;0;0;;0;;;;;;unlock;closed;0;0;0;0;0;0;1;;
126;2024052428000040;43 d 3 h;ERROR AL INTENTAR  SINCRONIZAR EN EL APLICATIVO;24/05/2024 19:27;24/05/2024 19:27;24/05/2024 19:27;Soporte de Celulares;closed successful;3 normal;distribuidora.dijisa;P&G;SOPORTE DE EQUIPOS MOVILES;20;;;0;0;;0;0;;0;;;;;0;;0;;0;;;0;0;;0;;;;;;unlock;closed;0;0;0;0;0;0;1;;
127;2024052428000050;43 d 2 h;USUARIO BLOQUEADO;24/05/2024 19:32;24/05/2024 19:32;24/05/2024 19:32;Soporte de Celulares;closed successful;3 normal;nestle.canjes;Nestle;SOPORTE DE EQUIPOS MOVILES;10;;;0;0;;0;0;;0;;;;;0;;0;;0;;;0;0;;0;;;;;;unlock;closed;0;0;0;0;0;0;1;;
128;2024052428000060;43 d 2 h;USUARIO BLOQUEADO;24/05/2024 19:40;24/05/2024 19:40;24/05/2024 19:40;Soporte de Celulares;closed successful;3 normal;nestle.canjes;Nestle;SOPORTE DE EQUIPOS MOVILES;10;;;0;0;;0;0;;0;;;;;0;;0;;0;;;0;0;;0;;;;;;unlock;closed;0;0;0;0;0;0;1;;
129;2024052528000010;42 d 7 h;NO INGRESA EL APLICATIVO (IMPACTTRADE);25/05/2024 15:27;25/05/2024 15:27;;Soporte de Celulares;new;3 normal;jesualdo.pacheco;P&G;Unclassified;0;;;0;0;;0;0;;0;;;;;0;;0;;0;;;0;0;;0;;;;;;unlock;new;0;0;0;0;0;0;1;;
130;2024052528000020;42 d 7 h;NO INGRESA EL APLICATIVO (IMPACTTRADE);25/05/2024 15:27;25/05/2024 17:09;;Soporte de Celulares;new;3 normal;jesualdo.pacheco;P&G;Unclassified;0;;;0;0;;0;0;;0;;;;;0;;0;;0;;;0;0;;0;;;;;;unlock;new;0;0;0;0;0;0;1;;
131;2024052528000030;42 d 5 h;RE: INSTALACION DEL NUEVO APLICATIVO;25/05/2024 17:06;25/05/2024 17:14;;Soporte de Celulares;new;3 normal;jamphier.paipay;Sistemas;SOPORTE DE APLICATIVOS;0;;;0;0;;0;0;;0;;;;;0;;0;;0;;;0;0;;0;;;;;;unlock;new;0;0;0;0;0;0;1;;
132;2024052528000040;42 d 5 h;Usuario Auditor;25/05/2024 17:27;07/06/2024 21:05;07/06/2024 21:05;Soporte de Desktop;closed successful;3 normal;walter.becerra;P&G;Unclassified;15;;;0;0;;0;0;;0;;;;;0;;0;;0;;;7232;0;;0;;;;;25/05/2024 20:38;unlock;closed;0;1686171944;0;0;0;0;3;;
133;2024052528000050;42 d 3 h;RE: NO INGRESA EL APLICATIVO (IMPACTTRADE);25/05/2024 18:54;28/06/2024 15:24;28/06/2024 15:24;Soporte de Desktop;closed successful;3 normal;luis.prieto@visualimpact.com.pe;luis.prieto@visualimpact.com.pe;Unclassified;10;;;0;0;25/05/2024 20:44;0;0;;0;;;;;0;;0;;0;;;18509;0;;0;;;;;25/05/2024 20:43;unlock;closed;0;1687965863;0;0;0;0;14;;
134;2024052528000060;42 d 1 h;Usuario en rojo y supervisores;25/05/2024 21:10;25/05/2024 21:10;25/05/2024 21:10;Soporte de Desktop;closed successful;3 normal;miguel.huapaya;Nestle;SOPORTE DE APLICATIVOS;40;;;0;0;;0;0;;0;;;;;0;;0;;0;;;0;0;;0;;;;;25/05/2024 21:10;unlock;closed;0;1685049008;0;0;0;0;1;;
135;2024052528000070;42 d 0 h;Usuario Bloqueado;25/05/2024 21:31;25/05/2024 21:31;25/05/2024 21:31;Soporte de Celulares;closed successful;3 normal;nestle.canjes;Nestle;SOPORTE DE EQUIPOS MOVILES;10;;;0;0;;0;0;;0;;;;;0;;0;;0;;;0;0;;0;;;;;;unlock;closed;0;0;0;0;0;0;1;;
136;2024052528000080;42 d 0 h;Usuario Bloqueado;25/05/2024 21:31;25/05/2024 21:31;25/05/2024 21:31;Soporte de Celulares;closed successful;3 normal;nestle.canjes;Nestle;SOPORTE DE EQUIPOS MOVILES;10;;;0;0;;0;0;;0;;;;;0;;0;;0;;;0;0;;0;;;;;;unlock;closed;0;0;0;0;0;0;1;;
137;2024052528000090;42 d 0 h;Usuario Bloqueado;25/05/2024 21:31;25/05/2024 21:31;25/05/2024 21:31;Soporte de Celulares;closed successful;3 normal;nestle.canjes;;SOPORTE DE EQUIPOS MOVILES;10;;;0;0;;0;0;;0;;;;;0;;0;;0;;;0;0;;0;;;;;;unlock;closed;0;0;0;0;0;0;1;;
138;2024052528000100;42 d 0 h;Problemas con el aplicativo;25/05/2024 21:32;25/05/2024 21:32;25/05/2024 21:32;Soporte de Celulares;closed successful;3 normal;distibuidora.alvarez;P&G;SOPORTE DE EQUIPOS MOVILES;20;;;0;0;;0;0;;0;;;;;0;;0;;0;;;0;0;;0;;;;;;unlock;closed;0;0;0;0;0;0;1;;
139;2024052528000110;42 d 0 h;RE: REINSTALACION REATILX;25/05/2024 22:18;25/05/2024 22:18;;Soporte de Celulares;new;3 normal;jamphier.paipay;Sistemas;Unclassified;0;;;0;0;;0;0;;0;;;;;0;;0;;0;;;0;0;;0;;;;;;unlock;new;0;0;0;0;0;0;1;;
140;2024052628000010;41 d 7 h;Daño de disco duro;26/05/2024 14:48;26/05/2024 14:48;26/05/2024 14:48;Soporte de Desktop;closed successful;3 normal;eduardo.espinoza;P&G;SOPORTE DE HARWARE;85;;;0;0;;0;0;;0;;;;;0;;0;;0;;;0;0;;0;;;;;26/05/2024 14:48;unlock;closed;0;1685112504;0;0;0;0;1;;
141;2024052628000020;41 d 6 h;RE: Usuario Auditor;26/05/2024 15:33;02/06/2024 21:11;02/06/2024 21:11;Soporte de Desktop;closed successful;3 normal;walter.becerra;P&G;SOPORTE DE APLICATIVOS;0;;;0;0;;0;0;;0;;;;;0;;0;;0;;;4226;0;;0;;;;;02/06/2024 21:10;unlock;closed;0;1685740284;0;0;0;0;4;;
142;2024052628000040;41 d 5 h;MICROSOFT;26/05/2024 17:00;02/06/2024 21:08;02/06/2024 21:08;Soporte de Desktop;closed successful;3 normal;jesualdo.pacheco;P&G;SOPORTE DE APLICATIVOS;20;;;0;0;;0;0;;0;;;;;0;;0;;0;;;4139;0;;0;;;;;02/06/2024 21:07;unlock;closed;0;1685740086;0;0;0;0;4;;
143;2024052628000050;41 d 2 h;PROBLEMAS CON EL INGRESO DEL APLICATIVO;26/05/2024 20:10;26/05/2024 20:10;26/05/2024 20:10;Soporte de Celulares;closed successful;3 normal;distribuidora.dijisa;P&G;SOPORTE DE EQUIPOS MOVILES;10;;;0;0;;0;0;;0;;;;;0;;0;;0;;;0;0;;0;;;;;;unlock;closed;0;0;0;0;0;0;1;;
144;2024052628000060;41 d 2 h;PROBLEMAS DE LA CÁMARA;26/05/2024 20:11;26/05/2024 20:11;26/05/2024 20:11;Soporte de Celulares;closed successful;3 normal;distribuidora.dijisa;P&G;SOPORTE DE EQUIPOS MOVILES;0;;;0;0;;0;0;;0;;;;;0;;0;;0;;;0;0;;0;;;;;;unlock;closed;0;0;0;0;0;0;1;;
145;2024052628000070;41 d 2 h;RECETEO AUTHENTICATOR;26/05/2024 20:12;26/05/2024 20:12;;Soporte de Celulares;new;3 normal;janes.guarniz@visualimpact.com.pe;janes.guarniz@visualimpact.com.pe;Unclassified;0;;;0;0;;0;0;;0;;;;;0;;0;;0;;;0;0;;0;;;;;;unlock;new;0;0;0;0;0;0;1;;
146;2024052628000080;41 d 2 h;RECETEO AUTHENTICATOR;26/05/2024 20:12;26/05/2024 20:12;;Soporte de Celulares;new;3 normal;janes.guarniz@visualimpact.com.pe;janes.guarniz@visualimpact.com.pe;Unclassified;0;;;0;0;;0;0;;0;;;;;0;;0;;0;;;0;0;;0;;;;;;unlock;new;0;0;0;0;0;0;1;;
147;2024052628000090;41 d 2 h;RECETEO AUTHENTICATOR;26/05/2024 20:15;26/05/2024 20:15;;Soporte de Celulares;new;3 normal;janes.guarniz@visualimpact.com.pe;janes.guarniz@visualimpact.com.pe;Unclassified;0;;;0;0;;0;0;;0;;;;;0;;0;;0;;;0;0;;0;;;;;;unlock;new;0;0;0;0;0;0;1;;
148;2024052728000010;40 d 10 h;RECETEO AUTHENTICATOR;27/05/2024 12:00;27/05/2024 12:00;;Soporte de Celulares;new;3 normal;janes.guarniz@visualimpact.com.pe;janes.guarniz@visualimpact.com.pe;Unclassified;0;;;0;0;;0;0;;0;;;;;0;;0;;0;;;0;0;;0;;;;;;unlock;new;0;0;0;0;0;0;1;;
149;2024052728000020;40 d 6 h;PROBLEMA CON EL IMPACT TRADE - ALVAREZ BOHL TRUJILLO;27/05/2024 16:00;02/06/2024 16:02;;Soporte Desarrollo;new;3 normal;luis.prieto@visualimpact.com.pe;luis.prieto@visualimpact.com.pe;Unclassified;0;;;0;0;;0;0;;0;;;;;0;;0;;0;;;0;0;;0;;;;;;unlock;new;0;0;0;0;0;0;4;;
150;2024052928000010;38 d 6 h;EQUIPO MOVIL FUERA DE SERVICIO;29/05/2024 16:18;05/06/2024 15:39;;Soporte de Celulares;new;3 normal;miguel.huapaya;Nestle;Unclassified;0;;;0;0;;0;0;;0;;;;;0;;0;;0;;;0;0;;0;;;;;;unlock;new;0;0;0;0;0;0;2;;
151;2024052928000020;38 d 5 h;NO APARECE TIPO DE CLIENTE (BASEMADRE);29/05/2024 16:30;30/05/2024 16:51;;Soporte Desarrollo;new;3 normal;luis.prieto@visualimpact.com.pe;luis.prieto@visualimpact.com.pe;Unclassified;0;;;0;0;;0;0;;0;;;;;0;;0;;0;;;0;0;;0;;;;;;unlock;new;0;0;0;0;0;0;2;;
152;2024052928000030;38 d 4 h;RE: CAMBIO DE CONTRASEÑA LOGISTICA;29/05/2024 17:48;02/06/2024 21:16;02/06/2024 21:16;Soporte de Desktop;closed successful;3 normal;iris.cometivos;P&G;SOPORTE DE INTRANET;15;;;0;0;;0;0;;0;;;;;0;;0;;0;;;3311;0;;0;;;;;02/06/2024 21:16;unlock;closed;0;1685740597;0;0;0;0;2;;
153;2024052928000040;38 d 2 h;RE: Revisión celular Auditora Norte Chico;29/05/2024 19:42;29/05/2024 19:42;;Soporte de Celulares;new;3 normal;jamphier.paipay;Sistemas;Unclassified;0;;;0;0;;0;0;;0;;;;;0;;0;;0;;;0;0;;0;;;;;;unlock;new;0;0;0;0;0;0;1;;
154;2024052928000050;38 d 0 h;USUARIO BLOQUEADO;29/05/2024 21:56;29/05/2024 21:56;29/05/2024 21:56;Soporte de Celulares;closed successful;3 normal;nestle.canjes;Nestle;SOPORTE DE EQUIPOS MOVILES;10;;;0;0;;0;0;;0;;;;;0;;0;;0;;;0;0;;0;;;;;;unlock;closed;0;0;0;0;0;0;1;;
155;2024052928000060;38 d 0 h;PROBLEMAS CON EL INGRESO DEL APLICATIVO;29/05/2024 21:59;29/05/2024 21:59;29/05/2024 21:59;Soporte de Celulares;closed successful;3 normal;distibuidora.alvarez;P&G;SOPORTE DE EQUIPOS MOVILES;20;;;0;0;;0;0;;0;;;;;0;;0;;0;;;0;0;;0;;;;;;unlock;closed;0;0;0;0;0;0;1;;
156;2024053028000010;37 d 6 h;Re: ACCESO A SOTISURF;30/05/2024 15:45;30/05/2024 18:09;;Soporte de Celulares;new;3 normal;jamphier.paipay;Sistemas;Unclassified;0;;;0;0;;0;0;;0;;;;;0;;0;;0;;;0;0;;0;;;;;;unlock;new;0;0;0;0;0;0;2;;
157;2024053028000020;37 d 5 h;Desbloqueo de Usuario;30/05/2024 16:36;30/05/2024 16:53;30/05/2024 16:53;Soporte de Desktop;closed successful;3 normal;walter.becerra;P&G;Unclassified;10;;;0;0;30/05/2024 16:53;0;0;;0;;;;;0;;0;;0;;;17;0;;0;;;;;30/05/2024 16:53;unlock;closed;0;1685465633;0;0;0;0;2;;
158;2024053028000030;37 d 5 h;CAMBIOS DE EQUIPO MOVILES GTM'S;30/05/2024 17:18;30/05/2024 17:18;;Soporte de Celulares;new;3 normal;cristhian.ramirez;P&G;Unclassified;0;;;0;0;;0;0;;0;;;;;0;;0;;0;;;0;0;;0;;;;;;unlock;new;0;0;0;0;0;0;1;;
159;2024053028000050;37 d 3 h;MOVIL SIN APLICATIVO VIPG_ISM;30/05/2024 18:39;05/06/2024 20:00;;Soporte de Celulares;new;3 normal;luis.ramos;P&G;Unclassified;0;;;0;0;;0;0;;0;;;;;0;;0;;0;;;0;0;;0;;;;;;unlock;new;0;0;0;0;0;0;5;;
160;2024053028000060;37 d 2 h;INTRANET NEW PG;30/05/2024 20:18;29/06/2024 04:21;;Soporte Desarrollo;new;3 normal;luis.prieto@visualimpact.com.pe;luis.prieto@visualimpact.com.pe;Unclassified;0;;;0;0;;0;0;;0;;;;;0;;0;;0;;;0;0;;0;;;;;30/05/2024 20:43;unlock;new;0;1685479405;0;0;0;0;4;;
161;2024053028000070;37 d 0 h;Usuario Bloqueado;30/05/2024 21:43;30/05/2024 21:43;30/05/2024 21:43;Soporte de Celulares;closed successful;3 normal;nestle.canjes;Nestle;SOPORTE DE EQUIPOS MOVILES;10;;;0;0;;0;0;;0;;;;;0;;0;;0;;;0;0;;0;;;;;;unlock;closed;0;0;0;0;0;0;1;;
162;2024053028000080;37 d 0 h;NO CARGARON LAS ENCUESTA DE UN CLIENTE;30/05/2024 21:44;30/05/2024 21:44;30/05/2024 21:44;Soporte de Celulares;closed successful;3 normal;nestle.canjes;Nestle;SOPORTE DE EQUIPOS MOVILES;10;;;0;0;;0;0;;0;;;;;0;;0;;0;;;0;0;;0;;;;;;unlock;closed;0;0;0;0;0;0;1;;
163;2024053028000090;37 d 0 h;Problemas con el aplicativo;30/05/2024 21:46;30/05/2024 21:46;30/05/2024 21:46;Soporte de Celulares;closed successful;3 normal;distibuidora.alvarez;P&G;SOPORTE DE EQUIPOS MOVILES;20;;;0;0;;0;0;;0;;;;;0;;0;;0;;;0;0;;0;;;;;;unlock;closed;0;0;0;0;0;0;1;;
164;2024053028000100;37 d 0 h;Usuario Bloqueado;30/05/2024 21:47;30/05/2024 21:47;30/05/2024 21:47;Soporte de Celulares;closed successful;3 normal;nestle.canjes;Nestle;SOPORTE DE EQUIPOS MOVILES;10;;;0;0;;0;0;;0;;;;;0;;0;;0;;;0;0;;0;;;;;;unlock;closed;0;0;0;0;0;0;1;;
165;2024053028000120;36 d 23 h;instalación de driver de impresora;30/05/2024 22:43;30/05/2024 22:43;30/05/2024 22:43;Soporte de Desktop;closed successful;3 normal;miguel.huapaya;Nestle;SOPORTE DE APLICATIVOS;30;;;0;0;;0;0;;0;;;;;0;;0;;0;;;0;0;;0;;;;;30/05/2024 22:43;unlock;closed;0;1685486625;0;0;0;0;2;;
166;2024053028000130;36 d 23 h;Re: Solicitud de instalación Mobilcontrol - GTM HFS Piura.;30/05/2024 23:21;30/05/2024 23:21;;Soporte de Celulares;new;3 normal;jamphier.paipay;Sistemas;Unclassified;0;;;0;0;;0;0;;0;;;;;0;;0;;0;;;0;0;;0;;;;;;unlock;new;0;0;0;0;0;0;1;;
167;2024053128000010;36 d 9 h;RECETEO AUTHENTICATOR GTM16;31/05/2024 12:36;31/05/2024 12:36;;Soporte de Celulares;new;3 normal;janes.guarniz@visualimpact.com.pe;janes.guarniz@visualimpact.com.pe;Unclassified;0;;;0;0;;0;0;;0;;;;;0;;0;;0;;;0;0;;0;;;;;;unlock;new;0;0;0;0;0;0;1;;
168;2024053128000020;36 d 7 h;Problemas de Correo;31/05/2024 15:09;02/06/2024 16:02;02/06/2024 16:02;Soporte de Desktop;closed successful;3 normal;walter.becerra;P&G;Unclassified;10;;;0;0;;0;0;;0;;;;;0;;0;;0;;;1612;0;;0;;;;;31/05/2024 15:19;unlock;closed;0;1685721735;0;0;0;0;2;;
169;2024053128000030;36 d 5 h;RE: SOLICITUD DE REINSTALACIÓN  / RETAILX.;31/05/2024 16:30;31/05/2024 16:30;;Soporte de Celulares;new;3 normal;jahaira.paredes;Sistemas;Unclassified;0;;;0;0;;0;0;;0;;;;;0;;0;;0;;;0;0;;0;;;;;;unlock;new;0;0;0;0;0;0;1;;
170;2024053128000040;36 d 5 h;USUARIO BLOQUEADO;31/05/2024 17:19;31/05/2024 17:19;31/05/2024 17:19;Soporte de Celulares;closed successful;3 normal;nestle.canjes;Nestle;SOPORTE DE EQUIPOS MOVILES;10;;;0;0;;0;0;;0;;;;;0;;0;;0;;;0;0;;0;;;;;;unlock;closed;0;0;0;0;0;0;1;;
171;2024053128000050;36 d 5 h;PENDIENTES;31/05/2024 17:21;31/05/2024 17:21;31/05/2024 17:21;Soporte de Celulares;closed successful;3 normal;distribuidora.moran;P&G;SOPORTE DE EQUIPOS MOVILES;20;;;0;0;;0;0;;0;;;;;0;;0;;0;;;0;0;;0;;;;;;unlock;closed;0;0;0;0;0;0;1;;
172;2024053128000060;36 d 5 h;PENDIENTES;31/05/2024 17:23;31/05/2024 17:23;31/05/2024 17:23;Soporte de Celulares;closed successful;3 normal;;;SOPORTE DE EQUIPOS MOVILES;30;;;0;0;;0;0;;0;;;;;0;;0;;0;;;0;0;;0;;;;;;unlock;closed;0;0;0;0;0;0;1;;
173;2024053128000070;36 d 4 h;REINSTALACION RETAIL X;31/05/2024 17:57;01/06/2024 22:15;;Soporte de Celulares;new;3 normal;abel.ccellccascca@visualimpact.com.pe;abel.ccellccascca@visualimpact.com.pe;Unclassified;0;;;0;0;;0;0;;0;;;;;0;;0;;0;;;0;0;;0;;;;;;unlock;new;0;0;0;0;0;0;2;;
174;2024053128000080;36 d 4 h;Cambios de Equipo Móvil  Jose Huaman;31/05/2024 18:27;01/06/2024 15:45;;Soporte de Celulares;new;3 normal;jose.huaman@visualimpact.com.pe;jose.huaman@visualimpact.com.pe;Unclassified;0;;;0;0;;0;0;;0;;;;;0;;0;;0;;;0;0;;0;;;;;;unlock;new;0;0;0;0;0;0;3;;
175;2024060128000010;35 d 9 h;Re: CARGOS DEVOLUCION EQUIPO MOVIL;01/06/2024 13:00;01/06/2024 22:03;;Soporte de Celulares;new;3 normal;ronald.salluca;P&G;Unclassified;0;;;0;0;;0;0;;0;;;;;0;;0;;0;;;0;0;;0;;;;;;unlock;new;0;0;0;0;0;0;2;;
176;2024060128000020;35 d 8 h;CARGAR GUIAS CUSCO Y ABANCAY | A SPOC EDUARDO MUÑOZ;01/06/2024 14:12;02/06/2024 14:34;01/06/2024 15:35;Soporte de Desktop;open;3 normal;jose.oballe;P&G;Unclassified;0;;;0;0;01/06/2024 15:35;0;0;;0;;;;;0;;0;;0;;;83;0;;0;;;;;01/06/2024 15:34;lock;open;0;1685716474;0;0;0;0;3;;
177;2024060128000030;35 d 7 h;ASIGNACIÓN  DE EQUIPO NUEVO GTM NUEVO INGRESO;01/06/2024 15:27;01/06/2024 21:57;;Soporte de Celulares;new;3 normal;jose.delacruz;P&G;Unclassified;0;;;0;0;;0;0;;0;;;;;0;;0;;0;;;0;0;;0;;;;;;unlock;new;0;0;0;0;0;0;2;;
178;2024060128000040;35 d 6 h;RE: PROBLEMAS CON EL INGRESO AL APLICARTIVO;01/06/2024 15:39;02/06/2024 15:26;02/06/2024 15:26;Soporte de Desktop;closed successful;3 normal;jamphier.paipay;Sistemas;Unclassified;15;;;0;0;02/06/2024 15:26;0;0;;0;;;;;0;;0;;0;;;767;0;;0;;;;;02/06/2024 15:26;unlock;closed;0;1685719614;0;0;0;0;2;;
179;2024060128000050;35 d 5 h;desbloqueo de usuario GTM Impact trade;01/06/2024 16:30;01/06/2024 16:30;;Soporte de Celulares;new;3 normal;eduardo.landeo;P&G;Unclassified;0;;;0;0;;0;0;;0;;;;;0;;0;;0;;;0;0;;0;;;;;;unlock;new;0;0;0;0;0;0;1;;
180;2024060128000060;35 d 5 h;desbloqueo de usuario GTM Impact trade;01/06/2024 16:30;02/06/2024 15:17;02/06/2024 15:17;Soporte de Desktop;closed successful;3 normal;eduardo.landeo;P&G;Unclassified;5;;;0;0;02/06/2024 15:17;0;0;;0;;;;;0;;0;;0;;;706;0;;0;;;;;02/06/2024 15:16;unlock;closed;0;1685719048;0;0;0;0;2;;
181;2024060128000070;35 d 4 h;REINSTALAR RETAILX;01/06/2024 17:42;02/06/2024 15:11;02/06/2024 15:11;Soporte de Celulares;closed successful;3 normal;cesar.angulo;P&G;Unclassified;10;;;0;0;;0;0;;0;;;;;0;;0;;0;;;629;0;;0;;;;;02/06/2024 15:11;unlock;closed;0;1685718683;0;0;0;0;3;;
182;2024060128000080;35 d 3 h;REINSTALACION DE APLICATIVO RETAIL X;01/06/2024 19:21;02/06/2024 15:10;02/06/2024 15:10;Soporte de Celulares;closed successful;3 normal;cristhian.ramirez;P&G;Unclassified;10;;;0;0;;0;0;;0;;;;;0;;0;;0;;;529;0;;0;;;;;02/06/2024 15:10;unlock;closed;0;1685718655;0;0;0;0;4;;
183;2024060128000090;35 d 3 h;Solicitud Instalar Retail X;01/06/2024 19:21;02/06/2024 15:08;02/06/2024 15:08;Soporte de Celulares;closed successful;3 normal;teo.trujillo;P&G;Unclassified;1;;;0;0;;0;0;;0;;;;;0;;0;;0;;;527;0;;0;;;;;02/06/2024 15:08;unlock;closed;0;1685718529;0;0;0;0;5;;
184;2024060128000100;34 d 23 h;REINSTALACION REALIZADA RETAIL X GTM;01/06/2024 23:00;05/06/2024 21:09;02/06/2024 15:08;Soporte de Celulares;open;3 normal;cristhian.ramirez;P&G;Unclassified;10;;;0;0;;0;0;;0;;;;;0;;0;;0;;;428;0;;0;;;;;02/06/2024 15:08;lock;open;0;1685999357;0;0;0;0;4;;
185;2024060228000010;34 d 22 h;No ingreso a pagina logística;02/06/2024 00:21;02/06/2024 15:25;02/06/2024 15:25;Soporte de Desktop;closed successful;3 normal;eduardo.espinoza;P&G;Unclassified;10;;;0;0;02/06/2024 15:25;0;0;;0;;;;;0;;0;;0;;;445;0;;0;;;;;02/06/2024 15:25;unlock;closed;0;1685719551;0;0;0;0;2;;
186;2024060228000020;34 d 6 h;Reseteo contraseña correo SPOC;02/06/2024 15:30;02/06/2024 15:47;02/06/2024 15:47;Soporte de Desktop;closed successful;3 normal;ingrid.peralta;P&G;Unclassified;5;;;0;0;02/06/2024 15:47;0;0;;0;;;;;0;;0;;0;;;16;0;;0;;;;;02/06/2024 15:46;unlock;closed;0;1685720829;0;0;0;0;2;;
187;2024060228000030;34 d 6 h;SOPORTE DESBLOQUE DE USUARIO  VERGARA TRIVEÑO,ANA MARIA;02/06/2024 16:15;02/06/2024 16:15;;Soporte de Celulares;open;3 normal;procter.lima;P&G;SOPORTE DE CREDENCIALES;0;;;0;0;;0;0;;0;;;;;0;;0;;0;;;0;0;;0;;;;;;unlock;open;0;0;0;0;0;0;1;;
188;2024060228000040;34 d 5 h;"BURGA MANRRIQUE,ANA ALICIA	 INSTALACION  APP DE CANJE Y VENTA";02/06/2024 16:31;02/06/2024 16:31;;Soporte de Celulares;open;3 normal;nestle.lima;Nestle;SOPORTE DE APLICATIVOS;0;;;0;0;;0;0;;0;;;;;0;;0;;0;;;0;0;;0;;;;;;unlock;open;0;0;0;0;0;0;1;;
189;2024060228000050;34 d 5 h;acceso ImpactTrade;02/06/2024 17:02;02/06/2024 17:02;02/06/2024 17:02;Soporte de Desktop;closed successful;3 normal;milser.lozano;Asturias y Aragón;SOPORTE DE APLICATIVOS;10;;;0;0;;0;0;;0;;;;;0;;0;;0;;;0;0;;0;;;;;;unlock;closed;0;0;0;0;0;0;1;;
190;2024060228000060;34 d 5 h;"JAILA ATENCIO,ODALIS ISABEL	 - FORZAR INSTALACION DE APP IMPACTTRADE";02/06/2024 17:16;02/06/2024 17:16;;Soporte de Celulares;open;3 normal;purina.arequipa;Nestle Purina;SOPORTE DE APLICATIVOS;20;;;0;0;;0;0;;0;;;;;0;;0;;0;;;0;0;;0;;;;;;unlock;open;0;0;0;0;0;0;1;;
191;2024060228000070;34 d 3 h;Sala Zoom - lunes 05.06.2024;02/06/2024 18:57;02/06/2024 19:17;02/06/2024 19:17;Soporte de Desktop;closed successful;3 normal;daniel.tucto@visualimpact.com.pe;daniel.tucto@visualimpact.com.pe;Unclassified;5;;;0;0;02/06/2024 19:17;0;0;;0;;;;;0;;0;;0;;;20;0;;0;;;;;02/06/2024 19:17;unlock;closed;0;1685733469;0;0;0;0;2;;
192;2024060228000080;34 d 1 h;USUARIO BLOQUEADO;02/06/2024 21:15;02/06/2024 21:15;02/06/2024 21:15;Soporte de Celulares;closed unsuccessful;3 normal;nestle.canjes;Nestle;SOPORTE DE EQUIPOS MOVILES;10;;;0;0;;0;0;;0;;;;;0;;0;;0;;;0;0;;0;;;;;;unlock;closed;0;0;0;0;0;0;1;;
193;2024060228000090;34 d 1 h;EQUIVOCACION DE DATOS DE GTM A CANJISTA EN EL APLICATIVO;02/06/2024 21:17;02/06/2024 21:17;02/06/2024 21:17;Soporte de Celulares;closed successful;3 normal;nestle.canjes;Nestle;SOPORTE DE EQUIPOS MOVILES;10;;;0;0;;0;0;;0;;;;;0;;0;;0;;;0;0;;0;;;;;;unlock;closed;0;0;0;0;0;0;1;;
194;2024060228000100;34 d 1 h;PROBLEMAS CON LA CAMARA;02/06/2024 21:19;02/06/2024 21:19;02/06/2024 21:19;Soporte de Celulares;closed successful;3 normal;nestle.canjes;Nestle;SOPORTE DE EQUIPOS MOVILES;20;;;0;0;;0;0;;0;;;;;0;;0;;0;;;0;0;;0;;;;;;unlock;closed;0;0;0;0;0;0;1;;
195;2024060228000110;34 d 1 h;USUARIO BLOQUEADO;02/06/2024 21:20;02/06/2024 21:20;02/06/2024 21:20;Soporte de Celulares;closed successful;3 normal;nestle.canjes;Nestle;SOPORTE DE EQUIPOS MOVILES;10;;;0;0;;0;0;;0;;;;;0;;0;;0;;;0;0;;0;;;;;;unlock;closed;0;0;0;0;0;0;1;;
196;2024060228000120;34 d 1 h;ENCUESTAS DE LOS CLIENTES;02/06/2024 21:22;02/06/2024 21:22;02/06/2024 21:22;Soporte de Celulares;closed successful;3 normal;distribuidora.vega;P&G;SOPORTE DE EQUIPOS MOVILES;20;;;0;0;;0;0;;0;;;;;0;;0;;0;;;0;0;;0;;;;;;unlock;closed;0;0;0;0;0;0;1;;
197;2024060528000010;31 d 6 h;SEVILLANO LUERA,GIANELLA KARINA -  EQUIPO CON PATRON;05/06/2024 15:31;05/06/2024 15:31;;Soporte de Celulares;open;3 normal;procter.lima;P&G;SOPORTE DE EQUIPOS MOVILES;0;;;0;0;;0;0;;0;;;;;0;;0;;0;;;0;0;;0;;;;;;unlock;open;0;0;0;0;0;0;1;;
198;2024060528000020;31 d 6 h;PROBLEMAS CON EL ENVIO DE CORREOS DESDE OUTLOOK;05/06/2024 15:56;05/06/2024 15:56;05/06/2024 15:56;Soporte de Desktop;closed successful;3 normal;walter.becerra;P&G;SOPORTE MAIL;25;;;0;0;;0;0;;0;;;;;0;;0;;0;;;0;0;;0;;;;;05/06/2024 15:56;unlock;closed;0;1685980595;0;0;0;0;2;;
199;2024060528000030;31 d 5 h;RIVAS CUBA,LUIS PERCY - SOPORTE CAMBIO DE CONTRASEÑA;05/06/2024 17:03;05/06/2024 17:03;;Soporte de Celulares;open;3 normal;ajeper.junin;Ajeper;SOPORTE DE CREDENCIALES;0;;;0;0;;0;0;;0;;;;;0;;0;;0;;;0;0;;0;;;;;;unlock;open;0;0;0;0;0;0;1;;
200;2024060528000040;31 d 5 h;Agregar correos a grupo spoc.indirectos;05/06/2024 17:06;05/06/2024 17:06;05/06/2024 17:06;Soporte de Desktop;closed successful;3 normal;ingrid.peralta;P&G;SOPORTE MAIL;6;;;0;0;;0;0;;0;;;;;0;;0;;0;;;0;0;;0;;;;;05/06/2024 17:06;unlock;closed;0;1685984814;0;0;0;0;1;;
201;2024060528000050;31 d 4 h;Recojo y cambio de equipos GTM;05/06/2024 18:24;05/06/2024 18:24;;Soporte de Celulares;new;3 normal;jose.huaman@visualimpact.com.pe;jose.huaman@visualimpact.com.pe;Unclassified;0;;;0;0;;0;0;;0;;;;;0;;0;;0;;;0;0;;0;;;;;;unlock;new;0;0;0;0;0;0;1;;
202;2024060528000060;31 d 0 h;problemas con el microfono del teans;05/06/2024 21:42;05/06/2024 21:42;05/06/2024 21:42;Soporte de Desktop;closed successful;3 normal;miguel.huapaya;Nestle;SOPORTE DE APLICATIVOS;15;;;0;0;;0;0;;0;;;;;0;;0;;0;;;0;0;;0;;;;;05/06/2024 21:42;unlock;closed;0;1686001365;0;0;0;0;2;;
203;2024060628000010;30 d 8 h;Solicitud de instalación aplicativo News_VI;06/06/2024 13:51;06/06/2024 13:51;;Soporte de Celulares;new;3 normal;draucin.castro;P&G;Unclassified;0;;;0;0;;0;0;;0;;;;;0;;0;;0;;;0;0;;0;;;;;;unlock;new;0;0;0;0;0;0;1;;
204;2024060628000020;30 d 7 h;Conexión WIFI almacen;06/06/2024 14:35;06/06/2024 14:35;06/06/2024 14:35;Soporte de Desktop;closed successful;3 normal;luis.vargas;;SOPORTE S.O.;7;;;0;0;;0;0;;0;;;;;0;;0;;0;;;0;0;;0;;;;;06/06/2024 14:35;unlock;closed;0;1686062159;0;0;0;0;1;;
205;2024060628000030;30 d 7 h;Soporte - equipo celular fallando;06/06/2024 14:48;08/06/2024 17:42;;Soporte de Celulares;new;3 normal;draucin.castro;P&G;Unclassified;0;;;0;0;;0;0;;0;;;;;0;;0;;0;;;0;0;;0;;;;;;unlock;new;0;0;0;0;0;0;3;;
206;2024060628000040;30 d 0 h;USUARIO BLOQUEADO;06/06/2024 21:30;06/06/2024 21:30;06/06/2024 21:30;Soporte de Celulares;closed successful;3 normal;nestle.canjes;Nestle;SOPORTE DE EQUIPOS MOVILES;10;;;0;0;;0;0;;0;;;;;0;;0;;0;;;0;0;;0;;;;;;unlock;closed;0;0;0;0;0;0;1;;
207;2024060628000050;30 d 0 h;USUARIO BLOQUEADO;06/06/2024 21:44;06/06/2024 21:44;06/06/2024 21:44;Soporte de Celulares;closed successful;3 normal;nestle.canjes;Nestle;SOPORTE DE EQUIPOS MOVILES;10;;;0;0;;0;0;;0;;;;;0;;0;;0;;;0;0;;0;;;;;;unlock;closed;0;0;0;0;0;0;1;;
208;2024060728000010;29 d 22 h;Re: INVENTARIOS HFS ACTUALIZADOS EN SISTEMA;07/06/2024 00:24;28/06/2024 15:18;;Soporte Desarrollo;new;3 normal;jose.oballe;P&G;Unclassified;0;;;0;0;;0;0;;0;;;;;0;;0;;0;;;0;0;;0;;;;;;unlock;new;0;0;0;0;0;0;6;;
209;2024060728000020;29 d 19 h;CAMBIO DE EQUIPOS MOVILES IQUITOS - PUCALLPA;07/06/2024 02:33;07/06/2024 02:33;;Soporte de Celulares;new;3 normal;jesualdo.pacheco;P&G;Unclassified;0;;;0;0;;0;0;;0;;;;;0;;0;;0;;;0;0;;0;;;;;;unlock;new;0;0;0;0;0;0;1;;
210;2024060728000030;29 d 8 h;Celular no deja tomar fotos - HFS;07/06/2024 14:18;07/06/2024 17:21;07/06/2024 17:21;Soporte de Celulares;closed successful;3 normal;ingrid.peralta;P&G;SOPORTE DE APLICATIVOS;15;;;0;0;07/06/2024 17:21;0;0;;0;;;;;0;;0;;0;;;182;0;;0;;;;;07/06/2024 17:20;unlock;closed;0;1686158484;0;0;0;0;2;;
211;2024060728000040;29 d 6 h;SOPORTE INTRANET Y APLICATIVO;07/06/2024 16:03;07/06/2024 16:03;;Soporte de Desktop;new;3 normal;miguel.huapaya;Nestle;Unclassified;0;;;0;0;;0;0;;0;;;;;0;;0;;0;;;0;0;;0;;;;;;unlock;new;0;0;0;0;0;0;1;;
212;2024060728000050;29 d 1 h;USUARIO BLOQUEADO;07/06/2024 20:45;07/06/2024 20:45;07/06/2024 20:45;Soporte de Celulares;closed successful;3 normal;nestle.canjes;Nestle;SOPORTE DE EQUIPOS MOVILES;10;;;0;0;;0;0;;0;;;;;0;;0;;0;;;0;0;;0;;;;;;unlock;closed;0;0;0;0;0;0;1;;
213;2024060728000060;29 d 1 h;APLICATIVO 0.027;07/06/2024 20:49;07/06/2024 20:49;07/06/2024 20:49;Soporte de Celulares;closed successful;3 normal;nestle.canjes;Nestle;SOPORTE DE EQUIPOS MOVILES;15;;;0;0;;0;0;;0;;;;;0;;0;;0;;;0;0;;0;;;;;;unlock;closed;0;0;0;0;0;0;1;;
214;2024060728000070;29 d 0 h;PROBLEMAS CON RED DE CELULARES;07/06/2024 22:04;14/06/2024 14:50;14/06/2024 14:50;Soporte de Celulares;closed successful;3 normal;miguel.huapaya;Nestle;SOPORTE DE EQUIPOS MOVILES;0;;;0;0;07/06/2024 22:19;0;0;;0;;;;;0;;0;;0;;;3530;0;;0;;;;;07/06/2024 22:04;unlock;closed;0;1686754249;0;0;0;0;3;;
215;2024060828000010;28 d 21 h;Fwd: ACCESOS PARA: ImpactTrade;08/06/2024 01:09;12/06/2024 22:27;;Soporte de Celulares;new;3 normal;larbulu;P&G;Unclassified;0;;;0;0;;0;0;;0;;;;;0;;0;;0;;;0;0;;0;;;;;;unlock;new;0;0;0;0;0;0;3;;
216;2024060828000020;28 d 9 h;INSTALACION DE APLICACION RETAIL X - AUTHENTICATOR;08/06/2024 13:09;09/06/2024 16:00;08/06/2024 17:28;Soporte de Celulares;open;3 normal;luis.ramos;P&G;SOPORTE DE APLICATIVOS;15;;;0;0;08/06/2024 17:28;0;0;;0;;;;;0;;0;;0;;;259;0;;0;;;;;08/06/2024 17:27;lock;open;0;1686326422;0;0;0;0;3;;
217;2024060828000030;28 d 8 h;Reinstalacion Aplicativo RETAILX;08/06/2024 14:27;08/06/2024 14:30;;Soporte de Celulares;new;3 normal;jose.huaman@visualimpact.com.pe;jose.huaman@visualimpact.com.pe;Unclassified;0;;;0;0;;0;0;;0;;;;;0;;0;;0;;;0;0;;0;;;;;;unlock;new;0;0;0;0;0;0;2;;
218;2024060828000040;28 d 5 h;SANTILLAN QUISPE,BRENDA JANETH -  NO INGRESA A ZOOM;08/06/2024 17:18;08/06/2024 17:18;;Soporte de Celulares;open;3 normal;procter.lima;P&G;SOPORTE MDM;0;;;0;0;;0;0;;0;;;;;0;;0;;0;;;0;0;;0;;;;;;unlock;open;0;0;0;0;0;0;1;;
219;2024060828000050;28 d 4 h;RE: SOLICITUD DE REINSTALACIÓN  / RETAILX.;08/06/2024 17:42;08/06/2024 17:42;;Soporte de Celulares;new;3 normal;jahaira.paredes;Sistemas;Unclassified;0;;;0;0;;0;0;;0;;;;;0;;0;;0;;;0;0;;0;;;;;;unlock;new;0;0;0;0;0;0;1;;
220;2024060828000060;28 d 4 h;RE: REGULARIZACIÓN  DEL CORREO DE AYER / SOLICITUD DE REINSTALACIÓN.;08/06/2024 17:45;08/06/2024 17:45;;Soporte de Celulares;new;3 normal;jahaira.paredes;Sistemas;Unclassified;0;;;0;0;;0;0;;0;;;;;0;;0;;0;;;0;0;;0;;;;;;unlock;new;0;0;0;0;0;0;1;;
221;2024060828000070;28 d 1 h;CONFIGURACION DE IMPRESORA;08/06/2024 20:48;08/06/2024 20:49;08/06/2024 20:49;Soporte de Desktop;closed successful;3 normal;yhanie.perez;Nestle;SOPORTE DE SOFTWARE LAPTOP;15;;;0;0;;0;0;;0;;;;;0;;0;;0;;;0;0;;0;;;;;08/06/2024 20:49;unlock;closed;0;1686257348;0;0;0;0;2;;
222;2024060828000080;28 d 1 h;solicitud instalación Retail X.;08/06/2024 21:00;08/06/2024 21:00;;Soporte de Celulares;new;3 normal;eduardo.landeo;P&G;Unclassified;0;;;0;0;;0;0;;0;;;;;0;;0;;0;;;0;0;;0;;;;;;unlock;new;0;0;0;0;0;0;1;;
223;2024060828000090;28 d 1 h;solicitud instalación Retail X.;08/06/2024 21:00;09/06/2024 14:20;;Soporte de Celulares;new;3 normal;eduardo.landeo;P&G;Unclassified;0;;;0;0;;0;0;;0;;;;;0;;0;;0;;;0;0;;0;;;;;;unlock;new;0;0;0;0;0;0;1;;
224;2024060828000100;27 d 22 h;REVISION DEL EQUIPO MOVIL - GTM;08/06/2024 23:36;09/06/2024 06:21;;Soporte de Celulares;new;3 normal;mayra.huaman@visualimpact.com.pe;mayra.huaman@visualimpact.com.pe;Unclassified;0;;;0;0;;0;0;;0;;;;;0;;0;;0;;;0;0;;0;;;;;;unlock;new;0;0;0;0;0;0;2;;
225;2024060928000010;27 d 8 h;"MALLMA SANCHO,OLENKA JHACKELYN	 - REINSTALAR EL APP IMPACCTRADE";09/06/2024 14:12;09/06/2024 14:12;;Soporte de Celulares;open;3 normal;purina.junin;Nestle Purina;SOPORTE DE APLICATIVOS;0;;;0;0;;0;0;;0;;;;;0;;0;;0;;;0;0;;0;;;;;;unlock;open;0;0;0;0;0;0;1;;
226;2024060928000020;27 d 7 h;RE: solicitud instalación Retail X.;09/06/2024 15:03;09/06/2024 15:03;;Soporte de Celulares;new;3 normal;jahaira.paredes;Sistemas;Unclassified;0;;;0;0;;0;0;;0;;;;;0;;0;;0;;;0;0;;0;;;;;;unlock;new;0;0;0;0;0;0;1;;
227;2024060928000030;27 d 7 h;RE: solicitud instalación Retail X.;09/06/2024 15:03;19/06/2024 17:30;19/06/2024 17:30;Soporte de Celulares;closed successful;3 normal;jahaira.paredes;Sistemas;Unclassified;15;;;0;0;;0;0;;0;;;;;0;;0;;0;;;4827;0;;0;;;;;19/06/2024 17:30;unlock;closed;0;1687195826;0;0;0;0;2;;
228;2024060928000040;27 d 1 h;necesita actualizar la versión;09/06/2024 20:32;09/06/2024 20:32;09/06/2024 20:32;Soporte de Celulares;closed successful;3 normal;nestle.canjes;Nestle;SOPORTE DE EQUIPOS MOVILES;15;;;0;0;;0;0;;0;;;;;0;;0;;0;;;0;0;;0;;;;;;unlock;closed;0;0;0;0;0;0;1;;
229;2024060928000050;27 d 0 h;REINSTALACION DE APLICATIVO RETAIL X GTM;09/06/2024 21:45;13/06/2024 21:12;;Soporte de Celulares;new;3 normal;cristhian.ramirez;P&G;Unclassified;0;;;0;0;;0;0;;0;;;;;0;;0;;0;;;0;0;;0;;;;;;unlock;new;0;0;0;0;0;0;2;;
230;2024061028000010;26 d 5 h;CELULAR DEL GTM MIGUEL VALDEZ SIN LÍNEA MÓVIL ;10/06/2024 17:18;10/06/2024 17:18;;Soporte de Celulares;new;3 normal;jose.delacruz;P&G;Unclassified;0;;;0;0;;0;0;;0;;;;;0;;0;;0;;;0;0;;0;;;;;;unlock;new;0;0;0;0;0;0;1;;
231;2024061028000020;26 d 5 h;CELULAR DEL GTM MIGUEL VALDEZ SIN LÍNEA MÓVIL ;10/06/2024 17:18;15/06/2024 16:26;;Soporte de Celulares;new;3 normal;jose.delacruz;P&G;Unclassified;0;;;0;0;;0;0;;0;;;;;0;;0;;0;;;0;0;;0;;;;;;unlock;new;0;0;0;0;0;0;1;;
232;2024061128000010;24 d 22 h;Re: CELULAR DEL GTM MIGUEL VALDEZ SIN LÍNEA MÓVIL ;11/06/2024 23:39;11/06/2024 23:39;;Soporte de Celulares;new;3 normal;jaime.portocarrero@visualimpact.com.pe;jaime.portocarrero@visualimpact.com.pe;Unclassified;0;;;0;0;;0;0;;0;;;;;0;;0;;0;;;0;0;;0;;;;;;unlock;new;0;0;0;0;0;0;1;;
233;2024061128000020;24 d 22 h;Re: CELULAR DEL GTM MIGUEL VALDEZ SIN LÍNEA MÓVIL ;11/06/2024 23:39;12/06/2024 20:54;;Soporte de Celulares;new;3 normal;jaime.portocarrero@visualimpact.com.pe;jaime.portocarrero@visualimpact.com.pe;Unclassified;0;;;0;0;;0;0;;0;;;;;0;;0;;0;;;0;0;;0;;;;;;unlock;new;0;0;0;0;0;0;1;;
234;2024061228000010;24 d 7 h;SOPORTE CELULAR ALDO QUIROZ;12/06/2024 15:09;12/06/2024 21:24;;Soporte de Celulares;new;3 normal;miguel.huapaya;Nestle;Unclassified;0;;;0;0;;0;0;;0;;;;;0;;0;;0;;;0;0;;0;;;;;;unlock;new;0;0;0;0;0;0;4;;
235;2024061228000020;24 d 6 h;VALDEZ AGUILAR,MIGUEL ANGEL - NO TIENE SEÑAL;12/06/2024 15:32;12/06/2024 15:32;;Soporte de Celulares;open;3 normal;procter.lima;P&G;SOPORTE DE EQUIPOS MOVILES;0;;;0;0;;0;0;;0;;;;;0;;0;;0;;;0;0;;0;;;;;;unlock;open;0;0;0;0;0;0;1;;
236;2024061228000030;24 d 5 h;RE: CELULAR DEL GTM MIGUEL VALDEZ SIN LÍNEA MÓVIL ;12/06/2024 17:15;27/06/2024 22:03;27/06/2024 22:03;Soporte de Celulares;closed successful;3 normal;jahaira.paredes;Sistemas;Unclassified;30;;;0;0;;0;0;;0;;;;;0;;0;;0;;;8804;0;;0;;;;;27/06/2024 21:56;unlock;closed;0;1687903384;0;0;0;0;2;;
237;2024061228000040;24 d 5 h;RE: CELULAR DEL GTM MIGUEL VALDEZ SIN LÍNEA MÓVIL ;12/06/2024 17:15;12/06/2024 20:54;;Soporte de Celulares;new;3 normal;jahaira.paredes;Sistemas;Unclassified;0;;;0;0;;0;0;;0;;;;;0;;0;;0;;;0;0;;0;;;;;;unlock;new;0;0;0;0;0;0;1;;
238;2024061228000050;24 d 2 h;Outlook lleno;12/06/2024 19:43;12/06/2024 19:43;12/06/2024 19:43;Soporte de Desktop;closed successful;3 normal;lorena.vargas;Finanzas;SOPORTE MAIL;10;;;0;0;;0;0;;0;;;;;0;;0;;0;;;0;0;;0;;;;;;unlock;closed;0;0;0;0;0;0;1;;
239;2024061228000060;24 d 1 h;NO CALIFICO PARA NINGUNA MECANICA;12/06/2024 20:36;12/06/2024 20:36;12/06/2024 20:36;Soporte de Celulares;closed successful;3 normal;distribuidora.purina;Nestle;SOPORTE DE EQUIPOS MOVILES;10;;;0;0;;0;0;;0;;;;;0;;0;;0;;;0;0;;0;;;;;;unlock;closed;0;0;0;0;0;0;1;;
240;2024061228000070;24 d 1 h;ERROR AL INTENTAR SINCRONIZAR;12/06/2024 20:40;12/06/2024 20:40;12/06/2024 20:40;Soporte de Celulares;closed successful;3 normal;distribuidora.moran;P&G;SOPORTE DE EQUIPOS MOVILES;15;;;0;0;;0;0;;0;;;;;0;;0;;0;;;0;0;;0;;;;;;unlock;closed;0;0;0;0;0;0;1;;
241;2024061228000080;24 d 1 h;COBERTURA DE SEÑAL;12/06/2024 20:41;12/06/2024 20:41;12/06/2024 20:41;Soporte de Celulares;closed successful;3 normal;distribuidora.purina;Nestle;SOPORTE DE EQUIPOS MOVILES;10;;;0;0;;0;0;;0;;;;;0;;0;;0;;;0;0;;0;;;;;;unlock;closed;0;0;0;0;0;0;1;;
242;2024061228000090;24 d 1 h;Se cierra el aplicativo cuando estamos tomando foto;12/06/2024 20:44;12/06/2024 20:44;12/06/2024 20:44;Soporte de Celulares;closed successful;3 normal;distribuidora.purina;Nestle;SOPORTE DE EQUIPOS MOVILES;15;;;0;0;;0;0;;0;;;;;0;;0;;0;;;0;0;;0;;;;;;unlock;closed;0;0;0;0;0;0;1;;
243;2024061328000010;23 d 2 h;Problemas con el aplicativo;13/06/2024 19:36;13/06/2024 19:36;13/06/2024 19:36;Soporte de Celulares;closed successful;3 normal;distribuidora.purina;Nestle;SOPORTE DE EQUIPOS MOVILES;10;;;0;0;;0;0;;0;;;;;0;;0;;0;;;0;0;;0;;;;;;unlock;closed;0;0;0;0;0;0;1;;
244;2024061328000020;23 d 2 h;APLICATIVO 0.013;13/06/2024 19:38;13/06/2024 19:38;13/06/2024 19:38;Soporte de Celulares;closed successful;3 normal;distribuidora.purina;Nestle;SOPORTE DE EQUIPOS MOVILES;10;;;0;0;;0;0;;0;;;;;0;;0;;0;;;0;0;;0;;;;;;unlock;closed;0;0;0;0;0;0;1;;
245;2024061328000030;23 d 2 h;PENDIENTE APP;13/06/2024 19:55;13/06/2024 19:55;13/06/2024 19:55;Soporte de Celulares;closed successful;3 normal;distribuidora.purina;Nestle;SOPORTE DE EQUIPOS MOVILES;20;;;0;0;;0;0;;0;;;;;0;;0;;0;;;0;0;;0;;;;;;unlock;closed;0;0;0;0;0;0;1;;
246;2024061328000040;23 d 2 h;Cobertura de Señal;13/06/2024 19:57;13/06/2024 19:57;13/06/2024 19:57;Soporte de Celulares;closed successful;3 normal;distribuidora.purina;Nestle;SOPORTE DE EQUIPOS MOVILES;10;;;0;0;;0;0;;0;;;;;0;;0;;0;;;0;0;;0;;;;;;unlock;closed;0;0;0;0;0;0;1;;
247;2024061328000050;23 d 2 h;Usuario Bloqueado;13/06/2024 19:58;13/06/2024 19:58;13/06/2024 19:58;Soporte de Celulares;closed successful;3 normal;nestle.canjes;Nestle;SOPORTE DE EQUIPOS MOVILES;10;;;0;0;;0;0;;0;;;;;0;;0;;0;;;0;0;;0;;;;;;unlock;closed;0;0;0;0;0;0;1;;
248;2024061428000010;22 d 5 h;laptop bloqueada;14/06/2024 16:40;14/06/2024 16:40;14/06/2024 16:40;Soporte de Desktop;closed successful;3 normal;jean.salazar;;SOPORTE DE CREDENCIALES;5;;;0;0;;0;0;;0;;;;;0;;0;;0;;;0;0;;0;;;;;14/06/2024 16:40;unlock;closed;0;1686760854;0;0;0;0;1;;
249;2024061428000020;22 d 4 h;RE: Aplicativo NEW VI - Luis Piñin ;14/06/2024 17:42;14/06/2024 17:42;;Soporte de Celulares;new;3 normal;jahaira.paredes;Sistemas;Unclassified;0;;;0;0;;0;0;;0;;;;;0;;0;;0;;;0;0;;0;;;;;;unlock;new;0;0;0;0;0;0;1;;
250;2024061428000030;22 d 4 h;RE: SOLICITUD DE REINSTALACIÓN  / GTM.;14/06/2024 17:42;19/06/2024 17:28;19/06/2024 17:28;Soporte de Celulares;closed successful;3 normal;jahaira.paredes;Sistemas;Unclassified;10;;;0;0;;0;0;;0;;;;;0;;0;;0;;;2326;0;;0;;;;;19/06/2024 17:28;unlock;closed;0;1687195732;0;0;0;0;2;;
251;2024061428000040;22 d 2 h;ARAUJO VERASTEGUI,JHEYSSON BRIAN - actualización de perFil HOSTPOT;14/06/2024 20:25;14/06/2024 20:25;;Soporte de Celulares;open;3 normal;ajeper.lima;;SOPORTE DE EQUIPOS MOVILES;0;;;0;0;;0;0;;0;;;;;0;;0;;0;;;0;0;;0;;;;;;unlock;open;0;0;0;0;0;0;1;;
252;2024061528000010;21 d 7 h;VALIDACION DE APP VERSION 14 DE LISTA DE COLABORADORES PURINA;15/06/2024 15:18;15/06/2024 15:18;;Soporte de Celulares;open;3 normal;purina.lima;Nestle Purina;SOPORTE DE APLICATIVOS;0;;;0;0;;0;0;;0;;;;;0;;0;;0;;;0;0;;0;;;;;;unlock;open;0;0;0;0;0;0;1;;
253;2024061528000020;21 d 6 h;Firma de correo;15/06/2024 15:38;15/06/2024 15:38;15/06/2024 15:38;Soporte de Desktop;closed successful;3 normal;kelly.minchan;Finanzas;SOPORTE MAIL;5;;;0;0;;0;0;;0;;;;;0;;0;;0;;;0;0;;0;;;;;15/06/2024 15:38;unlock;closed;0;1686843518;0;0;0;0;1;;
254;2024061528000030;21 d 6 h;"SANCHEZ LOZANO,ANTONIO ERNESTO	- ACTUALIACION DE PERFIL";15/06/2024 15:43;15/06/2024 15:43;;Soporte de Celulares;open;3 normal;purina.junin;Nestle Purina;SOPORTE DE APLICATIVOS;0;;;0;0;;0;0;;0;;;;;0;;0;;0;;;0;0;;0;;;;;;unlock;open;0;0;0;0;0;0;1;;
255;2024061528000040;21 d 6 h;Sala Zoom + grabación - viernes 16.06.2024;15/06/2024 15:45;15/06/2024 17:45;15/06/2024 17:45;Soporte de Desktop;closed successful;3 normal;daniel.tucto@visualimpact.com.pe;daniel.tucto@visualimpact.com.pe;Unclassified;0;;;0;0;15/06/2024 17:02;0;0;;0;;;;;0;;0;;0;;;119;0;;0;;;;;15/06/2024 17:02;unlock;closed;0;1686851115;0;0;0;0;4;;
256;2024061528000050;21 d 6 h;TARSY BAANA PATIÑO NIMA - ELIMIA NO TOMA FOTO EL SISTEMA;15/06/2024 15:48;15/06/2024 15:48;;Soporte de Celulares;open;3 normal;nestle.lima;Nestle;SOPORTE DE APLICATIVOS;0;;;0;0;;0;0;;0;;;;;0;;0;;0;;;0;0;;0;;;;;;unlock;open;0;0;0;0;0;0;1;;
257;2024061528000060;21 d 5 h;Acceso a Mobicontrol para subida y descarga de archivo;15/06/2024 17:27;19/06/2024 14:27;19/06/2024 14:27;Soporte de Desktop;closed successful;3 normal;daniel.tucto@visualimpact.com.pe;daniel.tucto@visualimpact.com.pe;Unclassified;0;;;0;0;;0;0;;0;;;;;0;;0;;0;;;1380;0;;0;;;;;19/06/2024 14:27;unlock;closed;0;1687184874;0;0;0;0;4;;
258;2024061528000070;21 d 2 h;"FERNANDEZ MANDUJANO,IRIS LALID	- ACTUALIZACION DEL PERFIL";15/06/2024 20:13;15/06/2024 20:13;;Soporte de Celulares;open;3 normal;purina.lima;Nestle Purina;SOPORTE DE APLICATIVOS;0;;;0;0;;0;0;;0;;;;;0;;0;;0;;;0;0;;0;;;;;;unlock;open;0;0;0;0;0;0;1;;
259;2024061528000080;21 d 1 h;Retail X - HFS;15/06/2024 21:06;19/06/2024 17:26;19/06/2024 17:26;Soporte de Celulares;closed successful;3 normal;walter.becerra;P&G;Unclassified;10;;;0;0;;0;0;;0;;;;;0;;0;;0;;;1346;0;;0;;;;;19/06/2024 17:26;unlock;closed;0;1687195607;0;0;0;0;3;;
260;2024061628000010;20 d 8 h;Reloj de asistencia desconctado;16/06/2024 13:55;16/06/2024 14:53;16/06/2024 13:55;Soporte de Desktop;closed successful;3 normal;jose.castillo;Logistica;SOPORTE DE HARWARE;7;;;0;0;;0;0;;0;;;;;0;;0;;0;;;0;0;;0;;;;;16/06/2024 14:53;lock;closed;0;1686927239;0;0;0;0;1;;
261;2024061628000020;20 d 3 h;Laptop inoperativa;16/06/2024 18:45;28/06/2024 15:17;28/06/2024 15:17;Soporte de Desktop;closed successful;3 normal;ingrid.peralta;P&G;SOPORTE S.O.;80;;;0;0;;0;0;;0;;;;;0;;0;;0;;;6032;0;;0;;;;;28/06/2024 15:17;unlock;closed;0;1687965464;0;0;0;0;3;;
262;2024061728000010;19 d 22 h;Acceso a Mobicontrol para subida y descarga de archivo;17/06/2024 00:09;19/06/2024 17:28;19/06/2024 17:28;Soporte de Celulares;closed successful;3 normal;daniel.tucto@visualimpact.com.pe;daniel.tucto@visualimpact.com.pe;Unclassified;5;;;0;0;;0;0;;0;;;;;0;;0;;0;;;568;0;;0;;;;;19/06/2024 17:28;unlock;closed;0;1687195705;0;0;0;0;2;;
263;2024061728000020;19 d 20 h;Soporte laptop;17/06/2024 01:30;28/06/2024 15:20;28/06/2024 15:20;Soporte de Desktop;closed successful;3 normal;ingrid.peralta;P&G;Unclassified;0;;;0;0;;0;0;;0;;;;;0;;0;;0;;;5900;0;;0;;;;;28/06/2024 15:20;unlock;closed;0;1687965632;0;0;0;0;3;;
264;2024061728000030;19 d 7 h;usuario no ingresan a App ImpactTrad;17/06/2024 15:01;17/06/2024 15:01;17/06/2024 15:01;Soporte de Desktop;closed successful;3 normal;luis.salazar;Nestle;SOPORTE DE CREDENCIALES;10;;;0;0;;0;0;;0;;;;;0;;0;;0;;;0;0;;0;;;;;;unlock;closed;0;0;0;0;0;0;1;;
265;2024061928000010;17 d 7 h;RECOJO DE EQUIPO GTM -PVEA SJL;19/06/2024 15:18;19/06/2024 17:26;19/06/2024 17:26;Soporte de Celulares;closed successful;3 normal;mayra.huaman@visualimpact.com.pe;mayra.huaman@visualimpact.com.pe;Unclassified;2;;;0;0;;0;0;;0;;;;;0;;0;;0;;;128;0;;0;;;;;19/06/2024 17:26;unlock;closed;0;1687195589;0;0;0;0;3;;
266;2024061928000020;17 d 5 h;REPOSICIÓN TONER - IMPRESORA CANON iR730;19/06/2024 16:33;19/06/2024 16:33;;Soporte de Desktop;new;3 normal;jorge.molina;RRHH;Unclassified;0;;;0;0;;0;0;;0;;;;;0;;0;;0;;;0;0;;0;;;;;;unlock;new;0;0;0;0;0;0;1;;
267;2024061928000030;17 d 5 h;USUARIO BLOQUEADO;19/06/2024 16:35;19/06/2024 16:35;19/06/2024 16:35;Soporte de Celulares;closed successful;3 normal;nestle.canjes;Nestle;SOPORTE DE EQUIPOS MOVILES;10;;;0;0;;0;0;;0;;;;;0;;0;;0;;;0;0;;0;;;;;;unlock;closed;0;0;0;0;0;0;1;;
268;2024061928000040;17 d 5 h;USUARIO BLOQUEADO;19/06/2024 16:37;19/06/2024 16:37;19/06/2024 16:37;Soporte de Celulares;closed successful;3 normal;nestle.canjes;Nestle;SOPORTE DE EQUIPOS MOVILES;10;;;0;0;;0;0;;0;;;;;0;;0;;0;;;0;0;;0;;;;;;unlock;closed;0;0;0;0;0;0;1;;
269;2024061928000050;17 d 5 h;Instalación de googledrivee;19/06/2024 16:39;19/06/2024 16:39;19/06/2024 16:39;Soporte de Desktop;closed successful;3 normal;ricardo.capurro;Logistica;SOPORTE DE SOFTWARE LAPTOP;10;;;0;0;;0;0;;0;;;;;0;;0;;0;;;0;0;;0;;;;;19/06/2024 16:39;unlock;closed;0;1687192748;0;0;0;0;1;;
270;2024062028000010;16 d 8 h;RE: REINSTALACION APLICATIVO RETAILX;20/06/2024 14:27;20/06/2024 14:27;;Soporte de Celulares;new;3 normal;jahaira.paredes;Sistemas;Unclassified;0;;;0;0;;0;0;;0;;;;;0;;0;;0;;;0;0;;0;;;;;;unlock;new;0;0;0;0;0;0;1;;
271;2024062028000020;16 d 7 h;Clave de usuario GTM;20/06/2024 14:52;20/06/2024 14:52;20/06/2024 14:52;Soporte de Desktop;closed successful;3 normal;luis.salazar;Nestle;SOPORTE DE CREDENCIALES;5;;;0;0;;0;0;;0;;;;;0;;0;;0;;;0;0;;0;;;;;;unlock;closed;0;0;0;0;0;0;1;;
272;2024062028000030;16 d 2 h;RE: Reinstalación Retail X - GTM HFS Chiclayo Jaime Oliva Soriano.;20/06/2024 19:36;20/06/2024 19:36;;Soporte de Celulares;new;3 normal;jamphier.paipay;Sistemas;Unclassified;0;;;0;0;;0;0;;0;;;;;0;;0;;0;;;0;0;;0;;;;;;unlock;new;0;0;0;0;0;0;1;;
273;2024062028000040;16 d 2 h;revisión de indexación;20/06/2024 19:58;20/06/2024 19:58;20/06/2024 19:58;Soporte de Desktop;closed successful;3 normal;margarita.bailon;Operaciones;SOPORTE MAIL;7;;;0;0;;0;0;;0;;;;;0;;0;;0;;;0;0;;0;;;;;;unlock;closed;0;0;0;0;0;0;1;;
274;2024062028000050;16 d 0 h;Problemas con el aplicativo;20/06/2024 22:23;20/06/2024 22:23;20/06/2024 22:23;Soporte de Celulares;closed successful;3 normal;distribuidora.moran;P&G;SOPORTE DE EQUIPOS MOVILES;20;;;0;0;;0;0;;0;;;;;0;;0;;0;;;0;0;;0;;;;;;unlock;closed;0;0;0;0;0;0;1;;
275;2024062028000060;16 d 0 h;No le aparece las preguntas en las encuestas;20/06/2024 22:25;20/06/2024 22:25;20/06/2024 22:25;Soporte de Celulares;closed successful;3 normal;distribuidora.vega;P&G;SOPORTE DE EQUIPOS MOVILES;20;;;0;0;;0;0;;0;;;;;0;;0;;0;;;0;0;;0;;;;;;unlock;closed;0;0;0;0;0;0;1;;
276;2024062128000010;15 d 3 h;PROBLEMAS CON INFORMACIÓN EN IMPACT TRADE;21/06/2024 18:30;23/06/2024 14:29;;Soporte Desarrollo;new;3 normal;luis.prieto@visualimpact.com.pe;luis.prieto@visualimpact.com.pe;Unclassified;0;;;0;0;;0;0;;0;;;;;0;;0;;0;;;0;0;;0;;;;;;unlock;new;0;0;0;0;0;0;1;;
277;2024062128000020;15 d 1 h;REINSTALACION APLICATIVO I RETAIL X;21/06/2024 20:36;21/06/2024 20:36;;Soporte de Celulares;new;3 normal;marlon.incio@visualimpact.com.pe;marlon.incio@visualimpact.com.pe;Unclassified;0;;;0;0;;0;0;;0;;;;;0;;0;;0;;;0;0;;0;;;;;;unlock;new;0;0;0;0;0;0;1;;
278;2024062128000030;15 d 1 h;repeticiones de dos clientes en la cartelera en el aplicativo;21/06/2024 20:43;21/06/2024 20:43;21/06/2024 20:43;Soporte de Celulares;closed successful;3 normal;nestle.canjes;Nestle;SOPORTE DE EQUIPOS MOVILES;15;;;0;0;;0;0;;0;;;;;0;;0;;0;;;0;0;;0;;;;;;unlock;closed;0;0;0;0;0;0;1;;
279;2024062128000040;15 d 1 h;FALLA EN LALPTOP DE LOGISTICA - ALBERTO CASTILLO;21/06/2024 20:45;06/07/2024 17:16;06/07/2024 17:16;Soporte de Desktop;closed successful;3 normal;jose.castillo;Logistica;SOPORTE DE HARWARE;90;;;0;0;;0;0;;0;;;;;0;;0;;0;;;8370;0;;0;;;;;28/06/2024 15:30;unlock;closed;0;1688663764;0;0;0;0;8;;
280;2024062228000010;14 d 7 h;ALVAREZ ROSSI,ANGELA DEYANNIRA -  RECUPERACION DE CONTRASEÑA;22/06/2024 14:28;22/06/2024 14:28;;Soporte de Celulares;open;3 normal;ajeper.lima;Ajeper;SOPORTE DE CREDENCIALES;0;;;0;0;;0;0;;0;;;;;0;;0;;0;;;0;0;;0;;;;;;unlock;open;0;0;0;0;0;0;1;;
281;2024062228000020;14 d 0 h;Problemas con el aplicativo;22/06/2024 21:55;22/06/2024 21:55;22/06/2024 21:55;Soporte de Celulares;closed successful;3 normal;nestle.canjes;Nestle;SOPORTE DE EQUIPOS MOVILES;15;;;0;0;;0;0;;0;;;;;0;;0;;0;;;0;0;;0;;;;;;unlock;closed;0;0;0;0;0;0;1;;
282;2024062228000030;14 d 0 h;Usuario Bloqueado;22/06/2024 21:56;22/06/2024 21:56;22/06/2024 21:56;Soporte de Celulares;closed successful;3 normal;nestle.canjes;Nestle;SOPORTE DE EQUIPOS MOVILES;10;;;0;0;;0;0;;0;;;;;0;;0;;0;;;0;0;;0;;;;;;unlock;closed;0;0;0;0;0;0;1;;
283;2024062328000010;13 d 7 h;Fwd: ACCESOS PARA: ImpactTrade;23/06/2024 14:30;23/06/2024 14:39;23/06/2024 14:39;Soporte de Desktop;closed successful;3 normal;daniel.tucto@visualimpact.com.pe;daniel.tucto@visualimpact.com.pe;SOPORTE DE CREDENCIALES;5;;;0;0;23/06/2024 14:39;0;0;;0;;;;;0;;0;;0;;;9;0;;0;;;;;23/06/2024 14:35;unlock;closed;0;1687531189;0;0;0;0;3;;
284;2024062328000020;13 d 0 h;Usuario Bloqueado;23/06/2024 22:02;23/06/2024 22:02;23/06/2024 22:02;Soporte de Celulares;closed successful;3 normal;nestle.canjes;Nestle;SOPORTE DE EQUIPOS MOVILES;10;;;0;0;;0;0;;0;;;;;0;;0;;0;;;0;0;;0;;;;;;unlock;closed;0;0;0;0;0;0;1;;
285;2024062628000010;10 d 7 h;Usuario bloqueado ImpactTrade;26/06/2024 14:45;26/06/2024 14:49;26/06/2024 14:49;Soporte de Desktop;closed successful;3 normal;daniel.tucto@visualimpact.com.pe;daniel.tucto@visualimpact.com.pe;SOPORTE DE CREDENCIALES;10;;;0;0;26/06/2024 14:49;0;0;;0;;;;;0;;0;;0;;;4;0;;0;;;;;26/06/2024 14:49;unlock;closed;0;1687790977;0;0;0;0;3;;
286;2024062628000020;10 d 7 h;Reinstalación de aplicativo Retail;26/06/2024 15:24;26/06/2024 17:45;;Soporte de Celulares;new;3 normal;marlon.espejo;P&G;Unclassified;0;;;0;0;;0;0;;0;;;;;0;;0;;0;;;0;0;;0;;;;;;unlock;new;0;0;0;0;0;0;2;;
287;2024062628000030;10 d 6 h;USUARIO BLOQUEADO;26/06/2024 15:41;26/06/2024 15:41;26/06/2024 15:41;Soporte de Celulares;closed successful;3 normal;nestle.canjes;Nestle;SOPORTE DE EQUIPOS MOVILES;10;;;0;0;;0;0;;0;;;;;0;;0;;0;;;0;0;;0;;;;;;unlock;closed;0;0;0;0;0;0;1;;
288;2024062628000040;10 d 6 h;USUARIO BLOQUEADO;26/06/2024 15:45;26/06/2024 15:45;26/06/2024 15:45;Soporte de Celulares;closed successful;3 normal;nestle.canjes;Nestle;SOPORTE DE EQUIPOS MOVILES;10;;;0;0;;0;0;;0;;;;;0;;0;;0;;;0;0;;0;;;;;;unlock;closed;0;0;0;0;0;0;1;;
289;2024062628000050;10 d 6 h;Problemas del aplicativo;26/06/2024 15:48;26/06/2024 15:48;26/06/2024 15:48;Soporte de Celulares;closed successful;3 normal;nestle.canjes;Nestle;SOPORTE DE EQUIPOS MOVILES;15;;;0;0;;0;0;;0;;;;;0;;0;;0;;;0;0;;0;;;;;;unlock;closed;0;0;0;0;0;0;1;;
290;2024062628000060;10 d 0 h;Problemas del aplicativo;26/06/2024 21:54;26/06/2024 21:54;26/06/2024 21:54;Soporte de Celulares;closed successful;3 normal;nestle.canjes;Nestle;SOPORTE DE EQUIPOS MOVILES;20;;;0;0;;0;0;;0;;;;;0;;0;;0;;;0;0;;0;;;;;;unlock;closed;0;0;0;0;0;0;1;;
291;2024062728000010;9 d 7 h;USUARIO BLOQUEADO;27/06/2024 14:54;27/06/2024 14:54;27/06/2024 14:54;Soporte de Celulares;closed successful;3 normal;distribuidora.vega;P&G;SOPORTE DE EQUIPOS MOVILES;10;;;0;0;;0;0;;0;;;;;0;;0;;0;;;0;0;;0;;;;;;unlock;closed;0;0;0;0;0;0;1;;
292;2024062728000020;9 d 7 h;Acceso a wifi para Raul;27/06/2024 15:04;27/06/2024 15:04;27/06/2024 15:04;Soporte de Desktop;closed successful;3 normal;luis.vargas;;SOPORTE S.O.;15;;;0;0;;0;0;;0;;;;;0;;0;;0;;;0;0;;0;;;;;;unlock;closed;0;0;0;0;0;0;1;;
293;2024062728000030;9 d 7 h;cobertura de señal;27/06/2024 15:16;27/06/2024 15:16;27/06/2024 15:16;Soporte de Celulares;closed unsuccessful;3 normal;distribuidora.purina;Nestle;SOPORTE DE EQUIPOS MOVILES;10;;;0;0;;0;0;;0;;;;;0;;0;;0;;;0;0;;0;;;;;;unlock;closed;0;0;0;0;0;0;1;;
294;2024062728000040;9 d 5 h;Sala Zoom - viernes 30.06.2024;27/06/2024 16:57;27/06/2024 22:50;27/06/2024 22:50;Soporte de Desktop;closed successful;3 normal;daniel.tucto@visualimpact.com.pe;daniel.tucto@visualimpact.com.pe;Unclassified;0;;;0;0;27/06/2024 22:50;0;0;;0;;;;;0;;0;;0;;;242;0;;0;;;;;27/06/2024 22:50;unlock;closed;0;1687906259;0;0;0;0;2;;
295;2024062728000050;9 d 3 h;cobertura de señal;27/06/2024 19:22;27/06/2024 19:22;27/06/2024 19:22;Soporte de Celulares;closed successful;3 normal;distribuidora.purina;Nestle;SOPORTE DE EQUIPOS MOVILES;15;;;0;0;;0;0;;0;;;;;0;;0;;0;;;0;0;;0;;;;;;unlock;closed;0;0;0;0;0;0;1;;
296;2024062828000010;8 d 8 h;no inicia sesión ImpactTrade;28/06/2024 14:10;28/06/2024 14:10;28/06/2024 14:10;Soporte de Desktop;closed successful;3 normal;nestle.canjes;Nestle;SOPORTE DE CREDENCIALES;6;;;0;0;;0;0;;0;;;;;0;;0;;0;;;0;0;;0;;;;;;unlock;closed;0;0;0;0;0;0;1;;
297;2024062828000020;8 d 6 h;cobertura de señal;28/06/2024 16:14;28/06/2024 16:14;28/06/2024 16:14;Soporte de Celulares;closed successful;3 normal;nestle.canjes;Nestle;SOPORTE DE EQUIPOS MOVILES;20;;;0;0;;0;0;;0;;;;;0;;0;;0;;;0;0;;0;;;;;;unlock;closed;0;0;0;0;0;0;1;;
298;2024062828000030;8 d 3 h;error con carga masiva;28/06/2024 19:21;28/06/2024 19:21;28/06/2024 19:21;Soporte de Desktop;closed successful;3 normal;marisela.gonzales;;SOPORTE DE CREDENCIALES;20;;;0;0;;0;0;;0;;;;;0;;0;;0;;;0;0;;0;;;;;;unlock;closed;0;0;0;0;0;0;1;;
299;2024063028000010;6 d 7 h;Cambio de contraseña;30/06/2024 14:58;30/06/2024 14:58;30/06/2024 14:58;Soporte de Desktop;closed successful;3 normal;nestle.canjes;Nestle;SOPORTE DE CREDENCIALES;10;;;0;0;;0;0;;0;;;;;0;;0;;0;;;0;0;;0;;;;;;unlock;closed;0;0;0;0;0;0;1;;
300;2024063028000020;6 d 7 h;SOLICITUD REINSTALACION RETAIL X;30/06/2024 15:24;30/06/2024 15:27;;Soporte de Celulares;new;3 normal;kasandra.mamani@visualimpact.com.pe;kasandra.mamani@visualimpact.com.pe;Unclassified;0;;;0;0;;0;0;;0;;;;;0;;0;;0;;;0;0;;0;;;;;;unlock;new;0;0;0;0;0;0;2;;
301;2024063028000030;6 d 5 h;RE: CONTRASEÑA PERDIDA;30/06/2024 17:15;30/06/2024 20:07;30/06/2024 20:07;Soporte de Desktop;closed successful;3 normal;paulo.tipacti;Nestle;SOPORTE DE CREDENCIALES;10;;;0;0;;0;0;;0;;;;;0;;0;;0;;;172;0;;0;;;;;30/06/2024 20:07;unlock;closed;0;1688155675;0;0;0;0;2;;
302;2024063028000040;6 d 3 h;Cambio de Tlf Gtm/ Jose Huaman;30/06/2024 19:06;30/06/2024 20:33;;Soporte de Celulares;new;3 normal;jose.huaman@visualimpact.com.pe;jose.huaman@visualimpact.com.pe;Unclassified;0;;;0;0;;0;0;;0;;;;;0;;0;;0;;;0;0;;0;;;;;;unlock;new;0;0;0;0;0;0;2;;
303;2024070328000020;3 d 6 h;ticket  celular Judith Mato;03/07/2024 16:06;03/07/2024 16:06;;Soporte de Celulares;new;3 normal;judith.mato;Sistemas;Unclassified;0;;;0;0;;0;0;;0;;;;;0;;0;;0;;;0;0;;0;;;;;;unlock;new;0;0;0;0;0;0;1;;
304;2024070328000030;3 d 6 h;ticket  celular Judith Mato;03/07/2024 16:06;03/07/2024 16:06;;Soporte de Desktop;new;3 normal;judith.mato;Sistemas;Unclassified;0;;;0;0;;0;0;;0;;;;;0;;0;;0;;;0;0;;0;;;;;;unlock;new;0;0;0;0;0;0;1;;
305;2024070428000010;2 d 7 h;audio de parlante;04/07/2024 15:11;04/07/2024 15:11;04/07/2024 15:11;Soporte de Desktop;closed successful;3 normal;luis.ramos;P&G;SOPORTE DE HARWARE;15;;;0;0;;0;0;;0;;;;;0;;0;;0;;;0;0;;0;;;;;;unlock;closed;0;0;0;0;0;0;1;;
306;2024070428000020;2 d 7 h;desbloqueo y cambio de contraseña;04/07/2024 15:20;04/07/2024 15:20;04/07/2024 15:20;Soporte de Desktop;closed successful;3 normal;nestle.canjes;Nestle;SOPORTE DE CREDENCIALES;6;;;0;0;;0;0;;0;;;;;0;;0;;0;;;0;0;;0;;;;;;unlock;closed;0;0;0;0;0;0;1;;
307;2024070428000030;2 d 6 h;cambio de contraseña;04/07/2024 16:16;04/07/2024 16:16;04/07/2024 16:16;Soporte de Celulares;closed successful;3 normal;nestle.lima;Nestle;SOPORTE DE EQUIPOS MOVILES;15;;;0;0;;0;0;;0;;;;;0;;0;;0;;;0;0;;0;;;;;;unlock;closed;0;0;0;0;0;0;1;;
308;2024070428000040;2 d 6 h;cambio de contraseña;04/07/2024 16:18;04/07/2024 16:18;04/07/2024 16:18;Soporte de Celulares;closed successful;3 normal;nestle.lima;Nestle;SOPORTE DE EQUIPOS MOVILES;15;;;0;0;;0;0;;0;;;;;0;;0;;0;;;0;0;;0;;;;;;unlock;closed;0;0;0;0;0;0;1;;
309;2024070428000050;2 d 6 h;Cambio de contraseña;04/07/2024 16:21;04/07/2024 16:21;04/07/2024 16:21;Soporte de Desktop;closed successful;3 normal;luis.salazar;Nestle;SOPORTE DE CREDENCIALES;5;;;0;0;;0;0;;0;;;;;0;;0;;0;;;0;0;;0;;;;;;unlock;closed;0;0;0;0;0;0;1;;
310;2024070428000060;2 d 3 h;Cambio de contraseña;04/07/2024 19:09;04/07/2024 19:09;04/07/2024 19:09;Soporte de Desktop;closed successful;3 normal;cristihan.rivera;P&G;SOPORTE DE CREDENCIALES;10;;;0;0;;0;0;;0;;;;;0;;0;;0;;;0;0;;0;;;;;;unlock;closed;0;0;0;0;0;0;1;;
311;2024070428000080;1 d 23 h;Fwd: DEVOLUCIÓN   y RECOJO DE EQUIPOS MOVILES;04/07/2024 23:03;04/07/2024 23:03;;Soporte de Celulares;new;3 normal;juan.bolo@visualimpact.com.pe;juan.bolo@visualimpact.com.pe;Unclassified;0;;;0;0;;0;0;;0;;;;;0;;0;;0;;;0;0;;0;;;;;;unlock;new;0;0;0;0;0;0;1;;
312;2024070428000090;1 d 23 h;Fwd: DEVOLUCIÓN   y RECOJO DE EQUIPOS MOVILES;04/07/2024 23:03;06/07/2024 17:13;;Soporte de Celulares;new;3 normal;juan.bolo@visualimpact.com.pe;juan.bolo@visualimpact.com.pe;Unclassified;0;;;0;0;;0;0;;0;;;;;0;;0;;0;;;0;0;;0;;;;;;unlock;new;0;0;0;0;0;0;1;;
313;2024070428000100;1 d 23 h;RE: PROBLEMAS CON LAPTOP- Cambio de Disco duro;04/07/2024 23:03;06/07/2024 17:13;06/07/2024 17:13;Soporte de Desktop;closed successful;3 normal;diana.zuñiga;Elite;SOPORTE DE HARWARE;190;;;0;0;;0;0;;0;;;;;0;;0;;0;;;1333;0;;0;;;;;06/07/2024 17:12;unlock;closed;0;1688663590;0;0;0;0;2;;
314;2024070528000010;1 d 7 h;USUARIO BLOQUEADO;05/07/2024 15:10;05/07/2024 15:10;05/07/2024 15:10;Soporte de Celulares;closed successful;3 normal;nestle.canjes;Nestle;SOPORTE DE EQUIPOS MOVILES;15;;;0;0;;0;0;;0;;;;;0;;0;;0;;;0;0;;0;;;;;;unlock;closed;0;0;0;0;0;0;1;;
315;2024070528000020;1 d 6 h;USUARIO BLOQUEADO;05/07/2024 15:36;05/07/2024 15:36;05/07/2024 15:36;Soporte de Celulares;closed successful;3 normal;nestle.canjes;Nestle;SOPORTE DE EQUIPOS MOVILES;10;;;0;0;;0;0;;0;;;;;0;;0;;0;;;0;0;;0;;;;;;unlock;closed;0;0;0;0;0;0;1;;
316;2024070528000030;1 d 5 h;Re: Habilitar usuario;05/07/2024 16:48;06/07/2024 17:07;06/07/2024 17:07;Soporte de Desktop;closed successful;3 normal;rosa.correa;P&G;SOPORTE DE CREDENCIALES;5;;;0;0;;0;0;;0;;;;;0;;0;;0;;;799;0;;0;;;;;06/07/2024 17:07;unlock;closed;0;1688663259;0;0;0;0;2;;
317;2024070528000040;1 d 1 h;error al imprimir;05/07/2024 21:07;05/07/2024 21:07;05/07/2024 21:07;Soporte de Desktop;closed successful;3 normal;mery.espinoza;;SOPORTE DE HARWARE;7;;;0;0;;0;0;;0;;;;;0;;0;;0;;;0;0;;0;;;;;;unlock;closed;0;0;0;0;0;0;1;;
318;2024070628000010;6 h 15 m;Usuario Gestor;06/07/2024 16:12;06/07/2024 17:07;06/07/2024 17:07;Soporte de Desktop;closed successful;3 normal;judith.garcia;P&G;SOPORTE DE CREDENCIALES;10;;;0;0;06/07/2024 17:07;0;0;;0;;;;;0;;0;;0;;;54;0;;0;;;;;06/07/2024 17:06;unlock;closed;0;1688663222;0;0;0;0;2;;
319;2024070628000020;4 h 12 m;bloqueo de usuario;06/07/2024 18:15;06/07/2024 18:15;06/07/2024 18:15;Soporte de Celulares;closed successful;3 normal;nestle.canjes;Nestle;SOPORTE DE EQUIPOS MOVILES;10;;;0;0;;0;0;;0;;;;;0;;0;;0;;;0;0;;0;;;;;;unlock;closed;0;0;0;0;0;0;1;;
320;2024070628000030;4 h 10 m;ENCUESTAS;06/07/2024 18:17;06/07/2024 18:17;06/07/2024 18:17;Soporte de Celulares;closed successful;3 normal;distribuidora.moran;P&G;SOPORTE DE EQUIPOS MOVILES;15;;;0;0;;0;0;;0;;;;;0;;0;;0;;;0;0;;0;;;;;;unlock;closed;0;0;0;0;0;0;1;;
321;2024070628000040;32 m;CREAR SALA ZOOM - CUENTA P&G | VISUAL SUR Y NORTE;06/07/2024 21:55;06/07/2024 22:13;06/07/2024 22:01;Soporte de Desktop;closed successful;3 normal;luis.prieto@visualimpact.com.pe;luis.prieto@visualimpact.com.pe;SOPORTE MAIL;10;;;0;0;06/07/2024 22:01;0;0;;0;;;;;0;;0;;0;;;0;0;;0;;;;;06/07/2024 21:58;lock;closed;0;1688681603;0;0;0;0;2;;
322;2024070628000050;11 m;problemas con el outlook;06/07/2024 22:16;06/07/2024 22:16;06/07/2024 22:16;Soporte de Desktop;closed successful;3 normal;carmen.tubilla;Nestle;SOPORTE MAIL;70;;;0;0;;0;0;;0;;;;;0;;0;;0;;;0;0;;0;;;;;06/07/2024 22:16;unlock;closed;0;1688681812;0;0;0;0;2;;
323;2024070628000060;9 m;problemas con guardado de archivos;06/07/2024 22:18;06/07/2024 22:19;06/07/2024 22:19;Soporte de Desktop;closed successful;3 normal;maria.barrios;Nestle;SOPORTE S.O.;20;;;0;0;;0;0;;0;;;;;0;;0;;0;;;0;0;;0;;;;;06/07/2024 22:18;unlock;closed;0;1688681951;0;0;0;0;2;;
324;2024070628000070;8 m;problemas con el controlador (driver);06/07/2024 22:19;06/07/2024 22:23;06/07/2024 22:23;Soporte de Desktop;closed successful;3 normal;edson.polo;P&G;SOPORTE S.O.;15;;;0;0;;0;0;;0;;;;;0;;0;;0;;;0;0;;0;;;;;06/07/2024 22:19;unlock;closed;0;1688682194;0;0;0;0;2;;
325;2024070628000080;2 m;problemas con el correo de salida;06/07/2024 22:25;06/07/2024 22:26;06/07/2024 22:26;Soporte de Desktop;closed successful;3 normal;miguel.huapaya;Nestle;SOPORTE MAIL;15;;;0;0;;0;0;;0;;;;;0;;0;;0;;;0;0;;0;;;;;06/07/2024 22:25;unlock;closed;0;1688682362;0;0;0;0;2;;
326;2024070728000020;6 d 0 h;Desbloqueo de Acceso Impact Trade;07/07/2024 14:24;07/07/2024 16:02;07/07/2024 16:02;Soporte de Desktop;closed successful;3 normal;cesar.caballero@visualimpact.com.pe;cesar.caballero@visualimpact.com.pe;SOPORTE DE APLICATIVOS;10;;;0;0;07/07/2024 16:02;0;0;;0;;;;;0;;0;;0;;;97;0;;0;;;;;07/07/2024 16:01;unlock;closed;0;1688745721;0;0;0;0;2;;
327;2024070728000030;5 d 23 h;Reinstalar RetailX;07/07/2024 15:03;07/07/2024 16:00;;Soporte de Celulares;new;3 normal;rosa.correa;P&G;Unclassified;0;;;0;0;;0;0;;0;;;;;0;;0;;0;;;0;0;;0;;;;;;unlock;new;0;0;0;0;0;0;1;;
328;2024070728000050;5 d 21 h;RECOJO EQUIPO MOVIL GTM;07/07/2024 16:39;07/07/2024 16:39;;Soporte de Celulares;new;3 normal;juan.bolo@visualimpact.com.pe;juan.bolo@visualimpact.com.pe;Unclassified;0;;;0;0;;0;0;;0;;;;;0;;0;;0;;;0;0;;0;;;;;;unlock;new;0;0;0;0;0;0;1;;
329;2024070728000060;5 d 21 h;RECOJO EQUIPO MOVIL GTM;07/07/2024 16:39;07/07/2024 16:39;;Soporte de Desktop;new;3 normal;juan.bolo@visualimpact.com.pe;juan.bolo@visualimpact.com.pe;Unclassified;0;;;0;0;;0;0;;0;;;;;0;;0;;0;;;0;0;;0;;;;;;unlock;new;0;0;0;0;0;0;1;;
330;2024070728000070;5 d 17 h;"VILLAR CARHUACHAGUA,JOSE CARLOS	 EQUIPO NO AVANZA";07/07/2024 20:56;07/07/2024 20:56;;Soporte de Celulares;open;3 normal;procter.lima;P&G;SOPORTE DE EQUIPOS MOVILES;0;;;0;0;;0;0;;0;;;;;0;;0;;0;;;0;0;;0;;;;;;unlock;open;0;0;0;0;0;0;1;;
331;2024071028000010;3 d 0 h;Instalacion Retail X;10/07/2024 14:21;10/07/2024 14:21;;Soporte de Celulares;new;3 normal;judith.garcia;P&G;Unclassified;0;;;0;0;;0;0;;0;;;;;0;;0;;0;;;0;0;;0;;;;;;unlock;new;0;0;0;0;0;0;1;;
332;2024071028000020;3 d 0 h;RE: SOLICITUD DE CAMBIO DE CONTRASEÑAS INTRANET;10/07/2024 14:27;10/07/2024 14:27;;Soporte de Desktop;new;3 normal;jamphier.paipay;Sistemas;Unclassified;0;;;0;0;;0;0;;0;;;;;0;;0;;0;;;0;0;;0;;;;;;unlock;new;0;0;0;0;0;0;1;;
333;2024071028000040;2 d 23 h;RE: RECOJO EQUIPO MOVIL GTM;10/07/2024 14:30;10/07/2024 14:30;;Soporte de Celulares;new;3 normal;jahaira.paredes;Sistemas;Unclassified;0;;;0;0;;0;0;;0;;;;;0;;0;;0;;;0;0;;0;;;;;;unlock;new;0;0;0;0;0;0;1;;
334;2024071028000050;2 d 23 h;RE: RECOJO EQUIPO MOVIL GTM;10/07/2024 14:30;11/07/2024 21:59;;Soporte de Celulares;new;3 normal;jahaira.paredes;Sistemas;Unclassified;0;;;0;0;;0;0;;0;;;;;0;;0;;0;;;0;0;;0;;;;;;unlock;new;0;0;0;0;0;0;1;;
335;2024071028000060;2 d 22 h;USUARIO BLOQUEADO;10/07/2024 15:59;10/07/2024 15:59;10/07/2024 15:59;Soporte de Celulares;closed successful;3 normal;nestle.canjes;Nestle;SOPORTE DE EQUIPOS MOVILES;15;;;0;0;;0;0;;0;;;;;0;;0;;0;;;0;0;;0;;;;;;unlock;closed;0;0;0;0;0;0;1;;
336;2024071028000070;2 d 22 h;USUARIO BLOQUEADO;10/07/2024 16:00;10/07/2024 16:00;10/07/2024 16:00;Soporte de Celulares;closed successful;3 normal;nestle.canjes;;SOPORTE DE EQUIPOS MOVILES;15;;;0;0;;0;0;;0;;;;;0;;0;;0;;;0;0;;0;;;;;;unlock;closed;0;0;0;0;0;0;1;;
337;2024071128000010;2 d 0 h;FALLA APLICATIVO E INTRANET PURINA;11/07/2024 14:15;11/07/2024 14:24;;Soporte de Desktop;new;3 normal;miguel.huapaya;Nestle;Unclassified;0;;;0;0;;0;0;;0;;;;;0;;0;;0;;;0;0;;0;;;;;;unlock;new;0;0;0;0;0;0;2;;
338;2024071128000020;2 d 0 h;SOPORTE CELULAR LORENA CAMARGO;11/07/2024 14:21;12/07/2024 22:42;;Soporte de Celulares;new;3 normal;miguel.huapaya;Nestle;Unclassified;0;;;0;0;;0;0;;0;;;;;0;;0;;0;;;0;0;;0;;;;;;unlock;new;0;0;0;0;0;0;2;;
339;2024071128000030;1 d 21 h;Personal con problemas con Retailx;11/07/2024 16:42;11/07/2024 19:33;;Soporte de Celulares;new;3 normal;eduardo.espinoza;P&G;Unclassified;0;;;0;0;;0;0;;0;;;;;0;;0;;0;;;0;0;;0;;;;;;unlock;new;0;0;0;0;0;0;2;;
340;2024071128000040;1 d 20 h;Re: Cambio de clave;11/07/2024 17:30;11/07/2024 21:59;11/07/2024 21:59;Soporte de Desktop;closed successful;3 normal;iris.cometivos;P&G;SOPORTE DE CREDENCIALES;10;;;0;0;;0;0;;0;;;;;0;;0;;0;;;209;0;;0;;;;;11/07/2024 21:59;unlock;closed;0;1689112765;0;0;0;0;2;;
341;2024071128000050;1 d 19 h;acceso ImpactTrade;11/07/2024 19:04;11/07/2024 19:04;11/07/2024 19:04;Soporte de Desktop;closed successful;3 normal;cristihan.rivera;P&G;SOPORTE DE CREDENCIALES;5;;;0;0;;0;0;;0;;;;;0;;0;;0;;;0;0;;0;;;;;;unlock;closed;0;0;0;0;0;0;1;;
342;2024071128000060;1 d 19 h;cambio de fecha de inicio;11/07/2024 19:06;11/07/2024 19:06;11/07/2024 19:06;Soporte de Desktop;closed successful;3 normal;ingrid.peralta;P&G;SOPORTE DE APLICATIVOS;10;;;0;0;;0;0;;0;;;;;0;;0;;0;;;0;0;;0;;;;;;unlock;closed;0;0;0;0;0;0;1;;
343;2024071128000070;1 d 16 h;creacion de contraseña;11/07/2024 21:38;11/07/2024 21:38;11/07/2024 21:38;Soporte de Celulares;closed successful;3 normal;nestle.canjes;Nestle;SOPORTE DE EQUIPOS MOVILES;10;;;0;0;;0;0;;0;;;;;0;;0;;0;;;0;0;;0;;;;;;unlock;closed;0;0;0;0;0;0;1;;
344;2024071228000010;1 d 12 h;CAMBIOS DE EQUIPOS MOVILES | SPOC HSM;12/07/2024 01:51;12/07/2024 01:51;;Soporte de Celulares;new;3 normal;ronald.salluca;P&G;Unclassified;0;;;0;0;;0;0;;0;;;;;0;;0;;0;;;0;0;;0;;;;;;unlock;new;0;0;0;0;0;0;1;;
345;2024071228000030;23 h 51 m;Reestablecimiento Clave Intranet;12/07/2024 14:36;12/07/2024 16:30;12/07/2024 15:57;Soporte de Desktop;open;3 normal;judith.garcia;P&G;Unclassified;10;;;0;0;12/07/2024 15:57;0;0;;0;;;;;0;;0;;0;;;81;0;;0;;;;;12/07/2024 15:56;lock;open;0;1689179409;0;0;0;0;3;;
346;2024071228000050;22 h 19 m;SOLICITUD DE REINSTALACION RETAIL X;12/07/2024 16:09;12/07/2024 16:30;;Soporte de Celulares;new;3 normal;milton.cuadra@visualimpact.com.pe;milton.cuadra@visualimpact.com.pe;Unclassified;0;;;0;0;;0;0;;0;;;;;0;;0;;0;;;0;0;;0;;;;;;unlock;new;0;0;0;0;0;0;3;;
347;2024071228000060;21 h 45 m;RE: Nueva versión de retailX 1.8.4;12/07/2024 16:42;13/07/2024 01:42;;Soporte de Desktop;new;3 normal;walter.becerra;P&G;Unclassified;0;;;0;0;;0;0;;0;;;;;0;;0;;0;;;0;0;;0;;;;;;unlock;new;0;0;0;0;0;0;2;;
348;2024071228000070;17 h 13 m;RE: CAMBIO DE CONTRASEÑA USUARIO GTM;12/07/2024 21:15;13/07/2024 14:22;;Soporte de Desktop;new;3 normal;warrens.flores;Ajeper;SOPORTE DE CREDENCIALES;0;;;0;0;;0;0;;0;;;;;0;;0;;0;;;0;0;;0;;;;;;unlock;new;0;0;0;0;0;0;1;;
349;2024071228000080;16 h 33 m;conexión BI a BD;12/07/2024 21:54;12/07/2024 21:54;12/07/2024 21:54;Soporte de Desktop;closed successful;3 normal;luis.salazar;Nestle;SOPORTE DE SOFTWARE LAPTOP;17;;;0;0;;0;0;;0;;;;;0;;0;;0;;;0;0;;0;;;;;;unlock;closed;0;0;0;0;0;0;1;;
350;2024071328000010;1 h 33 m;soporte celular;13/07/2024 12:54;13/07/2024 12:54;;Soporte de Celulares;new;3 normal;eduardo.landeo;P&G;Unclassified;0;;;0;0;;0;0;;0;;;;;0;;0;;0;;;0;0;;0;;;;;;unlock;new;0;0;0;0;0;0;1;;
351;2024071328000020;1 h 33 m;soporte celular;13/07/2024 12:54;13/07/2024 14:21;;Soporte de Celulares;new;3 normal;eduardo.landeo;P&G;Unclassified;0;;;0;0;;0;0;;0;;;;;0;;0;;0;;;0;0;;0;;;;;;unlock;new;0;0;0;0;0;0;1;;
352;2024071328000030;51 m;SOLICITUD DE REINSTALACION RETAIL X;13/07/2024 13:36;13/07/2024 13:36;;Soporte de Celulares;new;3 normal;milton.cuadra@visualimpact.com.pe;milton.cuadra@visualimpact.com.pe;Unclassified;0;;;0;0;;0;0;;0;;;;;0;;0;;0;;;0;0;;0;;;;;;unlock;new;0;0;0;0;0;0;1;;
353;2024071328000040;22 m;Solicitud Reinstalacion ReatilX Usuario Gtm109 y Visual32;13/07/2024 14:06;13/07/2024 14:06;;Soporte de Celulares;new;3 normal;richard.castro;P&G;Unclassified;0;;;0;0;;0;0;;0;;;;;0;;0;;0;;;0;0;;0;;;;;;unlock;new;0;0;0;0;0;0;1;;
354;2024071328000050;4 m;SOLICITUD REINSTALACION RETAIL X;13/07/2024 14:24;13/07/2024 14:24;;Soporte de Celulares;new;3 normal;abel.ccellccascca@visualimpact.com.pe;abel.ccellccascca@visualimpact.com.pe;Unclassified;0;;;0;0;;0;0;;0;;;;;0;;0;;0;;;0;0;;0;;;;;;unlock;new;0;0;0;0;0;0;1;;
355;;;SOLICITUD DE CLAVES PARA REVISIÓN DE BOLETAS;;;;Soporte de Desktop;closed successful;3 normal;cristhian.ramirez@visualimpact.com.pe;cristhian.ramirez@visualimpact.com.pe;Unclassified;15;;;0;0;2022-06-01 15:03:02;0;0;;0;;;;;0;;0;;0;;;423;0;;0;;;;;2022-06-01 14:44:24;unlock;closed;0;1654095782;0;0;0;0;2;;
356;2024050228000010;;BLOQUEO USUARIO GTM AREQUIPA;15/07/2024 12:24;;;Soporte de Desktop;closed successful;3 normal;yuri.zeballos@visualimpact.com.pe;yuri.zeballos@visualimpact.com.pe;Unclassified;10;;;0;0;;0;0;;0;;;;;0;;0;;0;;;120;0;;0;;;;;2022-06-01 15:45:54;unlock;closed;0;1654098369;0;0;0;0;4;;
357;2024050228000020;;Oportunidad levantamiento SOS;15/07/2024 14:42;;;Soporte de Celulares;closed successful;3 normal;teo.trujillo;P&G;Unclassified;20;;;0;0;2022-06-01 15:35:06;0;0;;0;;;;;0;;0;;0;;;43;0;;0;;;;;2022-06-01 15:33:31;unlock;closed;0;1654097706;0;0;0;0;2;;
358;2024050228000030;;RV: VISUAL IMPACT SAC - REQUERIMIENTO FINALIZADO;15/07/2024 14:48;;;Soporte de Desktop;closed successful;3 normal;ingrid.peralta;P&G;Unclassified;20;;;0;0;;0;0;;0;;;;;0;;0;;0;;;29;0;;0;;;;;2022-06-01 15:28:32;unlock;closed;0;1654098830;0;0;0;0;4;;
359;2024050228000040;;FALLA DE EQUIPO MOVIL;15/07/2024 15:03;;;Soporte de Celulares;open;3 normal;rosa.correa@visualimpact.com.pe;rosa.correa@visualimpact.com.pe;Unclassified;10;;;0;0;2022-06-01 16:51:02;0;0;;0;;;;;0;;0;;0;;;0;0;;0;;;;;2022-06-01 16:43:10;lock;open;0;1654138283;0;0;0;0;3;;
360;2024050228000050;;Usuario bloqueado;15/07/2024 15:10;;;Soporte de Desktop;closed successful;3 normal;gmartinez@dijisa.com.pe;gmartinez@dijisa.com.pe;Unclassified;5;;;0;0;2022-06-01 21:17:45;0;0;;0;;;;;0;;0;;0;;;218;0;;0;;;;;2022-06-01 21:17:19;unlock;closed;0;1654118265;0;0;0;0;3;;
361;2024050228000060;;Creación de Usuario;15/07/2024 15:27;;;Soporte de Desktop;closed successful;3 normal;walter.becerra;P&G;Unclassified;10;;;0;0;;0;0;;0;;;;;0;;0;;0;;;20;0;;0;;;;;2022-06-01 20:54:02;unlock;closed;0;1654118191;0;0;0;0;3;;
362;2024050228000070;;Fwd: CUENTA DESACTIVADA RQ I-NES-001451;15/07/2024 16:15;;;Soporte de Desktop;closed successful;3 normal;carol.silva;RRHH;BLOQUEO DE USUARIO;20;;;0;0;2022-06-01 20:53:21;0;0;;0;;;;;0;;0;;0;;;17;0;;0;;;;;2022-06-01 20:52:30;unlock;closed;0;1654145671;0;0;0;0;6;;
363;2024050228000080;;Creación de Accesos Impact Trade - usuario externo auditor;15/07/2024 16:18;;;Soporte de Desktop;closed successful;3 normal;rafael.loyola;P&G;Unclassified;20;;;0;0;;0;0;;0;;;;;0;;0;;0;;;0;0;;0;;;;;2022-06-02 01:28:02;unlock;closed;0;1654133449;0;0;0;0;4;;
364;2024050228000090;;Hurto de equipo móvil GTM ISM Arequipa;15/07/2024 19:15;;;Soporte de Celulares;new;3 normal;ronald.salluca;P&G;Unclassified;0;;;0;0;;0;0;;0;;;;;0;;0;;0;;;0;0;;0;;;;;;unlock;new;0;0;0;0;0;0;1;;
365;2024050228000100;;Problemas con ingreso de contingencia al sistema;15/07/2024 20:15;;;Soporte Desarrollo;new;3 normal;sayra.aguilar;P&G;Unclassified;0;;;0;0;;0;0;;0;;;;;0;;0;;0;;;0;0;;0;;;;;;unlock;new;0;0;0;0;0;0;3;;
366;2024050228000110;;Creación de Accesos Impact Trade - usuario externo auditor;15/07/2024 20:20;;;Soporte de Desktop;closed successful;3 normal;rafael.loyola;P&G;Unclassified;15;;;0;0;2022-06-02 15:31:04;0;0;;0;;;;;0;;0;;0;;;451;0;;0;;;;;2022-06-02 15:30:15;unlock;closed;0;1654183864;0;0;0;0;2;;
367;2024050228000120;;"VALERIANO RAMIREZ,ANJELA ANDREA	- REINSTALACION DEL PERFIL";15/07/2024 20:40;;;Soporte de Celulares;closed successful;3 normal;procter.lima;P&G;SOPORTE DE APLICACIONES;10;;;0;0;;0;0;;0;;;;;0;;0;;0;;;0;0;;0;;;;;;unlock;closed;0;0;0;0;0;0;1;;
368;2024050228000130;;Sala Zoom;15/07/2024 20:42;;;Soporte de Desktop;closed successful;3 normal;walter.becerra;P&G;Unclassified;10;;;0;0;2022-06-02 15:09:38;0;0;;0;;;;;0;;0;;0;;;3;0;;0;;;;;2022-06-02 15:09:21;unlock;closed;0;1654182578;0;0;0;0;2;;
369;2024050228000140;;Solicitud: Habilitar correo electronico;15/07/2024 20:46;;;Soporte de Desktop;closed successful;3 normal;teo.trujillo;P&G;Unclassified;10;;;0;0;2022-06-02 16:35:39;0;0;;0;;;;;0;;0;;0;;;1670;0;;0;;;;;2022-06-02 16:35:14;unlock;closed;0;1654539482;0;0;0;0;6;;
370;2024050228000150;;GALAN FIESTAS,LUIS JHORDAN - REINSTLACION RETAIL X;15/07/2024 20:48;;;Soporte de Celulares;closed successful;3 normal;procter.lima;P&G;SOPORTE DE APLICACIONES;10;;;0;0;;0;0;;0;;;;;0;;0;;0;;;0;0;;0;;;;;;unlock;closed;0;0;0;0;0;0;1;;
371;2024050228000160;;Creación de Accesos Impact Trade - usuario externo auditor;15/07/2024 20:49;;;Soporte de Desktop;closed successful;3 normal;rafael.loyola;P&G;Unclassified;15;;;0;0;;0;0;;0;;;;;0;;0;;0;;;578;0;;0;;;;;2022-06-03 17:27:44;unlock;closed;0;1654277916;0;0;0;0;3;;
372;2024050328000010;;Problemas para conectarme a la web Visual;16/07/2024 01:33;;;Soporte de Desktop;closed successful;3 normal;teo.trujillo;P&G;Unclassified;0;;;0;0;;0;0;;0;;;;;0;;0;;0;;;775;0;;0;;;;;2022-06-06 15:43:20;unlock;closed;0;1654530227;0;0;0;0;2;;
373;2024050328000020;;"VELASQUEZ SAYAN,PATRICIA	- REINSTALACION RETAILX";16/07/2024 13:12;;;Soporte de Celulares;closed successful;3 normal;procter.lima;P&G;SOPORTE DE APLICACIONES;10;;;0;0;;0;0;;0;;;;;0;;0;;0;;;0;0;;0;;;;;;unlock;closed;0;0;0;0;0;0;1;;
374;2024050328000030;;"DIAZ DIAZ,KATYA ROXANA	- REINSTALACION RETAIL X";16/07/2024 13:56;;;Soporte de Celulares;closed successful;3 normal;procter.lima;P&G;SOPORTE DE APLICACIONES;10;;;0;0;;0;0;;0;;;;;0;;0;;0;;;0;0;;0;;;;;;unlock;closed;0;0;0;0;0;0;1;;
375;2024050328000040;;F-TIV-004- FORMATO SOLICITUD DE CREDENCIALES INFORMATICAS;16/07/2024 14:09;;;Soporte de Desktop;closed successful;3 normal;milser.lozano@visualimpact.com.pe;milser.lozano@visualimpact.com.pe;Unclassified;10;;;0;0;2022-06-03 16:25:48;0;0;;0;;;;;0;;0;;0;;;4;0;;0;;;;;2022-06-03 16:22:10;unlock;closed;0;1654273548;0;0;0;0;2;;
376;2024050328000050;;"ESCOBAR MOREYRA,JHOSEPT DITTER	- REINSTALACION RETAIL X";16/07/2024 14:21;;;Soporte de Celulares;closed successful;3 normal;procter.lima;P&G;SOPORTE DE APLICACIONES;10;;;0;0;;0;0;;0;;;;;0;;0;;0;;;0;0;;0;;;;;;unlock;closed;0;0;0;0;0;0;1;;
377;2024050328000060;;Cambio de contraseña;16/07/2024 14:54;;;Soporte de Desktop;closed successful;3 normal;milser.lozano;Asturias y Aragón;SOPORTE DE CONSULTA;5;;;0;0;;0;0;;0;;;;;0;;0;;0;;;0;0;;0;;;;;2022-06-03 16:37:18;unlock;closed;0;1654274238;0;0;0;0;1;;
378;2024050328000070;;Reenviar: Habilitar Usuario de Spoc Dussan Caceres | JULIACA;16/07/2024 15:12;;;Soporte de Desktop;closed successful;3 normal;manuel.sanchez;P&G;Unclassified;10;;;0;0;2022-06-03 17:09:41;0;0;;0;;;;;0;;0;;0;;;18;0;;0;;;;;2022-06-03 17:09:16;unlock;closed;0;1654276181;0;0;0;0;2;;
379;2024050328000080;;INSTALACION MICROSOFT TEAMS;16/07/2024 15:18;;;Soporte de Desktop;closed successful;3 normal;miguel.huapaya;Nestle;Unclassified;10;;;0;0;;0;0;;0;;;;;0;;0;;0;;;4356;0;;0;;;;;2022-06-13 15:15:27;unlock;closed;0;1655133348;0;0;0;0;3;;
380;2024050328000090;;RE: INSTALACION MICROSOFT TEAMS;16/07/2024 15:18;;;Soporte de Desktop;closed successful;3 normal;miguel.huapaya;Nestle;Unclassified;5;;;0;0;;0;0;;0;;;;;0;;0;;0;;;1954;0;;0;;;;;2022-06-08 14:28:10;unlock;closed;0;1654698509;0;0;0;0;2;;
381;2024050328000100;;URGENTE! HABILITAR CORREO DUSSAN CACERES | SPOC JULIACA;16/07/2024 15:36;;;Soporte de Desktop;closed successful;3 normal;jose.oballe;P&G;Unclassified;0;;;0;0;2022-06-06 15:23:22;0;0;;0;;;;;0;;0;;0;;;98;0;;0;;;;;2022-06-06 15:19:07;unlock;closed;0;1654529002;0;0;0;0;2;;
382;2024050328000110;;"ASTETE CHAUPIN,JEANPIERRE ADRIAN	- RESINSTALAION MDM";16/07/2024 15:48;;;Soporte de Celulares;closed successful;3 normal;procter.lima;P&G;SOPORTE MDM;30;;;0;0;;0;0;;0;;;;;0;;0;;0;;;0;0;;0;;;;;;unlock;closed;0;0;0;0;0;0;1;;
383;2024050328000120;;RE: DESBLOQUEAR USUARIO IMPACT TRADE | DUSSAN CACERES;16/07/2024 15:54;;;Soporte de Desktop;closed successful;3 normal;jamphier.paipay;Sistemas;Unclassified;10;;;0;0;;0;0;;0;;;;;0;;0;;0;;;179;0;;0;;;;;2022-06-06 15:27:42;unlock;closed;0;1654539465;0;0;0;0;4;;
384;2024050328000130;;VASQUEZ VALLE,MARTHITA HILMER - REINSTALACION MDM;16/07/2024 20:19;;;Soporte de Celulares;closed successful;3 normal;procter.lima;P&G;SOPORTE MDM;40;;;0;0;;0;0;;0;;;;;0;;0;;0;;;0;0;;0;;;;;;unlock;closed;0;0;0;0;0;0;1;;
385;2024050328000140;;Requerimiento RRHH.;16/07/2024 20:24;;;Soporte de Desktop;closed successful;3 normal;walter.becerra;P&G;Unclassified;10;;;0;0;2022-06-06 17:24:08;0;0;;0;;;;;0;;0;;0;;;32;0;;0;;;;;2022-06-06 17:23:35;unlock;closed;0;1654536248;0;0;0;0;2;;
386;2024050328000150;;Problemas con outlook;16/07/2024 20:30;;;Soporte de Desktop;closed successful;3 normal;sara.mendoza;P&G;SOPORTE DE APLICACIONES;50;;;0;0;;0;0;;0;;;;;0;;0;;0;;;0;0;;0;;;;;2022-06-06 17:25:35;unlock;closed;0;1654536374;0;0;0;0;2;;
387;2024050428000010;;Urgente: Instalación de Mobilcontrol GTM Franklin Lima Pintado;17/07/2024 14:09;;;Soporte de Celulares;closed successful;3 normal;fiorela.gil;P&G;Unclassified;50;;;0;0;2022-06-07 22:28:08;0;0;;0;;;;;0;;0;;0;;;962;0;;0;;;;;2022-06-07 22:27:46;unlock;closed;0;1654640888;0;0;0;0;4;;
388;2024050428000020;;perdida de contraseña de gmail;17/07/2024 15:24;;;Soporte de Desktop;closed successful;3 normal;bertha.zuniga;Nestle;Unclassified;10;;;0;0;;0;0;;0;;;;;0;;0;;0;;;0;0;;0;;;;;2022-06-06 21:14:34;unlock;closed;0;1654550102;0;0;0;0;2;;
389;2024050428000030;;Re: VISUAL IMPACT SAC - REQUERIMIENTO FINALIZADO;17/07/2024 15:27;;;Soporte de Desktop;closed successful;3 normal;jose.oballe;P&G;Unclassified;15;;;0;0;;0;0;;0;;;;;0;;0;;0;;;769;0;;0;;;;;2022-06-07 20:49:32;lock;closed;0;1654635293;0;0;0;0;2;;
390;2024050428000040;;"SALAZAR HERRERA,CHRIS KAREN	- REINICIO DE FABRICA";17/07/2024 15:51;;;Soporte de Celulares;closed successful;3 normal;procter.lalibertad;P&G;SOPORTE FALLA DE CELULAR;40;;;0;0;;0;0;;0;;;;;0;;0;;0;;;0;0;;0;;;;;;unlock;closed;0;0;0;0;0;0;1;;
391;2024050428000050;;"VALVERDE LUJAN,SERGEI SAULO	- RESTABLECER MDM";17/07/2024 16:52;;;Soporte de Celulares;closed successful;3 normal;nestle.lalibertad;Nestle;SOPORTE MDM;50;;;0;0;;0;0;;0;;;;;0;;0;;0;;;0;0;;0;;;;;;unlock;closed;0;0;0;0;0;0;1;;
392;2024050428000060;;HENRIQUEZ MOSTACERO,OMAR WILLYAM - REINSTALACION MDM;17/07/2024 19:07;;;Soporte de Celulares;closed successful;3 normal;nestle.lalibertad;Nestle;SOPORTE MDM;50;;;0;0;;0;0;;0;;;;;0;;0;;0;;;0;0;;0;;;;;;unlock;closed;0;0;0;0;0;0;1;;
393;2024050528000010;;instalación de aplicativo BCP (mobil);18/07/2024 12:54;;;Soporte de Celulares;closed successful;3 normal;eduardo.espinoza;P&G;SOPORTE DE APLICACIONES;150;;;0;0;;0;0;;0;;;;;0;;0;;0;;;0;0;;0;;;;;2022-06-07 22:43:55;unlock;closed;0;1654641893;0;0;0;0;2;;
394;2024050528000020;;EQUIPO MOVIL CON PROBLEMAS DE BATERIA;18/07/2024 13:57;;;Soporte de Celulares;new;3 normal;luis.ramos@visualimpact.com.pe;luis.ramos@visualimpact.com.pe;Unclassified;0;;;0;0;;0;0;;0;;;;;0;;0;;0;;;0;0;;0;;;;;;unlock;new;0;0;0;0;0;0;4;;
395;2024050528000030;;PROBLEMAS DE INGRESO APP IMPACT TRADE AREQUIPA;18/07/2024 19:20;;;Soporte de Desktop;closed successful;3 normal;yuri.zeballos;P&G;Unclassified;10;;;0;0;2022-06-08 14:20:30;0;0;;0;;;;;0;;0;;0;;;1882;0;;0;;;;;2022-06-08 14:19:09;unlock;closed;0;1654890068;0;0;0;0;3;;
396;2024050528000040;;Desbloqueo de usuario;18/07/2024 19:03;;;Soporte de Desktop;closed successful;3 normal;eduardo.landeo;P&G;BLOQUEO DE USUARIO;10;;;0;0;2022-06-08 15:19:25;0;0;;0;;;;;0;;0;;0;;;24;0;;0;;;;;2022-06-08 15:18:59;unlock;closed;0;1654701565;0;0;0;0;2;;
397;2024050628000010;;restablecimiento de equipo celular;19/07/2024 00:51;;;Soporte de Celulares;closed successful;3 normal;procter.lima;P&G;SOPORTE MDM;50;;;0;0;;0;0;;0;;;;;0;;0;;0;;;0;0;;0;;;;;2022-06-08 15:14:10;unlock;closed;0;1654701269;0;0;0;0;2;;
398;2024050628000020;;Agregar tipo de Premiacion;19/07/2024 16:13;;;Soporte Desarrollo;new;3 normal;yessica.montenegro;P&G;Unclassified;0;;;0;0;;0;0;;0;;;;;0;;0;;0;;;0;0;;0;;;;;;unlock;new;0;0;0;0;0;0;1;;
399;2024050828000020;;APERTURA DE CONTINGENCIA - ASISTENCIA;19/07/2024 20:30;;;Soporte Desarrollo;new;3 normal;gabriela.ore;P&G;Unclassified;0;;;0;0;;0;0;;0;;;;;0;;0;;0;;;0;0;;0;;;;;;unlock;new;0;0;0;0;0;0;1;;
400;2024051028000010;;Reestablecimiento de contraseña Intranet 08.06;19/07/2024 02:03;;;Soporte de Desktop;closed successful;3 normal;teo.trujillo;P&G;BLOQUEO DE USUARIO;10;;;0;0;2022-06-09 14:32:46;0;0;;0;;;;;0;;0;;0;;;407;0;;0;;;;;2022-06-09 14:32:36;unlock;closed;0;1654785166;0;0;0;0;2;;
401;2024051028000020;;Desbloquear Usuario.;19/07/2024 14:15;;;Soporte de Desktop;closed successful;3 normal;yessica.montenegro;P&G;BLOQUEO DE USUARIO;10;;;0;0;2022-06-09 14:29:21;0;0;;0;;;;;0;;0;;0;;;95;0;;0;;;;;2022-06-09 14:29:10;unlock;closed;0;1654784961;0;0;0;0;2;;
402;2024051028000030;;Solicitud de credenciales de ImpactRRHH;19/07/2024 14:21;;;Soporte de Desktop;closed successful;3 normal;kelly.minchan;Finanzas;SOPORTE DE CONSULTA;10;;;0;0;;0;0;;0;;;;;0;;0;;0;;;0;0;;0;;;;;2022-06-09 15:49:57;unlock;closed;0;1654789797;0;0;0;0;1;;
403;2024051028000040;;MENDOZA RIVERA,DANIELA EVELYN -  EVALUACION DE EQUIPO;19/07/2024 16:33;;;Soporte de Celulares;open;3 normal;jahaira.paredes;Sistemas;Unclassified;40;;;0;0;2022-06-10 16:26:46;0;0;;0;;;;;0;;0;;0;;;740;0;;0;;;;;2022-06-10 16:26:06;lock;open;0;1654878626;0;0;0;0;3;;
404;2024051028000050;;CONECTAR DATOS DE CELULAR A LAPTOP;19/07/2024 19:39;;;Soporte de Desktop;closed successful;3 normal;joel.villanueva;Nestle;Unclassified;20;;;0;0;;0;0;;0;;;;;0;;0;;0;;;11;0;;0;;;;;2022-06-09 17:30:26;unlock;closed;0;1654795854;0;0;0;0;2;;
405;2024051028000060;;Bloqueo de acceso ImpactRRHH;19/07/2024 21:39;;;Soporte de Desktop;closed successful;3 normal;juanpablo.chau;VISUAL IMPACT GG;BLOQUEO DE USUARIO;10;;;0;0;;0;0;;0;;;;;0;;0;;0;;;0;0;;0;;;;;2022-06-09 17:25:37;unlock;closed;0;1654795537;0;0;0;0;1;;
406;2024051028000070;;URTECHO ARIRAMA,CELSO ANDRES - REINSTALACION MDM;20/07/2024 22:18;;;Soporte de Celulares;closed successful;3 normal;procter.lima;P&G;SOPORTE MDM;30;;;0;0;;0;0;;0;;;;;0;;0;;0;;;0;0;;0;;;;;;unlock;closed;0;0;0;0;0;0;1;;
407;2024051128000010;;INCIDENCIA APP GTM;20/07/2024 14:39;;;Soporte de Celulares;new;3 normal;warrens.flores;Ajeper;Unclassified;0;;;0;0;;0;0;;0;;;;;0;;0;;0;;;0;0;;0;;;;;;unlock;new;0;0;0;0;0;0;2;;
408;2024051228000010;;BONYE DOLIBETH MACO TORRES- CAMBIO DE EQUIPO;20/07/2024 14:51;;;Soporte de Celulares;closed successful;3 normal;procter.lima;P&G;SOPORTE FALLA DE CELULAR;40;;;0;0;;0;0;;0;;;;;0;;0;;0;;;0;0;;0;;;;;;unlock;closed;0;0;0;0;0;0;1;;
409;2024051228000020;;Solicitud: Habilitar usuario en intranet;20/07/2024 16:10;;;Soporte de Desktop;closed successful;3 normal;teo.trujillo;P&G;Unclassified;10;;;0;0;2022-06-10 16:28:06;0;0;;0;;;;;0;;0;;0;;;63;0;;0;;;;;2022-06-10 16:27:40;unlock;closed;0;1654878486;0;0;0;0;2;;
410;2024051228000030;;SOTELO GUTIEREZ PAMELA - CAMBIO DE EQUIPO;20/07/2024 16:30;;;Soporte de Celulares;open;3 normal;jessica.vasquez;Nestle;SOPORTE FALLA DE CELULAR;40;;;0;0;2022-06-10 16:27:55;0;0;;0;;;;;0;;0;;0;;;56;0;;0;;;;;2022-06-10 16:27:04;lock;open;0;1654878633;0;0;0;0;3;;
411;2024051228000040;;MENDOZA RIVERA,DANIELA EVELYN-  CAMBIODE EQUIPO;20/07/2024 18:48;;;Soporte de Celulares;closed successful;3 normal;procter.lima;P&G;SOPORTE FALLA DE CELULAR;50;;;0;0;;0;0;;0;;;;;0;;0;;0;;;0;0;;0;;;;;;unlock;closed;0;0;0;0;0;0;1;;
412;2024051228000050;;Creación de Accesos Impact Trade;20/07/2024 20:48;;;Soporte de Desktop;closed successful;3 normal;rafael.loyola;P&G;Unclassified;15;;;0;0;2022-06-10 19:57:42;0;0;;0;;;;;0;;0;;0;;;105;0;;0;;;;;2022-06-10 19:54:43;unlock;closed;0;1654891062;0;0;0;0;2;;
413;2024051228000060;;Outlook no funciona correctamente;20/07/2024 21:10;;;Soporte de Desktop;closed successful;3 normal;teo.trujillo;P&G;Unclassified;20;;;0;0;2022-06-10 23:06:50;0;0;;0;;;;;0;;0;;0;;;152;0;;0;;;;;2022-06-10 23:06:30;unlock;closed;0;1654902410;0;0;0;0;2;;
414;2024051228000070;;Visualizar filtro EJECUTIVO en intranet;20/07/2024 21:10;;;Soporte Desarrollo;new;3 normal;teo.trujillo;P&G;Unclassified;0;;;0;0;;0;0;;0;;;;;0;;0;;0;;;0;0;;0;;;;;;unlock;new;0;0;0;0;0;0;1;;
415;2024051228000080;;HABILITAR LA OPCIÓN ASISTENCIA EN IMPACT TRADE | SPOC: CACERES CCOSCCO DUSAN JOSE (48559744);20/07/2024 21:15;;;Soporte de Desktop;closed successful;3 normal;jose.oballe;P&G;Unclassified;30;;;0;0;;0;0;;0;;;;;0;;0;;0;;;4309;0;;0;;;;;2022-06-20 14:49:19;unlock;closed;0;1655736595;0;0;0;0;10;;
416;2024051228000090;;JAQUE GARCIA,KETTY PATRICIA- REINSTALACION DE MDM;20/07/2024 21:36;;;Soporte de Celulares;closed successful;3 normal;nestle.lima;Nestle;SOPORTE FALLA DE CELULAR;40;;;0;0;;0;0;;0;;;;;0;;0;;0;;;0;0;;0;;;;;;unlock;closed;0;0;0;0;0;0;1;;
417;2024051228000100;;"REVOLO GUTARRA,CARLOS ESTEBAN	- REINSTALACION MDM";20/07/2024 22:06;;;Soporte de Celulares;closed successful;3 normal;nestle.lima;Nestle;SOPORTE FALLA DE CELULAR;40;;;0;0;;0;0;;0;;;;;0;;0;;0;;;0;0;;0;;;;;;unlock;closed;0;0;0;0;0;0;1;;
418;2024051528000010;;Instalación de drive;;;;Soporte de Desktop;closed successful;3 normal;yhanie.perez;Nestle;SOPORTE DE APLICACIONES;30;;;0;0;;0;0;;0;;;;;0;;0;;0;;;2;0;;0;;;;;2022-06-14 15:52:42;unlock;closed;0;1655222103;0;0;0;0;2;;
419;2024051528000020;;QUISPE SONCCO,ALICIA ELENA- REINSTALACION MDM;15/07/2024 19:13;;;Soporte de Celulares;closed successful;3 normal;nestle.arequipa;Nestle;SOPORTE FALLA DE CELULAR;60;;;0;0;;0;0;;0;;;;;0;;0;;0;;;0;0;;0;;;;;;unlock;closed;0;0;0;0;0;0;1;;
420;2024051528000030;;CREACION ACCESOS NUEVO INGRESO;15/07/2024 19:41;;;Soporte de Desktop;closed successful;3 normal;yuri.zeballos;P&G;Unclassified;0;;;0;0;2022-06-14 20:27:24;0;0;;0;;;;;0;;0;;0;;;480;0;;0;;;;;2022-06-14 20:26:51;unlock;closed;0;1655305408;0;0;0;0;4;;
421;2024051528000040;;Creación de Accesos Impact Trade;15/07/2024 18:13;;;Soporte de Desktop;closed successful;3 normal;rafael.loyola;P&G;Unclassified;15;;;0;0;2022-06-14 20:25:17;0;0;;0;;;;;0;;0;;0;;;7;0;;0;;;;;2022-06-14 20:24:25;unlock;closed;0;1655238317;0;0;0;0;2;;
422;2024051528000050;;perdida de contraseña de gmail;15/07/2024 18:18;;;Soporte de Desktop;closed successful;3 normal;laura.leyva;RRHH;CORREO ELECTRONICO;5;;;0;0;;0;0;;0;;;;;0;;0;;0;;;1;0;;0;;;;;2022-06-14 20:38:19;unlock;closed;0;1655239118;0;0;0;0;2;;
423;2024051528000080;;Revisión de laptop;15/07/2024 18:22;;;Soporte de Desktop;new;3 normal;rafael.loyola;P&G;Unclassified;0;;;0;0;;0;0;;0;;;;;0;;0;;0;;;0;0;;0;;;;;;unlock;new;0;0;0;0;0;0;2;;
424;2024051528000090;;"ROJAS GALLEGOS,YESENIA LIZETH	- SOPORTE DE APLICATIVO";15/07/2024 19:30;;;Soporte de Celulares;closed successful;3 normal;purina.lima;Nestle Purina;SOPORTE DE APLICACIONES;30;;;0;0;;0;0;;0;;;;;0;;0;;0;;;0;0;;0;;;;;;unlock;closed;0;0;0;0;0;0;1;;
425;2024051628000010;;QUISPE SONCCO,ALICIA ELENA- SOPORTE DE APLICATIVO;16/07/2024 19:48;;;Soporte de Celulares;closed successful;3 normal;purina.lima;Nestle Purina;SOPORTE DE APLICACIONES;20;;;0;0;;0;0;;0;;;;;0;;0;;0;;;0;0;;0;;;;;;unlock;closed;0;0;0;0;0;0;1;;
426;2024051628000020;;Creación de Accesos Impact Trade;16/07/2024 18:02;;;Soporte de Desktop;closed successful;3 normal;rafael.loyola;P&G;Unclassified;10;;;0;0;;0;0;;0;;;;;0;;0;;0;;;780;0;;0;;;;;2022-06-15 21:37:33;unlock;closed;0;1655329064;0;0;0;0;3;;
427;2024051628000030;;Creación de Accesos Impact Trade;16/07/2024 22:25;;;Soporte de Desktop;closed successful;3 normal;rafael.loyola;P&G;Unclassified;5;;;0;0;;0;0;;0;;;;;0;;0;;0;;;0;0;;0;;;;;2022-06-15 21:37:50;unlock;closed;0;1655329082;0;0;0;0;3;;
428;2024051628000040;;Solicitud: Instalación de aplicativo para todos los GTMs;16/07/2024 22:27;;;Soporte de Celulares;new;3 normal;teo.trujillo;P&G;Unclassified;0;;;0;0;;0;0;;0;;;;;0;;0;;0;;;0;0;;0;;;;;;unlock;new;0;0;0;0;0;0;2;;
429;2024051628000050;;Re: VISUAL IMPACT SAC - REQUERIMIENTO FINALIZADO;16/07/2024 22:30;;;Soporte de Desktop;closed successful;3 normal;jose.oballe;P&G;Unclassified;0;;;0;0;;0;0;;0;;;;;0;;0;;0;;;82;0;;0;;;;;2022-06-16 17:52:55;unlock;closed;0;1655401986;0;0;0;0;2;;
430;2024051628000060;;Instalación de driver (moden);16/07/2024 23:07;;;Soporte de Desktop;closed successful;3 normal;maria.aparcana;Nestle;Unclassified;20;;;0;0;;0;0;;0;;;;;0;;0;;0;;;0;0;;0;;;;;2022-06-16 20:17:15;unlock;closed;0;1655410679;0;0;0;0;2;;
431;2024051728000010;;Instalación de driver (SCANER);17/07/2024 14:06;;;Soporte de Desktop;closed successful;3 normal;dayann.moreno;RRHH;Unclassified;30;;;0;0;;0;0;;0;;;;;0;;0;;0;;;0;0;;0;;;;;2022-06-16 20:19:43;unlock;closed;0;1655410805;0;0;0;0;2;;
432;2024051728000020;;"ARANDA SALON,DEILY MILENE	- REINSTALACION MDM";17/07/2024 14:09;;;Soporte de Celulares;closed successful;3 normal;procter.lima;P&G;SOPORTE MDM;50;;;0;0;;0;0;;0;;;;;0;;0;;0;;;0;0;;0;;;;;;unlock;closed;0;0;0;0;0;0;1;;
433;2024051728000030;;REINSTALACION DE MDM - NESTLE;17/07/2024 16:15;;;Soporte de Celulares;closed successful;3 normal;nestle.lima;Nestle;SOPORTE MDM;110;;;0;0;;0;0;;0;;;;;0;;0;;0;;;0;0;;0;;;;;;unlock;closed;0;0;0;0;0;0;1;;
434;2024051728000040;;DESBLOQUEO USUARIO SPOC;17/07/2024 19:07;;;Soporte de Desktop;closed successful;3 normal;dussan.caceres@visualimpact.com.pe;dussan.caceres@visualimpact.com.pe;Unclassified;15;;;0;0;2022-06-17 13:46:36;0;0;;0;;;;;0;;0;;0;;;780;0;;0;;;;;2022-06-17 13:43:43;unlock;closed;0;1655524536;0;0;0;0;4;;
435;2024051728000050;;Desbloqueo de Usuario gtm Cusco;17/07/2024 19:09;;;Soporte de Desktop;closed successful;3 normal;jesualdo.pacheco;P&G;BLOQUEO DE USUARIO;10;;;0;0;2022-06-17 14:05:45;0;0;;0;;;;;0;;0;;0;;;50;0;;0;;;;;2022-06-17 14:05:34;unlock;closed;0;1655474745;0;0;0;0;2;;
436;2024051728000060;;"ROJAS BARRANTES,JONATHAN EDUARDO	 - REINSTALACION RETAIL";17/07/2024 19:42;;;Soporte de Celulares;closed successful;3 normal;procter.lima;P&G;SOPORTE DE APLICACIONES;20;;;0;0;;0;0;;0;;;;;0;;0;;0;;;0;0;;0;;;;;;unlock;closed;0;0;0;0;0;0;1;;
437;2024051728000070;;RV: Altas propuestas Norte;17/07/2024 19:45;;;Soporte de Desktop;closed successful;3 normal;ingrid.peralta;P&G;CORREO ELECTRONICO;50;;;0;0;2022-06-20 18:03:28;0;0;;0;;;;;0;;0;;0;;;819;0;;0;;;;;2022-06-20 16:24:07;lock;closed;0;1655749055;0;0;0;0;3;;
438;2024051728000080;;Creación de Accesos Impact Trade - usuario externo auditor;17/07/2024 20:36;;;Soporte de Desktop;closed successful;3 normal;rafael.loyola;P&G;Unclassified;20;;;0;0;;0;0;;0;;;;;0;;0;;0;;;0;0;;0;;;;;2022-06-18 03:54:04;unlock;closed;0;1655615206;0;0;0;0;4;;
439;2024051728000090;;INGRESO A LA INTRANET;17/07/2024 20:36;;;Soporte de Desktop;closed successful;3 normal;cesar.angulo@visualimpact.com.pe;cesar.angulo@visualimpact.com.pe;Unclassified;10;;;0;0;2022-06-20 14:40:37;0;0;;0;;;;;0;;0;;0;;;400;0;;0;;;;;2022-06-20 14:40:18;unlock;closed;0;1655736037;0;0;0;0;2;;
440;2024051728000100;;Habilitar Usuario José Oballe | Intranet P&G - HSM;17/07/2024 21:24;;;Soporte de Desktop;closed successful;3 normal;jose.oballe;P&G;Unclassified;10;;;0;0;2022-06-20 14:38:23;0;0;;0;;;;;0;;0;;0;;;32;0;;0;;;;;2022-06-20 14:37:39;unlock;closed;0;1655735902;0;0;0;0;2;;
441;2024051728000110;;F-TIV-004- FORMATO SOLICITUD DE CREDENCIALES INFORMATICAS;17/07/2024 21:24;;;Soporte de Desktop;closed successful;3 normal;walter.becerra;P&G;Unclassified;10;;;0;0;2022-06-20 16:14:11;0;0;;0;;;;;0;;0;;0;;;46;0;;0;;;;;2022-06-20 16:13:19;unlock;closed;0;1655741651;0;0;0;0;2;;
442;2024051728000120;;equipo celular sin datos;17/07/2024 21:27;;;Soporte de Celulares;new;3 normal;eduardo.landeo;P&G;Unclassified;0;;;0;0;;0;0;;0;;;;;0;;0;;0;;;0;0;;0;;;;;;unlock;new;0;0;0;0;0;0;2;;
443;2024051828000010;;Ejecución de Querys para Evaluaciones Online HFS;18/07/2024 14:24;;;Soporte Desarrollo;new;3 normal;rafael.loyola;P&G;Unclassified;0;;;0;0;;0;0;;0;;;;;0;;0;;0;;;0;0;;0;;;;;;unlock;new;0;0;0;0;0;0;2;;
444;2024051828000020;;configuración de firma;18/07/2024 14:39;;;Soporte de Desktop;closed successful;3 normal;german.martens;Nestle;CORREO ELECTRONICO;20;;;0;0;;0;0;;0;;;;;0;;0;;0;;;0;0;;0;;;;;2022-06-20 21:07:01;unlock;closed;0;1655759233;0;0;0;0;2;;
445;2024051828000030;;cambio de contraseña de sistema PG;18/07/2024 15:54;;;Soporte de Desktop;closed successful;3 normal;sara.mendoza;P&G;BLOQUEO DE USUARIO;15;;;0;0;;0;0;;0;;;;;0;;0;;0;;;0;0;;0;;;;;2022-06-20 21:07:51;unlock;closed;0;1655759433;0;0;0;0;2;;
446;2024051828000040;;NO TIENE ACCESO DE RED;18/07/2024 18:48;;;Soporte de Celulares;open;3 normal;wendy.salazar;P&G;SOPORTE FALLA DE CELULAR;0;;;0;0;;0;0;;0;;;;;0;;0;;0;;;0;0;;0;;;;;2022-06-20 21:12:58;unlock;open;0;1655763858;0;0;0;0;4;;
447;2024051828000050;;PROBLEMAS CON EL ENVIO DE CORREOS DESDE OUTLOOK;18/07/2024 18:48;;;Soporte de Desktop;closed successful;3 normal;angela.catter;Ajeper;CORREO ELECTRONICO;10;;;0;0;;0;0;;0;;;;;0;;0;;0;;;0;0;;0;;;;;2022-06-20 22:18:52;unlock;closed;0;1655763569;0;0;0;0;2;;
448;2024051828000060;;"PUMA QUISPE,CLAUDIA ELISA	-  NO VISUALIZA EL APP";18/07/2024 22:00;;;Soporte de Celulares;open;3 normal;purina.arequipa;Nestle Purina;SOPORTE DE APLICACIONES;0;;;0;0;;0;0;;0;;;;;0;;0;;0;;;0;0;;0;;;;;;unlock;open;0;0;0;0;0;0;1;;
449;2024051828000070;;Módulo Fotos;18/07/2024 22:03;;;Soporte de Desktop;closed successful;3 normal;cristhian.ramirez@visualimpact.com.pe;cristhian.ramirez@visualimpact.com.pe;Unclassified;15;;;0;0;2022-06-01 15:03:02;0;0;;0;;;;;0;;0;;0;;;423;0;;0;;;;;2022-06-01 14:44:24;unlock;closed;0;1654095782;0;0;0;0;2;;
450;2024051828000080;;ACTUALIZACIÓN DE APLICATIVO;18/07/2024 23:45;;;Soporte de Desktop;closed successful;3 normal;yuri.zeballos@visualimpact.com.pe;yuri.zeballos@visualimpact.com.pe;Unclassified;10;;;0;0;;0;0;;0;;;;;0;;0;;0;;;120;0;;0;;;;;2022-06-01 15:45:54;unlock;closed;0;1654098369;0;0;0;0;4;;
451;2024051828000090;;Problemas con el correo Gmail;18/07/2024 23:45;;;Soporte de Celulares;closed successful;3 normal;teo.trujillo;P&G;Unclassified;20;;;0;0;2022-06-01 15:35:06;0;0;;0;;;;;0;;0;;0;;;43;0;;0;;;;;2022-06-01 15:33:31;unlock;closed;0;1654097706;0;0;0;0;2;;
452;2024051928000010;;CONFIGURACIÓN MOBICONTROL;19/07/2024 15:29;;;Soporte de Desktop;closed successful;3 normal;ingrid.peralta;P&G;Unclassified;20;;;0;0;;0;0;;0;;;;;0;;0;;0;;;29;0;;0;;;;;2022-06-01 15:28:32;unlock;closed;0;1654098830;0;0;0;0;4;;
453;2024051928000020;;ACTUALIZACIÓN DE APLICATIVO;19/07/2024 15:31;;;Soporte de Celulares;open;3 normal;rosa.correa@visualimpact.com.pe;rosa.correa@visualimpact.com.pe;Unclassified;10;;;0;0;2022-06-01 16:51:02;0;0;;0;;;;;0;;0;;0;;;0;0;;0;;;;;2022-06-01 16:43:10;lock;open;0;1654138283;0;0;0;0;3;;
454;2024051928000030;;SIN ACCESO A DATA_LOGISTICA ( J: ) // ALMACEN VISUAL // 09.06;19/07/2024 15:33;;;Soporte de Desktop;closed successful;3 normal;gmartinez@dijisa.com.pe;gmartinez@dijisa.com.pe;Unclassified;5;;;0;0;2022-06-01 21:17:45;0;0;;0;;;;;0;;0;;0;;;218;0;;0;;;;;2022-06-01 21:17:19;unlock;closed;0;1654118265;0;0;0;0;3;;
455;2024051928000040;;Problemas con apk LAStores - salesforce;19/07/2024 20:42;;;Soporte de Desktop;closed successful;3 normal;walter.becerra;P&G;Unclassified;10;;;0;0;;0;0;;0;;;;;0;;0;;0;;;20;0;;0;;;;;2022-06-01 20:54:02;unlock;closed;0;1654118191;0;0;0;0;3;;
456;2024051928000050;;problemas con el antivirus;19/07/2024 20:43;;;Soporte de Desktop;closed successful;3 normal;carol.silva;RRHH;BLOQUEO DE USUARIO;20;;;0;0;2022-06-01 20:53:21;0;0;;0;;;;;0;;0;;0;;;17;0;;0;;;;;2022-06-01 20:52:30;unlock;closed;0;1654145671;0;0;0;0;6;;
457;2024051928000060;;acceso a vpn (app planillas);19/07/2024 20:45;;;Soporte de Desktop;closed successful;3 normal;rafael.loyola;P&G;Unclassified;20;;;0;0;;0;0;;0;;;;;0;;0;;0;;;0;0;;0;;;;;2022-06-02 01:28:02;unlock;closed;0;1654133449;0;0;0;0;4;;
458;2024051928000070;;USUARIO NUEVO APLICATIVO;19/07/2024 20:46;;;Soporte de Celulares;new;3 normal;ronald.salluca;P&G;Unclassified;0;;;0;0;;0;0;;0;;;;;0;;0;;0;;;0;0;;0;;;;;;unlock;new;0;0;0;0;0;0;1;;
459;2024052028000010;;USUARIO NO APARECE EN LISTA DE MARCACIONES;20/07/2024 18:21;;;Soporte Desarrollo;new;3 normal;sayra.aguilar;P&G;Unclassified;0;;;0;0;;0;0;;0;;;;;0;;0;;0;;;0;0;;0;;;;;;unlock;new;0;0;0;0;0;0;3;;
460;2024052228000010;;robo de equipo Marialis Soto / denuncia;22/07/2024 16:12;;;Soporte de Desktop;closed successful;3 normal;rafael.loyola;P&G;Unclassified;15;;;0;0;2022-06-02 15:31:04;0;0;;0;;;;;0;;0;;0;;;451;0;;0;;;;;2022-06-02 15:30:15;unlock;closed;0;1654183864;0;0;0;0;2;;
461;2024052228000020;;Evaluación laptops del equipo HFS;22/07/2024 16:39;;;Soporte de Celulares;closed successful;3 normal;procter.lima;P&G;SOPORTE DE APLICACIONES;10;;;0;0;;0;0;;0;;;;;0;;0;;0;;;0;0;;0;;;;;;unlock;closed;0;0;0;0;0;0;1;;
462;2024052228000030;;Configuración de correo en outlook;22/07/2024 16:48;;;Soporte de Desktop;closed successful;3 normal;walter.becerra;P&G;Unclassified;10;;;0;0;2022-06-02 15:09:38;0;0;;0;;;;;0;;0;;0;;;3;0;;0;;;;;2022-06-02 15:09:21;unlock;closed;0;1654182578;0;0;0;0;2;;
463;2024052228000040;;configuración de impresora;22/07/2024 18:00;;;Soporte de Desktop;closed successful;3 normal;teo.trujillo;P&G;Unclassified;10;;;0;0;2022-06-02 16:35:39;0;0;;0;;;;;0;;0;;0;;;1670;0;;0;;;;;2022-06-02 16:35:14;unlock;closed;0;1654539482;0;0;0;0;6;;
464;2024052228000050;;Actualización de office;22/07/2024 18:36;;;Soporte de Celulares;closed successful;3 normal;procter.lima;P&G;SOPORTE DE APLICACIONES;10;;;0;0;;0;0;;0;;;;;0;;0;;0;;;0;0;;0;;;;;;unlock;closed;0;0;0;0;0;0;1;;
465;2024052228000060;;NO PERMITE INGRESO NUEVO USUARIO;22/07/2024 18:38;;;Soporte de Desktop;closed successful;3 normal;rafael.loyola;P&G;Unclassified;15;;;0;0;;0;0;;0;;;;;0;;0;;0;;;578;0;;0;;;;;2022-06-03 17:27:44;unlock;closed;0;1654277916;0;0;0;0;3;;
466;2024052228000070;;USUARIO NUEVO;22/07/2024 21:14;;;Soporte de Desktop;closed successful;3 normal;teo.trujillo;P&G;Unclassified;0;;;0;0;;0;0;;0;;;;;0;;0;;0;;;775;0;;0;;;;;2022-06-06 15:43:20;unlock;closed;0;1654530227;0;0;0;0;2;;
467;2024052228000080;;RV: USUARIO NUEVO;22/07/2024 21:54;;;Soporte de Celulares;closed successful;3 normal;procter.lima;P&G;SOPORTE DE APLICACIONES;10;;;0;0;;0;0;;0;;;;;0;;0;;0;;;0;0;;0;;;;;;unlock;closed;0;0;0;0;0;0;1;;
468;2024052228000090;;RE: USUARIO NUEVO;22/07/2024 21:54;;;Soporte de Celulares;closed successful;3 normal;procter.lima;P&G;SOPORTE DE APLICACIONES;10;;;0;0;;0;0;;0;;;;;0;;0;;0;;;0;0;;0;;;;;;unlock;closed;0;0;0;0;0;0;1;;
469;2024052328000010;;APLICATIVO PURINA;23/07/2024 13:57;;;Soporte de Desktop;closed successful;3 normal;milser.lozano@visualimpact.com.pe;milser.lozano@visualimpact.com.pe;Unclassified;10;;;0;0;2022-06-03 16:25:48;0;0;;0;;;;;0;;0;;0;;;4;0;;0;;;;;2022-06-03 16:22:10;unlock;closed;0;1654273548;0;0;0;0;2;;
470;2024052328000020;;Emsj de prueba;23/07/2024 19:40;;;Soporte de Celulares;closed successful;3 normal;procter.lima;P&G;SOPORTE DE APLICACIONES;10;;;0;0;;0;0;;0;;;;;0;;0;;0;;;0;0;;0;;;;;;unlock;closed;0;0;0;0;0;0;1;;
471;2024052328000030;;PC ALMACEN MGIUEL CUEVA;23/07/2024 20:33;;;Soporte de Desktop;closed successful;3 normal;milser.lozano;Asturias y Aragón;SOPORTE DE CONSULTA;5;;;0;0;;0;0;;0;;;;;0;;0;;0;;;0;0;;0;;;;;2022-06-03 16:37:18;unlock;closed;0;1654274238;0;0;0;0;1;;
472;2024052328000040;;PC ALMACEN MIGUEL CUEVA CON PROBLEMAS DE ACCESO;23/07/2024 21:23;;;Soporte de Desktop;closed successful;3 normal;manuel.sanchez;P&G;Unclassified;10;;;0;0;2022-06-03 17:09:41;0;0;;0;;;;;0;;0;;0;;;18;0;;0;;;;;2022-06-03 17:09:16;unlock;closed;0;1654276181;0;0;0;0;2;;
473;2024052328000050;;Configuración de Scaner;23/07/2024 21:24;;;Soporte de Desktop;closed successful;3 normal;miguel.huapaya;Nestle;Unclassified;10;;;0;0;;0;0;;0;;;;;0;;0;;0;;;4356;0;;0;;;;;2022-06-13 15:15:27;unlock;closed;0;1655133348;0;0;0;0;3;;
474;2024052328000060;;EQUIPO NO CARGA APLICACIONES;23/07/2024 21:26;;;Soporte de Desktop;closed successful;3 normal;miguel.huapaya;Nestle;Unclassified;5;;;0;0;;0;0;;0;;;;;0;;0;;0;;;1954;0;;0;;;;;2022-06-08 14:28:10;unlock;closed;0;1654698509;0;0;0;0;2;;
475;2024052328000070;;RE: STATUS DE EQUIPO DE CELULAR;23/07/2024 21:26;;;Soporte de Desktop;closed successful;3 normal;jose.oballe;P&G;Unclassified;0;;;0;0;2022-06-06 15:23:22;0;0;;0;;;;;0;;0;;0;;;98;0;;0;;;;;2022-06-06 15:19:07;unlock;closed;0;1654529002;0;0;0;0;2;;
476;2024052428000010;;Instalación de driver (moden);24/07/2024 14:21;;;Soporte de Celulares;closed successful;3 normal;procter.lima;P&G;SOPORTE MDM;30;;;0;0;;0;0;;0;;;;;0;;0;;0;;;0;0;;0;;;;;;unlock;closed;0;0;0;0;0;0;1;;
477;2024052428000020;;ACTUALIZACIÓN DE APLICATIVO;24/07/2024 14:45;;;Soporte de Desktop;closed successful;3 normal;jamphier.paipay;Sistemas;Unclassified;10;;;0;0;;0;0;;0;;;;;0;;0;;0;;;179;0;;0;;;;;2022-06-06 15:27:42;unlock;closed;0;1654539465;0;0;0;0;4;;
478;2024052428000030;;Instalación de VPN y Power VI;24/07/2024 19:23;;;Soporte de Celulares;closed successful;3 normal;procter.lima;P&G;SOPORTE MDM;40;;;0;0;;0;0;;0;;;;;0;;0;;0;;;0;0;;0;;;;;;unlock;closed;0;0;0;0;0;0;1;;
479;2024052428000040;;Problemas con el office y activador de windows;24/07/2024 19:27;;;Soporte de Desktop;closed successful;3 normal;walter.becerra;P&G;Unclassified;10;;;0;0;2022-06-06 17:24:08;0;0;;0;;;;;0;;0;;0;;;32;0;;0;;;;;2022-06-06 17:23:35;unlock;closed;0;1654536248;0;0;0;0;2;;
480;2024052428000050;;Problemas con outlook;24/07/2024 19:32;;;Soporte de Desktop;closed successful;3 normal;sara.mendoza;P&G;SOPORTE DE APLICACIONES;50;;;0;0;;0;0;;0;;;;;0;;0;;0;;;0;0;;0;;;;;2022-06-06 17:25:35;unlock;closed;0;1654536374;0;0;0;0;2;;
481;2024052428000060;;Instalación de driver (moden);24/07/2024 19:40;;;Soporte de Celulares;closed successful;3 normal;fiorela.gil;P&G;Unclassified;50;;;0;0;2022-06-07 22:28:08;0;0;;0;;;;;0;;0;;0;;;962;0;;0;;;;;2022-06-07 22:27:46;unlock;closed;0;1654640888;0;0;0;0;4;;
482;2024052528000010;;configuración de impresora;25/07/2024 15:27;;;Soporte de Desktop;closed successful;3 normal;bertha.zuniga;Nestle;Unclassified;10;;;0;0;;0;0;;0;;;;;0;;0;;0;;;0;0;;0;;;;;2022-06-06 21:14:34;unlock;closed;0;1654550102;0;0;0;0;2;;
483;2024052528000020;;Correo cuenta con almacenamiento lleno;25/07/2024 15:27;;;Soporte de Desktop;closed successful;3 normal;jose.oballe;P&G;Unclassified;15;;;0;0;;0;0;;0;;;;;0;;0;;0;;;769;0;;0;;;;;2022-06-07 20:49:32;lock;closed;0;1654635293;0;0;0;0;2;;
484;2024052528000030;;activirus problemas de licencia;25/07/2024 19:06;;;Soporte de Celulares;closed successful;3 normal;procter.lalibertad;P&G;SOPORTE FALLA DE CELULAR;40;;;0;0;;0;0;;0;;;;;0;;0;;0;;;0;0;;0;;;;;;unlock;closed;0;0;0;0;0;0;1;;
485;2024052528000040;;ACTUALIZACION SOTI SURF;25/07/2024 19:27;;;Soporte de Celulares;closed successful;3 normal;nestle.lalibertad;Nestle;SOPORTE MDM;50;;;0;0;;0;0;;0;;;;;0;;0;;0;;;0;0;;0;;;;;;unlock;closed;0;0;0;0;0;0;1;;
486;2024052528000050;;Problema con APP Multicanal;25/07/2024 18:54;;;Soporte de Celulares;closed successful;3 normal;nestle.lalibertad;Nestle;SOPORTE MDM;50;;;0;0;;0;0;;0;;;;;0;;0;;0;;;0;0;;0;;;;;;unlock;closed;0;0;0;0;0;0;1;;
487;2024052528000060;;problemas con iniciar cesión;25/07/2024 21:10;;;Soporte de Celulares;closed successful;3 normal;eduardo.espinoza;P&G;SOPORTE DE APLICACIONES;150;;;0;0;;0;0;;0;;;;;0;;0;;0;;;0;0;;0;;;;;2022-06-07 22:43:55;unlock;closed;0;1654641893;0;0;0;0;2;;
488;2024052528000070;;Problema con el audio de su equipo recién entregado;25/07/2024 21:31;;;Soporte de Celulares;new;3 normal;luis.ramos@visualimpact.com.pe;luis.ramos@visualimpact.com.pe;Unclassified;0;;;0;0;;0;0;;0;;;;;0;;0;;0;;;0;0;;0;;;;;;unlock;new;0;0;0;0;0;0;4;;
489;2024052528000080;;APLICATIVO ESCANER;25/07/2024 21:31;;;Soporte de Desktop;closed successful;3 normal;yuri.zeballos;P&G;Unclassified;10;;;0;0;2022-06-08 14:20:30;0;0;;0;;;;;0;;0;;0;;;1882;0;;0;;;;;2022-06-08 14:19:09;unlock;closed;0;1654890068;0;0;0;0;3;;
490;2024052528000090;;equipo no lee chip;25/07/2024 21:31;;;Soporte de Desktop;closed successful;3 normal;eduardo.landeo;P&G;BLOQUEO DE USUARIO;10;;;0;0;2022-06-08 15:19:25;0;0;;0;;;;;0;;0;;0;;;24;0;;0;;;;;2022-06-08 15:18:59;unlock;closed;0;1654701565;0;0;0;0;2;;
491;2024052528000100;;Activar para compartir datos.;25/07/2024 21:32;;;Soporte de Celulares;closed successful;3 normal;procter.lima;P&G;SOPORTE MDM;50;;;0;0;;0;0;;0;;;;;0;;0;;0;;;0;0;;0;;;;;2022-06-08 15:14:10;unlock;closed;0;1654701269;0;0;0;0;2;;
492;2024052528000110;;CONFIGURACION MOBICONTROL;25/07/2024 22:18;;;Soporte Desarrollo;new;3 normal;yessica.montenegro;P&G;Unclassified;0;;;0;0;;0;0;;0;;;;;0;;0;;0;;;0;0;;0;;;;;;unlock;new;0;0;0;0;0;0;1;;
493;2024052628000010;;ACCESO APLICATIVO;26/07/2024 14:48;;;Soporte Desarrollo;new;3 normal;gabriela.ore;P&G;Unclassified;0;;;0;0;;0;0;;0;;;;;0;;0;;0;;;0;0;;0;;;;;;unlock;new;0;0;0;0;0;0;1;;
494;2024052628000020;;Acceso a mis documentos de mi washap;26/07/2024 15:33;;;Soporte de Desktop;closed successful;3 normal;teo.trujillo;P&G;BLOQUEO DE USUARIO;10;;;0;0;2022-06-09 14:32:46;0;0;;0;;;;;0;;0;;0;;;407;0;;0;;;;;2022-06-09 14:32:36;unlock;closed;0;1654785166;0;0;0;0;2;;
495;2024052628000040;;Delivery Status Notification (Delay);26/07/2024 19:00;;;Soporte de Desktop;closed successful;3 normal;yessica.montenegro;P&G;BLOQUEO DE USUARIO;10;;;0;0;2022-06-09 14:29:21;0;0;;0;;;;;0;;0;;0;;;95;0;;0;;;;;2022-06-09 14:29:10;unlock;closed;0;1654784961;0;0;0;0;2;;
496;2024052628000050;;Delivery Status Notification (Delay);26/05/2024 20:10;;;Soporte de Desktop;closed successful;3 normal;kelly.minchan;Finanzas;SOPORTE DE CONSULTA;10;;;0;0;;0;0;;0;;;;;0;;0;;0;;;0;0;;0;;;;;2022-06-09 15:49:57;unlock;closed;0;1654789797;0;0;0;0;1;;
497;2024052628000060;;PROBLEMAS CON EL INGRESO A OTRS;26/05/2024 20:11;;;Soporte de Celulares;open;3 normal;jahaira.paredes;Sistemas;Unclassified;40;;;0;0;2022-06-10 16:26:46;0;0;;0;;;;;0;;0;;0;;;740;0;;0;;;;;2022-06-10 16:26:06;lock;open;0;1654878626;0;0;0;0;3;;
498;2024052628000070;;Activación de office;26/05/2024 20:12;;;Soporte de Desktop;closed successful;3 normal;joel.villanueva;Nestle;Unclassified;20;;;0;0;;0;0;;0;;;;;0;;0;;0;;;11;0;;0;;;;;2022-06-09 17:30:26;unlock;closed;0;1654795854;0;0;0;0;2;;
499;2024052628000080;;PROBLEMAS EQUIPO CELULAR;26/05/2024 20:12;;;Soporte de Desktop;closed successful;3 normal;juanpablo.chau;VISUAL IMPACT GG;BLOQUEO DE USUARIO;10;;;0;0;;0;0;;0;;;;;0;;0;;0;;;0;0;;0;;;;;2022-06-09 17:25:37;unlock;closed;0;1654795537;0;0;0;0;1;;
500;2024052628000090;;Actualización de office;26/05/2024 20:15;;;Soporte de Celulares;closed successful;3 normal;procter.lima;P&G;SOPORTE MDM;30;;;0;0;;0;0;;0;;;;;0;;0;;0;;;0;0;;0;;;;;;unlock;closed;0;0;0;0;0;0;1;;
501;2024052728000010;;Delivery Status Notification (Failure);27/05/2024 12:00;;;Soporte de Celulares;new;3 normal;warrens.flores;Ajeper;Unclassified;0;;;0;0;;0;0;;0;;;;;0;;0;;0;;;0;0;;0;;;;;;unlock;new;0;0;0;0;0;0;2;;
502;2024052728000020;;Instalar version 0.0.30 IMPACT TRADE;27/05/2024 16:00;;;Soporte de Celulares;closed successful;3 normal;procter.lima;P&G;SOPORTE FALLA DE CELULAR;40;;;0;0;;0;0;;0;;;;;0;;0;;0;;;0;0;;0;;;;;;unlock;closed;0;0;0;0;0;0;1;;
503;2024052928000010;;error en contraseña;29/05/2024 16:18;;;Soporte de Desktop;closed successful;3 normal;teo.trujillo;P&G;Unclassified;10;;;0;0;2022-06-10 16:28:06;0;0;;0;;;;;0;;0;;0;;;63;0;;0;;;;;2022-06-10 16:27:40;unlock;closed;0;1654878486;0;0;0;0;2;;
504;2024052928000020;;RV: Actualización e instalación de app Impact Trade.;29/05/2024 16:30;;;Soporte de Celulares;open;3 normal;jessica.vasquez;Nestle;SOPORTE FALLA DE CELULAR;40;;;0;0;2022-06-10 16:27:55;0;0;;0;;;;;0;;0;;0;;;56;0;;0;;;;;2022-06-10 16:27:04;lock;open;0;1654878633;0;0;0;0;3;;
505;2024052928000030;;Re: Actualización e instalación de app Impact Trade.;29/05/2024 17:48;;;Soporte de Celulares;closed successful;3 normal;procter.lima;P&G;SOPORTE FALLA DE CELULAR;50;;;0;0;;0;0;;0;;;;;0;;0;;0;;;0;0;;0;;;;;;unlock;closed;0;0;0;0;0;0;1;;
506;2024052928000040;;Problema con el modem y acceso control de asistencia;29/05/2024 19:42;;;Soporte de Desktop;closed successful;3 normal;rafael.loyola;P&G;Unclassified;15;;;0;0;2022-06-10 19:57:42;0;0;;0;;;;;0;;0;;0;;;105;0;;0;;;;;2022-06-10 19:54:43;unlock;closed;0;1654891062;0;0;0;0;2;;
507;2024052928000050;;Problema con el modem;29/05/2024 21:56;;;Soporte de Desktop;closed successful;3 normal;teo.trujillo;P&G;Unclassified;20;;;0;0;2022-06-10 23:06:50;0;0;;0;;;;;0;;0;;0;;;152;0;;0;;;;;2022-06-10 23:06:30;unlock;closed;0;1654902410;0;0;0;0;2;;
508;2024052928000060;;aplicativo impact trade no está actualizado;29/05/2024 21:59;;;Soporte Desarrollo;new;3 normal;teo.trujillo;P&G;Unclassified;0;;;0;0;;0;0;;0;;;;;0;;0;;0;;;0;0;;0;;;;;;unlock;new;0;0;0;0;0;0;1;;
509;2024053028000010;;Actualización de office;30/05/2024 15:45;;;Soporte de Desktop;closed successful;3 normal;jose.oballe;P&G;Unclassified;30;;;0;0;;0;0;;0;;;;;0;;0;;0;;;4309;0;;0;;;;;2022-06-20 14:49:19;unlock;closed;0;1655736595;0;0;0;0;10;;
510;2024053028000020;;problemas con impresora matricial;30/05/2024 16:36;;;Soporte de Celulares;closed successful;3 normal;nestle.lima;Nestle;SOPORTE FALLA DE CELULAR;40;;;0;0;;0;0;;0;;;;;0;;0;;0;;;0;0;;0;;;;;;unlock;closed;0;0;0;0;0;0;1;;
511;2024053028000030;;Instalación de móvilcontrol;30/05/2024 17:18;;;Soporte de Celulares;closed successful;3 normal;nestle.lima;Nestle;SOPORTE FALLA DE CELULAR;40;;;0;0;;0;0;;0;;;;;0;;0;;0;;;0;0;;0;;;;;;unlock;closed;0;0;0;0;0;0;1;;
512;2024053028000050;;Instalación movilcontrol;30/05/2024 18:39;;;Soporte de Desktop;closed successful;3 normal;yhanie.perez;Nestle;SOPORTE DE APLICACIONES;30;;;0;0;;0;0;;0;;;;;0;;0;;0;;;2;0;;0;;;;;2022-06-14 15:52:42;unlock;closed;0;1655222103;0;0;0;0;2;;
513;2024053028000060;;Delivery Status Notification (Delay);30/05/2024 20:18;;;Soporte de Celulares;closed successful;3 normal;nestle.arequipa;Nestle;SOPORTE FALLA DE CELULAR;60;;;0;0;;0;0;;0;;;;;0;;0;;0;;;0;0;;0;;;;;;unlock;closed;0;0;0;0;0;0;1;;
514;2024053028000070;;Delivery Status Notification (Delay);30/05/2024 21:43;;;Soporte de Desktop;closed successful;3 normal;yuri.zeballos;P&G;Unclassified;0;;;0;0;2022-06-14 20:27:24;0;0;;0;;;;;0;;0;;0;;;480;0;;0;;;;;2022-06-14 20:26:51;unlock;closed;0;1655305408;0;0;0;0;4;;
515;2024053028000080;;Carga de prioridades al soti surf Julio'21;30/05/2024 21:44;;;Soporte de Desktop;closed successful;3 normal;rafael.loyola;P&G;Unclassified;15;;;0;0;2022-06-14 20:25:17;0;0;;0;;;;;0;;0;;0;;;7;0;;0;;;;;2022-06-14 20:24:25;unlock;closed;0;1655238317;0;0;0;0;2;;
516;2024053028000090;;cuenta de AD bloqueado;30/05/2024 21:46;;;Soporte de Desktop;closed successful;3 normal;laura.leyva;RRHH;CORREO ELECTRONICO;5;;;0;0;;0;0;;0;;;;;0;;0;;0;;;1;0;;0;;;;;2022-06-14 20:38:19;unlock;closed;0;1655239118;0;0;0;0;2;;
517;2024053028000100;;Problemas con outlook;30/05/2024 21:47;;;Soporte de Desktop;new;3 normal;rafael.loyola;P&G;Unclassified;0;;;0;0;;0;0;;0;;;;;0;;0;;0;;;0;0;;0;;;;;;unlock;new;0;0;0;0;0;0;2;;
518;2024053028000120;;configuración de impresora;30/05/2024 22:43;;;Soporte de Celulares;closed successful;3 normal;purina.lima;Nestle Purina;SOPORTE DE APLICACIONES;30;;;0;0;;0;0;;0;;;;;0;;0;;0;;;0;0;;0;;;;;;unlock;closed;0;0;0;0;0;0;1;;
519;2024053028000130;;Actualización de office;30/05/2024 23:21;;;Soporte de Celulares;closed successful;3 normal;purina.lima;Nestle Purina;SOPORTE DE APLICACIONES;20;;;0;0;;0;0;;0;;;;;0;;0;;0;;;0;0;;0;;;;;;unlock;closed;0;0;0;0;0;0;1;;
520;2024053128000010;;problemas para ingresar al equipo;31/05/2024 12:36;;;Soporte de Desktop;closed successful;3 normal;rafael.loyola;P&G;Unclassified;10;;;0;0;;0;0;;0;;;;;0;;0;;0;;;780;0;;0;;;;;2022-06-15 21:37:33;unlock;closed;0;1655329064;0;0;0;0;3;;
521;2024053128000020;;OCURRENCIA CONSULTA MARCACION ASISTENCIAS - HSM;31/05/2024 15:09;;;Soporte de Desktop;closed successful;3 normal;rafael.loyola;P&G;Unclassified;5;;;0;0;;0;0;;0;;;;;0;;0;;0;;;0;0;;0;;;;;2022-06-15 21:37:50;unlock;closed;0;1655329082;0;0;0;0;3;;
522;2024053128000030;;COMPARTIR DATOS;31/05/2024 16:30;;;Soporte de Celulares;new;3 normal;teo.trujillo;P&G;Unclassified;0;;;0;0;;0;0;;0;;;;;0;;0;;0;;;0;0;;0;;;;;;unlock;new;0;0;0;0;0;0;2;;
523;2024053128000040;;ACTUALIZACIÓN DE APLICATIVO;31/05/2024 17:19;;;Soporte de Desktop;closed successful;3 normal;jose.oballe;P&G;Unclassified;0;;;0;0;;0;0;;0;;;;;0;;0;;0;;;82;0;;0;;;;;2022-06-16 17:52:55;unlock;closed;0;1655401986;0;0;0;0;2;;
524;2024053128000050;;Actualización de office;31/05/2024 17:21;;;Soporte de Desktop;closed successful;3 normal;maria.aparcana;Nestle;Unclassified;20;;;0;0;;0;0;;0;;;;;0;;0;;0;;;0;0;;0;;;;;2022-06-16 20:17:15;unlock;closed;0;1655410679;0;0;0;0;2;;
525;2024053128000060;;ERROR EQUIPO SE REINICIO CON PANTALLA AZUL;31/05/2024 17:23;;;Soporte de Desktop;closed successful;3 normal;dayann.moreno;RRHH;Unclassified;30;;;0;0;;0;0;;0;;;;;0;;0;;0;;;0;0;;0;;;;;2022-06-16 20:19:43;unlock;closed;0;1655410805;0;0;0;0;2;;
526;2024053128000070;;CARGADOR DE LAPTOP INOPERATIVO;31/05/2024 17:57;;;Soporte de Celulares;closed successful;3 normal;procter.lima;P&G;SOPORTE MDM;50;;;0;0;;0;0;;0;;;;;0;;0;;0;;;0;0;;0;;;;;;unlock;closed;0;0;0;0;0;0;1;;
527;2024053128000080;;PROBLEMAS EQUIPO CORPORATIVO;31/05/2024 18:27;;;Soporte de Celulares;closed successful;3 normal;nestle.lima;Nestle;SOPORTE MDM;110;;;0;0;;0;0;;0;;;;;0;;0;;0;;;0;0;;0;;;;;;unlock;closed;0;0;0;0;0;0;1;;
528;2024060128000010;;Autorización y soporte instalación de impresora;01/06/2024 13:00;;;Soporte de Desktop;closed successful;3 normal;dussan.caceres@visualimpact.com.pe;dussan.caceres@visualimpact.com.pe;Unclassified;15;;;0;0;2022-06-17 13:46:36;0;0;;0;;;;;0;;0;;0;;;780;0;;0;;;;;2022-06-17 13:43:43;unlock;closed;0;1655524536;0;0;0;0;4;;
529;2024060128000020;;Equipo móvil;01/06/2024 14:12;;;Soporte de Desktop;closed successful;3 normal;jesualdo.pacheco;P&G;BLOQUEO DE USUARIO;10;;;0;0;2022-06-17 14:05:45;0;0;;0;;;;;0;;0;;0;;;50;0;;0;;;;;2022-06-17 14:05:34;unlock;closed;0;1655474745;0;0;0;0;2;;
530;2024060128000030;;App impacttrade;01/06/2024 15:27;;;Soporte de Celulares;closed successful;3 normal;procter.lima;P&G;SOPORTE DE APLICACIONES;20;;;0;0;;0;0;;0;;;;;0;;0;;0;;;0;0;;0;;;;;;unlock;closed;0;0;0;0;0;0;1;;
531;2024060128000040;;INCIDENTE DE SEGURIDAD;01/06/2024 15:39;;;Soporte de Desktop;closed successful;3 normal;ingrid.peralta;P&G;CORREO ELECTRONICO;50;;;0;0;2022-06-20 18:03:28;0;0;;0;;;;;0;;0;;0;;;819;0;;0;;;;;2022-06-20 16:24:07;lock;closed;0;1655749055;0;0;0;0;3;;
532;2024060128000050;;INSTALACION DE GOOGLE MAPS;01/06/2024 16:30;;;Soporte de Desktop;closed successful;3 normal;rafael.loyola;P&G;Unclassified;20;;;0;0;;0;0;;0;;;;;0;;0;;0;;;0;0;;0;;;;;2022-06-18 03:54:04;unlock;closed;0;1655615206;0;0;0;0;4;;
533;2024060128000060;;Problema con la bteriande mi celular.;01/06/2024 16:30;;;Soporte de Desktop;closed successful;3 normal;cesar.angulo@visualimpact.com.pe;cesar.angulo@visualimpact.com.pe;Unclassified;10;;;0;0;2022-06-20 14:40:37;0;0;;0;;;;;0;;0;;0;;;400;0;;0;;;;;2022-06-20 14:40:18;unlock;closed;0;1655736037;0;0;0;0;2;;
534;2024060128000070;;Problemas Soti;01/06/2024 17:42;;;Soporte de Desktop;closed successful;3 normal;jose.oballe;P&G;Unclassified;10;;;0;0;2022-06-20 14:38:23;0;0;;0;;;;;0;;0;;0;;;32;0;;0;;;;;2022-06-20 14:37:39;unlock;closed;0;1655735902;0;0;0;0;2;;
535;2024060128000080;;Envio de foto;01/06/2024 19:21;;;Soporte de Desktop;closed successful;3 normal;walter.becerra;P&G;Unclassified;10;;;0;0;2022-06-20 16:14:11;0;0;;0;;;;;0;;0;;0;;;46;0;;0;;;;;2022-06-20 16:13:19;unlock;closed;0;1655741651;0;0;0;0;2;;
536;2024060128000090;;YANET   MARIBEL VILCHEZ  ENCISO;01/06/2024 19:21;;;Soporte de Celulares;new;3 normal;eduardo.landeo;P&G;Unclassified;0;;;0;0;;0;0;;0;;;;;0;;0;;0;;;0;0;;0;;;;;;unlock;new;0;0;0;0;0;0;2;;
537;2024060128000100;;Isabel.andahua@visualimpact.com.pe;01/06/2024 23:00;;;Soporte Desarrollo;new;3 normal;rafael.loyola;P&G;Unclassified;0;;;0;0;;0;0;;0;;;;;0;;0;;0;;;0;0;;0;;;;;;unlock;new;0;0;0;0;0;0;2;;
538;2024060228000010;;Problema con el aplicativo;02/06/2024 00:21;;;Soporte de Desktop;closed successful;3 normal;german.martens;Nestle;CORREO ELECTRONICO;20;;;0;0;;0;0;;0;;;;;0;;0;;0;;;0;0;;0;;;;;2022-06-20 21:07:01;unlock;closed;0;1655759233;0;0;0;0;2;;
539;2024060228000020;;INCONVENIENTES CON APLICATIVO;02/06/2024 15:30;;;Soporte de Desktop;closed successful;3 normal;sara.mendoza;P&G;BLOQUEO DE USUARIO;15;;;0;0;;0;0;;0;;;;;0;;0;;0;;;0;0;;0;;;;;2022-06-20 21:07:51;unlock;closed;0;1655759433;0;0;0;0;2;;
540;2024060228000030;;ERROR CON INICIO DE POWER BI;02/06/2024 16:15;;;Soporte de Celulares;open;3 normal;wendy.salazar;P&G;SOPORTE FALLA DE CELULAR;0;;;0;0;;0;0;;0;;;;;0;;0;;0;;;0;0;;0;;;;;2022-06-20 21:12:58;unlock;open;0;1655763858;0;0;0;0;4;;
541;2024060228000040;;Apoyo con actualizacion;02/06/2024 16:31;;;Soporte de Desktop;closed successful;3 normal;angela.catter;Ajeper;CORREO ELECTRONICO;10;;;0;0;;0;0;;0;;;;;0;;0;;0;;;0;0;;0;;;;;2022-06-20 22:18:52;unlock;closed;0;1655763569;0;0;0;0;2;;
542;2024060228000050;;Problema con el aplicativo;02/06/2024 17:02;;;Soporte de Celulares;open;3 normal;purina.arequipa;Nestle Purina;SOPORTE DE APLICACIONES;0;;;0;0;;0;0;;0;;;;;0;;0;;0;;;0;0;;0;;;;;;unlock;open;0;0;0;0;0;0;1;;
543;2024060228000060;;PROBLEMAS CON CONTRASEÑA DE ACCESO A PC;02/06/2024 17:16;;;Soporte de Celulares;closed successful;3 normal;marco.allcca;Ajeper VI;;0;;;0;0;2021-06-07 09:39:09 (America/Lima);0;0;;0;;;;;0;;0;;0;;;873;0;;0;;;;;2021-06-07 09:38:25 (America/Lima);unlock;closed;0;1623094749;0;0;0;0;2;;
544;2024060228000070;;PROBLEMAS CON CONTRASEÑA DE ACCESO A PC ENRIQUE TIPULA;02/06/2024 18:57;;;Soporte de Celulares;closed successful;3 normal;ajeper.lima;Ajeper;;0;;;0;0;;0;0;;0;;;;;0;;0;;0;;;0;0;;0;;;;;;unlock;closed;0;0;0;0;0;0;1;;
545;2024060228000080;;Equipo bloqueado;02/06/2024 21:15;;;Soporte de Desktop;closed successful;3 normal;aylin.pajuelo;Finanzas VI;;0;;;0;0;2021-06-08 05:23:37 (America/Lima);0;0;;0;;;;;0;;0;;0;;;8;0;;0;;;;;2021-06-08 05:18:29 (America/Lima);unlock;closed;0;1623165817;0;0;0;0;2;;
546;2024060228000090;;Delivery Status Notification (Failure);02/06/2024 21:17;;;Soporte de Celulares;closed successful;3 normal;procter.lima;P&G;;0;;;0;0;;0;0;;0;;;;;0;;0;;0;;;0;0;;0;;;;;;unlock;closed;0;0;0;0;0;0;1;;
547;2024060228000100;;Actualización de FOXIT READER;02/06/2024 21:19;;;Soporte de Celulares;closed successful;3 normal;procter.cajamarca;P&G;;0;;;0;0;;0;0;;0;;;;;0;;0;;0;;;0;0;;0;;;;;;unlock;closed;0;0;0;0;0;0;1;;
548;2024060228000110;;Actualización de Office;02/06/2024 21:20;;;Soporte de Desktop;closed successful;3 normal;gerson.ramos;Logistica VI;;0;;;0;0;2021-06-09 11:06:03 (America/Lima);0;0;;0;;;;;0;;0;;0;;;18;0;;0;;;;;2021-06-09 11:03:49 (America/Lima);unlock;closed;0;1623272763;0;0;0;0;2;;
549;2024060228000120;;PROBELAS CON LA CAMARA Y BATERIA DE MI CELULAR;02/06/2024 21:22;;;Soporte de Celulares;closed successful;4 Alto;teo.trujillo;P&G VI;;0;;;0;0;2021-06-14 05:04:51 (America/Lima);0;0;;0;;;;;0;;0;;0;;;1936;0;;0;;;;;2021-06-14 05:03:00 (America/Lima);unlock;closed;0;1623683091;0;0;0;0;2;;
550;2024060528000010;;PROBELAS CON LA BATERIA DE MI CELULAR;05/06/2024 15:31;;;Soporte de Desktop;closed successful;3 normal;miguel.cueva;Logistica VI;;0;;;0;0;2021-06-10 06:08:02 (America/Lima);0;0;;0;;;;;0;;0;;0;;;54;0;;0;;;;;2021-06-10 05:56:47 (America/Lima);unlock;closed;0;1623341282;0;0;0;0;2;;
551;2024060528000020;;Actualización de scaner;05/06/2024 15:56;;;Soporte de Desktop;closed successful;4 Alto;dayann.moreno;RRHH VI;;0;;;0;0;2021-06-14 16:48:20 (America/Lima);0;0;;0;;;;;0;;0;;0;;;583;0;;0;;;;;2021-06-14 16:46:20 (America/Lima);unlock;closed;0;1623725300;0;0;0;0;2;;
552;2024060528000030;;error en contraseña de plataforma impacttrade web;05/06/2024 17:03;;;Soporte de Desktop;closed successful;5 Muy Alto;miguel.huapaya;Nestle VI;;0;;;0;0;2021-06-14 08:43:35 (America/Lima);0;0;;0;;;;;0;;0;;0;;;141;0;;0;;;;;2021-06-14 08:42:37 (America/Lima);unlock;closed;0;1623696215;0;0;0;0;2;;
553;2024060528000040;;problemas con google chrome;05/06/2024 17:06;;;Soporte de Desktop;closed successful;5 Muy Alto;miguel.huapaya;Nestle VI;;0;;;0;0;2021-06-21 04:22:43 (America/Lima);0;0;;0;;;;;0;;0;;0;;;3756;0;;0;;;;;2021-06-21 04:21:47 (America/Lima);unlock;closed;0;1624285363;0;0;0;0;2;;
554;2024060528000050;;Solicitud de sctualizscion de impact trade;05/06/2024 18:24;;;Soporte de Celulares;closed successful;3 normal;procter.lima;P&G;;0;;;0;0;2021-06-17 13:49:04 (America/Lima);0;0;;0;;;;;0;;0;;0;;;1946;0;;0;;;;;2021-06-17 13:47:51 (America/Lima);unlock;closed;0;1623973744;0;0;0;0;2;;
555;2024060528000060;;Solicitud de revision de modem;05/06/2024 21:42;;;Soporte de Desktop;closed successful;5 Muy Alto;ingrid.peralta;P&G VI;;0;;;0;0;2021-06-16 11:31:05 (America/Lima);0;0;;0;;;;;0;;0;;0;;;20249;0;;0;;;;;2021-06-16 11:30:16 (America/Lima);unlock;closed;0;1626890655;0;0;0;0;13;;
556;2024060628000010;;contraseña de marcación impacttrade olvidada;06/06/2024 13:51;;;Soporte de Desktop;closed successful;3 normal;juan.cordova;Nestle VI;;0;;;0;0;2021-06-16 12:12:07 (America/Lima);0;0;;0;;;;;0;;0;;0;;;32;0;;0;;;;;2021-06-16 12:10:42 (America/Lima);unlock;closed;0;1623881527;0;0;0;0;2;;
557;2024060628000020;;contraseña para acceso a laptop erronea;06/06/2024 14:35;;;Soporte de Desktop;closed successful;3 normal;yorka.baca;Nestle VI;;0;;;0;0;2021-06-16 12:13:01 (America/Lima);0;0;;0;;;;;0;;0;;0;;;32;0;;0;;;;;2021-06-16 12:12:18 (America/Lima);unlock;closed;0;1623881581;0;0;0;0;2;;
558;2024060628000030;;Delivery Status Notification (Failure);06/06/2024 14:48;;;Soporte de Desktop;closed successful;3 normal;carmen.tubilla;Nestle VI GG;;0;;;0;0;2021-06-16 18:48:20 (America/Lima);0;0;;0;;;;;0;;0;;0;;;256;0;;0;;;;;2021-06-16 14:35:21 (America/Lima);unlock;closed;0;1623905300;0;0;0;0;2;;
559;2024060628000040;;Falta de apk VI_SPOC;06/06/2024 21:30;;;Soporte Desarrollo;closed successful;5 Muy Alto;miguel.huapaya;Nestle VI;;0;;;0;0;;0;0;;0;;;;;0;;0;;0;;;441;0;;0;;;;;2021-06-17 13:18:49 (America/Lima);unlock;closed;0;1623972061;0;0;0;0;3;;
560;2024060628000050;;Actualización de aplicativo;06/06/2024 21:44;;;Soporte de Desktop;closed successful;3 normal;miguel.huapaya;Nestle VI;;0;;;0;0;;0;0;;0;;;;;0;;0;;0;;;1106;0;;0;;;;;2021-06-21 04:26:59 (America/Lima);unlock;closed;0;1624285637;0;0;0;0;2;;
561;2024060728000010;;ACCESO A LA INTRANET P&G - HSM;07/06/2024 00:24;;;Soporte de Desktop;closed successful;3 normal;miguel.huapaya;Nestle VI;;0;;;0;0;;0;0;;0;;;;;0;;0;;0;;;1105;0;;0;;;;;2021-06-21 04:25:51 (America/Lima);unlock;closed;0;1624285570;0;0;0;0;2;;
562;2024060728000020;;STATUS DE EQUIPO DEL GTM NIÑO LENGUA YASET;07/06/2024 02:33;;;Soporte de Desktop;closed successful;3 normal;miguel.huapaya;Nestle VI;;0;;;0;0;;0;0;;0;;;;;0;;0;;0;;;1104;0;;0;;;;;2021-06-21 04:24:57 (America/Lima);unlock;closed;0;1624285524;0;0;0;0;2;;
563;2024060728000030;;Usuario y contraseña;07/06/2024 14:18;;;Soporte de Celulares;closed successful;3 normal;miguel.huapaya;Nestle VI;;0;;;0;0;2021-06-28 06:51:43 (America/Lima);0;0;;0;;;;;0;;0;;0;;;19897;0;;0;;;;;2021-06-25 04:48:25 (America/Lima);unlock;closed;0;1627054720;0;0;0;0;10;;
564;2024060728000040;;RV: Restablecimiento contraseña;07/06/2024 16:03;;;Soporte de Desktop;closed successful;3 normal;jamphier.paipay;Sistemas VI;;0;;;0;0;;0;0;;0;;;;;0;;0;;0;;;1;0;;0;;;;;2021-06-17 12:02:20 (America/Lima);unlock;closed;0;1623967356;0;0;0;0;2;;
565;2024060728000050;;DESBLOQUEO USUSARIO KAM AJE;07/06/2024 20:45;;;Soporte de Desktop;closed successful;3 normal;miguel.cueva;Logistica VI;;0;;;0;0;2021-06-18 05:49:15 (America/Lima);0;0;;0;;;;;0;;0;;0;;;755;0;;0;;;;;2021-06-18 05:40:50 (America/Lima);unlock;closed;0;1624128338;0;0;0;0;5;;
566;2024060728000060;;Instalación de Escaner de impresora Epson;07/06/2024 20:49;;;Soporte de Desktop;merged;3 normal;jose.castillo;Logistica VI;;0;;;0;0;2021-06-18 07:30:50 (America/Lima);0;0;;0;;;;;0;;0;;0;;;0;0;;0;;;;;2021-06-18 07:30:17 (America/Lima);unlock;merged;0;1624037449;0;0;0;0;1;;
567;2024060728000070;;Actualización de office;07/06/2024 22:04;;;Soporte de Desktop;closed successful;3 normal;dayann.moreno;RRHH VI;;0;;;0;0;2021-06-18 10:23:35 (America/Lima);0;0;;0;;;;;0;;0;;0;;;16;0;;0;;;;;2021-06-18 10:22:10 (America/Lima);unlock;closed;0;1624047815;0;0;0;0;2;;
568;2024060828000010;;Re: Usuarios bloqueados Intranet;08/06/2024 01:09;;;Soporte de Celulares;closed successful;3 normal;nestle.junin;;;0;;;0;0;2021-06-25 05:27:35 (America/Lima);0;0;;0;;;;;0;;0;;0;;;2730;0;;0;;;;;2021-06-25 05:27:15 (America/Lima);unlock;closed;0;1624634855;0;0;0;0;2;;
569;2024060828000020;;Equipos sin aplicativo Nuevo;08/06/2024 13:09;;;Soporte de Celulares;closed successful;3 normal;luis.salazar;Nestle VI;;0;;;0;0;;0;0;;0;;;;;0;;0;;0;;;38119;0;;0;;;;;2021-06-25 05:19:32 (America/Lima);unlock;closed;0;1630158174;0;0;0;0;5;;
570;2024060828000030;;Equipo  no puede ingresar Sotisurf y cámara que se paraliza;08/06/2024 14:27;;;Soporte de Desktop;closed successful;3 normal;lizbeth.perez;Nestle VI;;10;;;0;0;;0;0;;0;;;;;0;;0;;0;;;0;0;;0;;;;;;unlock;closed;0;0;0;0;0;0;1;;
571;2024060828000040;;Problemas Aplicativo;08/06/2024 17:18;;;Soporte de Celulares;closed successful;3 normal;procter.lambayeque;P&G;;0;;;0;0;2021-06-25 05:28:30 (America/Lima);0;0;;0;;;;;0;;0;;0;;;2200;0;;0;;;;;2021-06-25 05:27:58 (America/Lima);unlock;closed;0;1624634910;0;0;0;0;2;;
572;2024060828000050;;RESTAURACION DE CLAVE;08/06/2024 17:42;;;Soporte de Desktop;closed successful;3 normal;cesar.mayorga;Nestle VI;;0;;;0;0;2021-06-22 09:25:41 (America/Lima);0;0;;0;;;;;0;;0;;0;;;233;0;;0;;;;;2021-06-22 07:56:58 (America/Lima);unlock;closed;0;1624398613;0;0;0;0;4;;
573;2024060828000060;;Usuarios bloqueados Intranet PG;08/06/2024 17:45;;;Soporte de Desktop;closed successful;3 normal;sandra.gonzales;Operaciones VI;;0;;;0;0;2021-06-22 11:51:26 (America/Lima);0;0;;0;;;;;0;;0;;0;;;186;0;;0;;;;;2021-06-22 09:26:36 (America/Lima);unlock;closed;0;1624401161;0;0;0;0;4;;
574;2024060828000070;;INCIDENCIA EN APLUCATIVO;08/06/2024 20:48;;;Soporte de Desktop;closed successful;3 normal;edwin.avendano;P&G VI;;0;;;0;0;2021-06-23 11:21:50 (America/Lima);0;0;;0;;;;;0;;0;;0;;;502;0;;0;;;;;2021-06-23 10:51:48 (America/Lima);unlock;closed;0;1624551241;0;0;0;0;4;;
575;2024060828000080;;Fwd: Accesos Intranet;08/06/2024 21:00;;;Soporte de Desktop;closed successful;3 normal;roberto.saenz;Nestle VI;;0;;;0;0;2021-06-24 05:40:53 (America/Lima);0;0;;0;;;;;0;;0;;0;;;6;0;;0;;;;;2021-06-24 05:35:05 (America/Lima);unlock;closed;0;1624549269;0;0;0;0;3;;
576;2024060828000090;;Habilitar Usuario;08/06/2024 21:00;;;Soporte de Desktop;closed successful;3 normal;aylin.pajuelo;Finanzas VI;;0;;;0;0;2021-06-25 12:29:55 (America/Lima);0;0;;0;;;;;0;;0;;0;;;920;0;;0;;;;;2021-06-24 10:09:20 (America/Lima);unlock;closed;0;1624660195;0;0;0;0;3;;
577;2024060828000100;;Habilitar Usuario.;08/06/2024 23:36;;;Soporte de Desktop;closed successful;3 normal;milenka.gargurevich;Operaciones VI GG;;0;;;0;0;2021-06-24 14:09:18 (America/Lima);0;0;;0;;;;;0;;0;;0;;;100;0;;0;;;;;2021-06-24 12:28:30 (America/Lima);unlock;closed;0;1624579758;0;0;0;0;2;;
578;2024060928000010;;Soporte;09/06/2024 14:12;;;Soporte de Desktop;closed successful;3 normal;sara.suarez;Nestle VI;;0;;;0;0;2021-06-24 13:26:18 (America/Lima);0;0;;0;;;;;0;;0;;0;;;39;0;;0;;;;;2021-06-24 13:05:09 (America/Lima);unlock;closed;0;1624578282;0;0;0;0;3;;
579;2024060928000020;;Generar reunión en gmail;09/06/2024 15:03;;;Soporte de Celulares;closed successful;3 normal;procter.cusco;P&G;;0;;;0;0;;0;0;;0;;;;;0;;0;;0;;;0;0;;0;;;;;;unlock;closed;0;0;0;0;0;0;1;;
580;2024060928000030;;Restablecimiento de contraseña;09/06/2024 15:03;;;Soporte de Celulares;closed successful;3 normal;procter.lambayeque;P&G;;0;;;0;0;2021-06-25 07:15:05 (America/Lima);0;0;;0;;;;;0;;0;;0;;;9;0;;0;;;;;2021-06-25 07:06:53 (America/Lima);unlock;closed;0;1624641305;0;0;0;0;2;;
581;2024060928000040;;Modulo de Iniciativas P&G;09/06/2024 20:32;;;Soporte de Desktop;closed successful;3 normal;milenka.gargurevich;Operaciones VI GG;;0;;;0;0;2021-06-25 09:59:19 (America/Lima);0;0;;0;;;;;0;;0;;0;;;10;0;;0;;;;;2021-06-25 09:49:14 (America/Lima);unlock;closed;0;1624651159;0;0;0;0;2;;
582;2024060928000050;;Actualización  usuario ;09/06/2024 21:45;;;Soporte de Celulares;closed successful;3 normal;procter.lima;P&G;;0;;;0;0;2021-06-25 11:08:14 (America/Lima);0;0;;0;;;;;0;;0;;0;;;34;0;;0;;;;;2021-06-25 10:37:00 (America/Lima);unlock;closed;0;1624655294;0;0;0;0;2;;
583;2024061028000010;;Celular Supervisor;10/06/2024 17:18;;;Soporte de Celulares;closed successful;3 normal;nestle.arequipa;Nestle;;0;;;0;0;;0;0;;0;;;;;0;;0;;0;;;0;0;;0;;;;;;unlock;closed;0;0;0;0;0;0;1;;
584;2024061028000020;;PROBLEMAS CON EXCEL CSV;10/06/2024 17:18;;;Soporte de Celulares;closed successful;3 normal;procter.ancash;P&G;;0;;;0;0;2021-06-25 12:45:52 (America/Lima);0;0;;0;;;;;0;;0;;0;;;2065;0;;0;;;;;2021-06-25 12:27:53 (America/Lima);unlock;closed;0;1625074759;0;0;0;0;3;;
585;2024061128000010;;Re: Piloto LSC;11/06/2024 23:39;;;Soporte de Celulares;closed successful;3 normal;yessica.montenegro@visualimpact.com.pe;yessica.montenegro@visualimpact.com.pe;;0;;;0;0;2021-06-28 06:48:39 (America/Lima);0;0;;0;;;;;0;;0;;0;;;358;0;;0;;;;;2021-06-28 06:47:01 (America/Lima);unlock;closed;0;1624898919;0;0;0;0;2;;
586;2024061128000020;;Actualización aplicativo;11/06/2024 23:39;;;Soporte de Celulares;closed successful;3 normal;ajeper.ica;Ajeper;;0;;;0;0;2021-06-28 06:28:24 (America/Lima);0;0;;0;;;;;0;;0;;0;;;5166;0;;0;;;;;2021-06-28 06:26:38 (America/Lima);unlock;closed;0;1625602890;0;0;0;0;4;;
587;2024061228000010;;Instalación del apk - news VI;12/06/2024 15:09;;;Soporte de Celulares;closed successful;3 normal;miguel.huapaya;Nestle VI;;0;;;0;0;2021-06-26 06:16:58 (America/Lima);0;0;;0;;;;;0;;0;;0;;;1740;0;;0;;;;;2021-06-26 06:12:09 (America/Lima);unlock;closed;0;1625068817;0;0;0;0;10;;
588;2024061228000020;;PAIVA CASTILLO JEFFERSON;12/06/2024 15:32;;;Soporte de Celulares;closed successful;5 Muy Alto;ajeper.lima;Ajeper;;0;;;0;0;2021-06-28 06:19:49 (America/Lima);0;0;;0;;;;;0;;0;;0;;;199;0;;0;;;;;2021-06-28 06:16:22 (America/Lima);unlock;closed;0;1624897189;0;0;0;0;2;;
589;2024061228000030;;RE: Usuario VI Intranet;12/06/2024 17:15;;;Raw;closed successful;3 normal;mailer-daemon@googlemail.com;mailer-daemon@googlemail.com;;0;;;0;0;;0;0;;0;;;;;0;;0;;0;;;147;0;;0;;;;;2021-06-28 05:27:12 (America/Lima);unlock;closed;0;1624894056;0;0;0;0;2;;
590;2024061228000040;;Apoyo en el usuario historio;12/06/2024 17:15;;;Raw;closed successful;3 normal;mailer-daemon@googlemail.com;mailer-daemon@googlemail.com;;0;;;0;0;;0;0;;0;;;;;0;;0;;0;;;147;0;;0;;;;;2021-06-28 05:27:46 (America/Lima);unlock;closed;0;1624894075;0;0;0;0;2;;
591;2024061228000050;;Instalación de aplicaciones;12/06/2024 19:43;;;Soporte de Desktop;closed successful;3 normal;enrique.tipula;Logistica VI;;0;;;0;0;2021-06-28 05:31:35 (America/Lima);0;0;;0;;;;;0;;0;;0;;;81;0;;0;;;;;2021-06-28 05:30:48 (America/Lima);unlock;closed;0;1624894294;0;0;0;0;2;;
592;2024061228000060;;Actualización aplicativo;12/06/2024 20:36;;;Soporte de Desktop;closed successful;3 normal;lidia.martinez;Ajeper VI;;0;;;0;0;2021-06-28 09:31:44 (America/Lima);0;0;;0;;;;;0;;0;;0;;;178;0;;0;;;;;2021-06-28 06:32:48 (America/Lima);unlock;closed;0;1624908704;0;0;0;0;2;;
593;2024061228000070;;instalación de bizagi;12/06/2024 20:40;;;Soporte de Celulares;closed successful;5 Muy Alto;nestle.lima;Nestle;;0;;;0;0;2021-06-30 11:41:22 (America/Lima);0;0;;0;;;;;0;;0;;0;;;2923;0;;0;;;;;2021-06-30 08:03:59 (America/Lima);unlock;closed;0;1625247079;0;0;0;0;3;;
594;2024061228000080;;cambio de contraseña de correo;12/06/2024 20:41;;;Soporte de Desktop;closed successful;3 normal;gloria.camino;Nestle VI;;0;;;0;0;2021-06-28 16:30:47 (America/Lima);0;0;;0;;;;;0;;0;;0;;;101;0;;0;;;;;2021-06-28 14:18:56 (America/Lima);unlock;closed;0;1624933847;0;0;0;0;2;;
595;2024061228000090;;BLOQUEO DE USUARIO INTRANET PG;12/06/2024 20:44;;;Raw;closed successful;3 normal;mailer-daemon@googlemail.com;mailer-daemon@googlemail.com;;0;;;0;0;;0;0;;0;;;;;0;;0;;0;;;49;0;;0;;;;;2021-06-28 16:50:12 (America/Lima);unlock;closed;0;1624935023;0;0;0;0;2;;
596;2024061328000010;;Reactivar Usuario;13/06/2024 19:36;;;Soporte de Celulares;closed successful;5 Muy Alto;procter.cusco;P&G;;0;;;0;0;2021-06-30 11:39:02 (America/Lima);0;0;;0;;;;;0;;0;;0;;;519;0;;0;;;;;2021-06-30 11:38:42 (America/Lima);unlock;closed;0;1625089142;0;0;0;0;2;;
597;2024061328000020;;BLOQUEO DE USUARIOS INTRANET;13/06/2024 19:38;;;Soporte de Desktop;closed successful;3 normal;lizbeth.perez;Nestle VI;;0;;;0;0;2021-06-30 05:46:37 (America/Lima);0;0;;0;;;;;0;;0;;0;;;16;0;;0;;;;;2021-06-30 05:30:07 (America/Lima);unlock;closed;0;1625067997;0;0;0;0;2;;
598;2024061328000030;;Cambio de contraseña ;13/06/2024 19:55;;;Soporte de Celulares;closed successful;3 normal;jahaira.paredes;Sistemas VI;;0;;;0;0;2021-06-30 11:38:30 (America/Lima);0;0;;0;;;;;0;;0;;0;;;288;0;;0;;;;;2021-06-30 11:37:59 (America/Lima);unlock;closed;0;1625089110;0;0;0;0;2;;
599;2024061328000040;;cuenta de intranet BLOQUEADA;13/06/2024 19:57;;;Soporte de Celulares;closed successful;3 normal;walter.becerra;P&G VI;;0;;;0;0;2021-06-30 11:29:30 (America/Lima);0;0;;0;;;;;0;;0;;0;;;828;0;;0;;;;;2021-06-30 10:40:32 (America/Lima);unlock;closed;0;1625161746;0;0;0;0;6;;
600;2024061328000050;;CELULAR EN MAL ESTADO / GTM;13/06/2024 19:58;;;Soporte de Desktop;closed successful;3 normal;victor.urbina;Nestle VI;;0;;;0;0;2021-06-30 14:16:40 (America/Lima);0;0;;0;;;;;0;;0;;0;;;388;0;;0;;;;;2021-06-30 14:15:51 (America/Lima);unlock;closed;0;1625155751;0;0;0;0;3;;
601;2024061428000010;;instalación de aplicativo Mega;14/06/2024 16:40;;;Soporte de Celulares;closed successful;3 normal;victor.urbina;Nestle VI;;0;;;0;0;2021-07-01 07:47:11 (America/Lima);0;0;;0;;;;;0;;0;;0;;;1258;0;;0;;;;;2021-06-30 13:30:08 (America/Lima);unlock;closed;0;1625250513;0;0;0;0;4;;
602;2024061428000020;;FALLA EN PC DE OMAR TORRICO;14/06/2024 17:42;;;Soporte de Celulares;closed successful;3 normal;procter.lima;P&G;;0;;;0;0;2021-07-01 05:09:00 (America/Lima);0;0;;0;;;;;0;;0;;0;;;313;0;;0;;;;;2021-07-01 05:03:26 (America/Lima);unlock;closed;0;1625155363;0;0;0;0;3;;
603;2024061428000030;;FALLA EN PC OMAR TORRICO;14/06/2024 17:42;;;Soporte de Desktop;closed successful;3 normal;sandro.saloma;Nestle VI;;0;;;0;0;2021-06-30 15:27:35 (America/Lima);0;0;;0;;;;;0;;0;;0;;;68;0;;0;;;;;2021-06-30 14:19:03 (America/Lima);unlock;closed;0;1625102855;0;0;0;0;2;;
604;2024061428000040;;ZONA LIMA EN INTRANET NO FIGURA;14/06/2024 20:25;;;Soporte de Desktop;closed successful;3 normal;eduardo.inca;Logistica VI;;0;;;0;0;2021-07-01 07:39:12 (America/Lima);0;0;;0;;;;;0;;0;;0;;;13;0;;0;;;;;2021-07-01 07:25:33 (America/Lima);unlock;closed;0;1625161152;0;0;0;0;2;;
605;2024061528000010;;Contraseña de GTM;15/06/2024 15:18;;;Soporte de Desktop;closed successful;3 normal;miguel.huapaya;Nestle VI;;0;;;0;0;2021-08-02 04:41:45 (America/Lima);0;0;;0;;;;;0;;0;;0;;;2;0;;0;;;;;2021-08-02 04:40:52 (America/Lima);unlock;closed;0;1627915305;0;0;0;0;2;;
606;2024061528000020;;HUAYLLA ASTOHUAYHUA,MARIA DEL PILAR;15/06/2024 15:38;;;Soporte de Celulares;closed successful;3 normal;procter.lima;P&G;;0;;;0;0;2021-08-05 10:46:46 (America/Lima);0;0;;0;;;;;0;;0;;0;;;2700;0;;0;;;;;2021-08-05 10:45:53 (America/Lima);unlock;closed;0;1628196406;0;0;0;0;2;;
607;2024061528000030;;Incidente en campo.;15/06/2024 15:43;;;Soporte de Celulares;closed successful;3 normal;walter.becerra;P&G VI;;0;;;0;0;2021-08-02 08:10:49 (America/Lima);0;0;;0;;;;;0;;0;;0;;;2558;0;;0;;;;;2021-08-02 08:10:14 (America/Lima);unlock;closed;0;1628196536;0;0;0;0;14;;
608;2024061528000040;;RV: Link ubicaciones de bodegas;15/06/2024 15:45;;;Soporte de Celulares;closed successful;3 normal;marco.allcca;Ajeper VI;;0;;;0;0;2021-08-05 11:23:46 (America/Lima);0;0;;0;;;;;0;;0;;0;;;4522;0;;0;;;;;2021-08-05 11:21:42 (America/Lima);unlock;closed;0;1628610185;0;0;0;0;5;;
609;2024061528000050;;OPORTUNIDAD EQUIPO CORPORATIVO;15/06/2024 15:48;;;Soporte de Celulares;closed successful;3 normal;guillermo.martinez@visualimpact.com.pe;guillermo.martinez@visualimpact.com.pe;;0;;;0;0;;0;0;;0;;;;;0;;0;;0;;;2136;0;;0;;;;;2021-08-05 11:26:09 (America/Lima);unlock;closed;0;1628198821;0;0;0;0;2;;
610;2024061528000060;;Cambio Contraseña - Web RR.HH;15/06/2024 17:27;;;Soporte Desarrollo;closed successful;3 normal;carlos.nuñuvero;P&G VI;;0;;;0;0;2021-08-03 04:51:39 (America/Lima);0;0;;0;;;;;0;;0;;0;;;1365;0;;0;;;;;2021-08-03 04:39:06 (America/Lima);unlock;closed;0;1628026991;0;0;0;0;5;;
611;2024061528000070;;ACCESOS A INTRANET;15/06/2024 20:13;;;Soporte de Desktop;closed successful;3 normal;gabriela.ore;P&G VI;;0;;;0;0;2021-08-03 09:10:33 (America/Lima);0;0;;0;;;;;0;;0;;0;;;110;0;;0;;;;;2021-08-03 09:09:56 (America/Lima);unlock;closed;0;1628018459;0;0;0;0;2;;
612;2024061528000080;;Soporte tencino presseller;15/06/2024 21:06;;;Soporte de Celulares;closed successful;3 normal;lizbeth.perez;Nestle VI;;0;;;0;0;2021-08-04 07:44:43 (America/Lima);0;0;;0;;;;;0;;0;;0;;;134;0;;0;;;;;2021-08-04 05:58:21 (America/Lima);unlock;closed;0;1628099083;0;0;0;0;2;;
613;2024061628000010;;RV: Actualización aplicativo;16/06/2024 13:55;;;Soporte de Celulares;closed unsuccessful;3 normal;marco.allcca;Ajeper VI;;0;;;0;0;2021-08-05 11:02:22 (America/Lima);0;0;;0;;;;;0;;0;;0;;;2369;0;;0;;;;;2021-08-10 04:59:11 (America/Lima);unlock;closed;0;1628607572;0;0;0;0;4;;
614;2024061628000020;;Aplicativo GTM;16/06/2024 18:45;;;Soporte de Celulares;closed successful;3 normal;marco.allcca;Ajeper VI;;0;;;0;0;2021-08-10 05:01:06 (America/Lima);0;0;;0;;;;;0;;0;;0;;;2310;0;;0;;;;;2021-08-05 13:30:10 (America/Lima);unlock;closed;0;1628607666;0;0;0;0;3;;
615;2024061728000010;;Instalación de aplicaciones;17/06/2024 00:09;;;Soporte de Celulares;closed successful;3 normal;draucin.castro@visualimpact.com.pe;draucin.castro@visualimpact.com.pe;;0;;;0;0;2021-08-05 12:03:44 (America/Lima);0;0;;0;;;;;0;;0;;0;;;2206;0;;0;;;;;2021-08-05 11:46:10 (America/Lima);unlock;closed;0;1628608599;0;0;0;0;4;;
616;2024061728000020;;EQUIPO EN MAL ESTADO.;17/06/2024 01:30;;;Soporte de Celulares;closed unsuccessful;3 normal;procter.lima;P&G;;0;;;0;0;2021-08-05 12:15:19 (America/Lima);0;0;;0;;;;;0;;0;;0;;;2192;0;;0;;;;;2021-08-05 12:13:40 (America/Lima);unlock;closed;0;1628608352;0;0;0;0;3;;
617;2024061728000030;;Asignación de Equipo Móvil;17/06/2024 15:01;;;Soporte de Celulares;closed successful;3 normal;nils.moron;P&G VI;;0;;;0;0;2021-08-10 05:04:35 (America/Lima);0;0;;0;;;;;0;;0;;0;;;12709;0;;0;;;;;2021-08-10 05:03:53 (America/Lima);unlock;closed;0;1630156277;0;0;0;0;7;;
618;2024061928000010;;cambio de contraseña de correo;19/06/2024 15:18;;;Soporte de Desktop;closed successful;3 normal;walter.becerra;P&G VI;;0;;;0;0;2021-08-06 05:13:44 (America/Lima);0;0;;0;;;;;0;;0;;0;;;18;0;;0;;;;;2021-08-06 04:55:26 (America/Lima);unlock;closed;0;1628262824;0;0;0;0;2;;
619;2024061928000020;;Actualización de contraseña Impacttadre PG;19/06/2024 16:33;;;Soporte de Desktop;closed successful;3 normal;gabriela.ore;P&G VI;;0;;;0;0;2021-08-06 05:11:41 (America/Lima);0;0;;0;;;;;0;;0;;0;;;15;0;;0;;;;;2021-08-06 04:56:23 (America/Lima);unlock;closed;0;1628262701;0;0;0;0;2;;
620;2024061928000030;;consulta para el GESCA;19/06/2024 16:35;;;Soporte de Desktop;closed successful;3 normal;judith.mato;Sistemas VI;;0;;;0;0;2021-08-06 06:13:10 (America/Lima);0;0;;0;;;;;0;;0;;0;;;1;0;;0;;;;;2021-08-06 06:13:12 (America/Lima);unlock;closed;0;1628266503;0;0;0;0;2;;
621;2024061928000040;;Asistencia por app al equipo de cenav;19/06/2024 16:37;;;Soporte de Celulares;closed successful;3 normal;lizbeth.perez;Nestle VI;;0;;;0;0;2021-08-10 05:07:01 (America/Lima);0;0;;0;;;;;0;;0;;0;;;1390;0;;0;;;;;2021-08-10 05:06:40 (America/Lima);unlock;closed;0;1628608841;0;0;0;0;5;;
622;2024061928000050;;GTMs no tienen apk multicanal 0.0.51;19/06/2024 16:39;;;Soporte de Celulares;closed successful;3 normal;johana.suyon@visualimpact.com.pe;johana.suyon@visualimpact.com.pe;;0;;;0;0;2021-08-10 07:23:55 (America/Lima);0;0;;0;;;;;0;;0;;0;;;11584;0;;0;;;;;2021-08-10 07:16:06 (America/Lima);unlock;closed;0;1630086263;0;0;0;0;4;;
623;2024062028000010;;BLOQUEO DE PANTALLA EN COMPUTADORAS;20/06/2024 14:27;;;Soporte de Desktop;closed successful;3 normal;jose.castillo;Logistica VI;;0;;;0;0;2021-08-10 05:08:15 (America/Lima);0;0;;0;;;;;0;;0;;0;;;1392;0;;0;;;;;2021-08-10 05:07:21 (America/Lima);unlock;closed;0;1628627573;0;0;0;0;6;;
624;2024062028000020;;PROBLEMAS CON LA BATERIA CON ELCELULAR DEL GTM;20/06/2024 14:52;;;Soporte de Celulares;closed successful;3 normal;procter.lima;P&G;;0;;;0;0;2021-08-10 05:07:17 (America/Lima);0;0;;0;;;;;0;;0;;0;;;917;0;;0;;;;;2021-08-10 05:05:28 (America/Lima);unlock;closed;0;1628608037;0;0;0;0;2;;
625;2024062028000030;;Sala Zoom;20/06/2024 19:36;;;Soporte de Desktop;closed successful;3 normal;walter.becerra;P&G VI;;0;;;0;0;2021-08-09 04:47:55 (America/Lima);0;0;;0;;;;;0;;0;;0;;;7;0;;0;;;;;2021-08-09 04:47:28 (America/Lima);unlock;closed;0;1628520475;0;0;0;0;2;;
626;2024062028000040;;Instalación de driver (IMPRESORA);20/06/2024 19:58;;;Soporte de Desktop;closed successful;3 normal;lourdes.montalvan;Nestle VI;;0;;;0;0;2021-08-09 07:14:58 (America/Lima);0;0;;0;;;;;0;;0;;0;;;687;0;;0;;;;;2021-08-09 06:38:56 (America/Lima);unlock;closed;0;1628607982;0;0;0;0;4;;
627;2024062028000050;;Cambio de Laptop;20/06/2024 22:23;;;Soporte de Desktop;closed successful;3 normal;walter.becerra;P&G VI;;0;;;0;0;2021-08-31 07:16:32 (America/Lima);0;0;;0;;;;;0;;0;;0;;;14500;0;;0;;;;;2021-08-31 07:05:01 (America/Lima);unlock;closed;0;1630687223;0;0;0;0;15;;
628;2024062028000060;;problema con conexión a power bi;20/06/2024 22:25;;;Soporte de Desktop;closed successful;3 normal;jesus.diaz;Nestle VI;;0;;;0;0;2021-08-10 10:16:56 (America/Lima);0;0;;0;;;;;0;;0;;0;;;437;0;;0;;;;;2021-08-09 16:27:07 (America/Lima);unlock;closed;0;1628626616;0;0;0;0;3;;
629;2024062128000010;;msj error;21/06/2024 18:30;;;Comité de SI;closed unsuccessful;3 normal;jamphier.paipay;Sistemas VI;;0;;;0;0;;0;0;;0;;;;;0;;0;;0;;;5;0;;0;;;;;2021-08-10 05:45:00 (America/Lima);unlock;closed;0;1628610338;0;0;0;0;2;;
630;2024062128000020;;RV: Aplicativo GTM;21/06/2024 20:36;;;Soporte de Celulares;closed successful;3 normal;marco.allcca;Ajeper VI;;0;;;0;0;2021-08-10 07:27:37 (America/Lima);0;0;;0;;;;;0;;0;;0;;;10729;0;;0;;;;;2021-08-10 07:27:12 (America/Lima);unlock;closed;0;1630156396;0;0;0;0;3;;
631;2024062128000030;;ACTUALIZACION DE APLICATIVO;21/06/2024 20:43;;;Soporte de Celulares;closed successful;3 normal;edith.quincho;Nestle VI;;0;;;0;0;2021-08-10 07:11:59 (America/Lima);0;0;;0;;;;;0;;0;;0;;;41;0;;0;;;;;2021-08-10 07:07:00 (America/Lima);unlock;closed;0;1628615519;0;0;0;0;2;;
632;2024062128000040;;USUARIO APLICATIVO;21/06/2024 20:45;;;Soporte de Desktop;closed successful;3 normal;miguel.huapaya;Nestle VI;;0;;;0;0;2021-08-10 07:51:45 (America/Lima);0;0;;0;;;;;0;;0;;0;;;51;0;;0;;;;;2021-08-10 07:50:30 (America/Lima);unlock;closed;0;1628617905;0;0;0;0;2;;
633;2024062228000010;;Fwd: Usuario y contraseña inavlida( cenav);22/06/2024 14:28;;;Soporte de Celulares;closed successful;3 normal;lizbeth.perez;Nestle VI;;0;;;0;0;2021-08-27 07:57:50 (America/Lima);0;0;;0;;;;;0;;0;;0;;;9607;0;;0;;;;;2021-08-27 07:56:32 (America/Lima);unlock;closed;0;1630087070;0;0;0;0;2;;
634;2024062228000020;;USUARIO NO HABILITADO;22/06/2024 21:55;;;Soporte de Desktop;closed successful;3 normal;geiger.fasanando;Nestle VI;;0;;;0;0;2021-08-11 07:34:47 (America/Lima);0;0;;0;;;;;0;;0;;0;;;214;0;;0;;;;;2021-08-11 07:34:18 (America/Lima);unlock;closed;0;1628703287;0;0;0;0;2;;
635;2024062228000030;;Habilitación en APK EJECUTIVOS;22/06/2024 21:56;;;Soporte de Desktop;closed unsuccessful;3 normal;gabriela.ore;P&G VI;;0;;;0;0;2021-08-12 08:25:29 (America/Lima);0;0;;0;;;;;0;;0;;0;;;35;0;;0;;;;;2021-08-12 08:23:26 (America/Lima);unlock;closed;0;1628792729;0;0;0;0;2;;
636;2024062328000010;;CAMBIO EQUIPO CORPORATIVO GTM ISM MALA;23/06/2024 14:30;;;Soporte de Celulares;closed successful;3 normal;guillermo.martinez@visualimpact.com.pe;guillermo.martinez@visualimpact.com.pe;;0;;;0;0;2021-08-27 07:55:53 (America/Lima);0;0;;0;;;;;0;;0;;0;;;8495;0;;0;;;;;2021-08-27 07:55:03 (America/Lima);unlock;closed;0;1630086953;0;0;0;0;2;;
637;2024062328000020;;PROBLEMAS CON EL APLICATIVO/ GTM.;23/06/2024 22:02;;;Soporte de Celulares;closed successful;3 normal;procter.lima;P&G;;0;;;0;0;2021-08-27 07:54:14 (America/Lima);0;0;;0;;;;;0;;0;;0;;;8500;0;;0;;;;;2021-08-27 07:53:00 (America/Lima);unlock;closed;0;1630158303;0;0;0;0;3;;
638;2024062628000010;;RE: PROBLEMA CON LA WEB CONTROL DE ASITENCIA;26/06/2024 14:45;;;Soporte de Desktop;closed successful;3 normal;enrique.tipula;Logistica VI;;0;;;0;0;2021-08-13 06:46:28 (America/Lima);0;0;;0;;;;;0;;0;;0;;;292;0;;0;;;;;2021-08-13 06:31:20 (America/Lima);unlock;closed;0;1628889141;0;0;0;0;4;;
639;2024062628000020;;soporte ZURITA EVANGELISTA,YANCARLO VICENTE;26/06/2024 15:24;;;Soporte de Celulares;closed successful;3 normal;ajeper.lima;Ajeper;;0;;;0;0;;0;0;;0;;;;;0;;0;;0;;;0;0;;0;;;;;;unlock;closed;0;0;0;0;0;0;1;;
640;2024062628000030;;PROBLEMA CON IMPRESORA EPSON FX 890;26/06/2024 15:41;;;Soporte de Desktop;open;3 normal;juan.inca;Logistica VI;;0;;;0;0;2021-08-17 04:38:11 (America/Lima);0;0;;0;;;;;0;;0;;0;;;11700;0;;0;;;;;2021-08-17 04:37:10 (America/Lima);lock;open;0;1630779015;0;0;0;0;10;;
641;2024062628000040;;restablecimiento de contraseñas.;26/06/2024 15:45;;;Soporte de Desktop;closed successful;3 normal;jessica.vasquez;Nestle VI;;0;;;0;0;;0;0;;0;;;;;0;;0;;0;;;183;0;;0;;;;;2021-08-16 07:50:01 (America/Lima);unlock;closed;0;1629136236;0;0;0;0;2;;
642;2024062628000050;;EQUIPO MOVIL ENTRGADO NO CUENTA CON APK'S INSTALADO;26/06/2024 15:48;;;Soporte de Celulares;closed successful;3 normal;procter.lima;P&G;;0;;;0;0;2021-08-27 08:28:40 (America/Lima);0;0;;0;;;;;0;;0;;0;;;7237;0;;0;;;;;2021-08-27 08:28:06 (America/Lima);unlock;closed;0;1630088920;0;0;0;0;2;;
643;2024062628000060;;CONTRASEÑA;26/06/2024 21:54;;;Soporte de Celulares;closed successful;3 normal;miguel.huapaya;Nestle VI;;0;;;0;0;2021-08-16 09:40:38 (America/Lima);0;0;;0;;;;;0;;0;;0;;;6922;0;;0;;;;;2021-08-16 09:39:04 (America/Lima);unlock;closed;0;1630085578;0;0;0;0;4;;
644;2024062728000010;;Camara Celular;27/06/2024 14:54;;;Soporte de Celulares;closed successful;3 normal;marco.allcca;Ajeper VI;;0;;;0;0;2021-08-27 10:48:12 (America/Lima);0;0;;0;;;;;0;;0;;0;;;5368;0;;0;;;;;2021-08-27 10:37:30 (America/Lima);unlock;closed;0;1630097751;0;0;0;0;4;;
645;2024062728000020;;PROBLEMAS CON EL OFFICE;27/06/2024 15:04;;;Soporte de Desktop;closed successful;3 normal;sara.suarez;Nestle VI;;0;;;0;0;2021-08-19 04:17:19 (America/Lima);0;0;;0;;;;;0;;0;;0;;;1;0;;0;;;;;2021-08-19 04:16:11 (America/Lima);unlock;closed;0;1629382639;0;0;0;0;2;;
646;2024062728000030;;Solicitud de apoyo con equipo movil;27/06/2024 15:16;;;Soporte de Celulares;closed successful;3 normal;teo.trujillo;P&G VI;;0;;;0;0;2021-08-19 08:28:34 (America/Lima);0;0;;0;;;;;0;;0;;0;;;4643;0;;0;;;;;2021-08-19 08:27:55 (America/Lima);unlock;closed;0;1630083927;0;0;0;0;4;;
647;2024062728000040;;problemas con acceso a windows;27/06/2024 16:57;;;Soporte de Desktop;closed successful;3 normal;juan.inca;Logistica VI;;0;;;0;0;2021-08-19 13:38:54 (America/Lima);0;0;;0;;;;;0;;0;;0;;;63;0;;0;;;;;2021-08-19 13:38:09 (America/Lima);unlock;closed;0;1629416334;0;0;0;0;2;;
648;2024062728000050;;RE: Proyecto Impact Trade - Julio'21;27/06/2024 19:22;;;Soporte de Celulares;closed successful;3 normal;walter.becerra;P&G VI;;0;;;0;0;;0;0;;0;;;;;0;;0;;0;;;4161;0;;0;;;;;2021-08-27 10:53:06 (America/Lima);unlock;closed;0;1630097605;0;0;0;0;15;;
649;2024062828000010;;Soporte GTM Tarapoto;28/06/2024 14:10;;;Soporte de Celulares;closed successful;3 normal;jessica.vasquez;Nestle VI;;0;;;0;0;2021-08-20 12:20:34 (America/Lima);0;0;;0;;;;;0;;0;;0;;;3940;0;;0;;;;;2021-08-20 12:19:51 (America/Lima);unlock;closed;0;1630085460;0;0;0;0;6;;
650;2024062828000020;;RE: Soporte GTM Piura;28/06/2024 16:14;;;Soporte de Celulares;closed successful;3 normal;jessica.vasquez;Nestle VI;;0;;;0;0;2021-08-20 11:55:08 (America/Lima);0;0;;0;;;;;0;;0;;0;;;4438;0;;0;;;;;2021-08-20 11:53:45 (America/Lima);unlock;closed;0;1630158971;0;0;0;0;7;;
651;2024062828000030;;OTRS Scheduler Daemon Cron: MailAccountFetch;28/06/2024 19:21;;;Raw;closed successful;3 normal;notificaciones.soporte@visualimpact.com.pe;notificaciones.soporte@visualimpact.com.pe;;0;;;0;0;;0;0;;0;;;;;0;;0;;0;;;2494;0;;0;;;;;2021-08-24 09:55:10 (America/Lima);unlock;closed;0;1629992077;0;0;0;0;2;;
652;2024063028000010;;OTRS Scheduler Daemon Cron: MailAccountFetch;30/06/2024 14:58;;;Raw;closed successful;3 normal;notificaciones.soporte@visualimpact.com.pe;notificaciones.soporte@visualimpact.com.pe;;0;;;0;0;;0;0;;0;;;;;0;;0;;0;;;1081;0;;0;;;;;2021-08-24 08:00:37 (America/Lima);unlock;closed;0;1629828123;0;0;0;0;3;;
653;2024063028000020;;problemas con acceso a plataforma gesca;30/06/2024 15:24;;;Soporte de Desktop;closed successful;3 normal;jose.castillo;Logistica VI;;0;;;0;0;2021-08-23 09:53:08 (America/Lima);0;0;;0;;;;;0;;0;;0;;;2093;0;;0;;;;;2021-08-23 09:48:59 (America/Lima);unlock;closed;0;1629992514;0;0;0;0;5;;
654;2024063028000030;;Usuarios y Contraseñas;30/06/2024 17:15;;;Soporte de Desktop;closed successful;3 normal;marco.allcca;Ajeper VI;;0;;;0;0;2021-09-02 08:13:13 (America/Lima);0;0;;0;;;;;0;;0;;0;;;6440;0;;0;;;;;2021-09-02 08:12:26 (America/Lima);unlock;closed;0;1630695044;0;0;0;0;6;;
655;2024063028000040;;INSTALACIÓN bizagi modeler;30/06/2024 19:06;;;Soporte de Desktop;closed successful;3 normal;gerson.ramos;Logistica VI;;0;;;0;0;2021-08-24 09:53:46 (America/Lima);0;0;;0;;;;;0;;0;;0;;;112;0;;0;;;;;2021-08-24 09:53:06 (America/Lima);unlock;closed;0;1629834826;0;0;0;0;2;;
656;2024070328000020;;RE: CAMBIO DE EQUIPO MOVIL  HUARCAYA SAIRITUPAC LUIS GERBERT - BATERIA DAÑADA;03/07/2024 16:06;;;Soporte de Celulares;open;3 normal;jahaira.paredes;Sistemas VI;;0;;;0;0;2021-08-28 03:38:44 (America/Lima);0;0;;0;;;;;0;;0;;0;;;0;0;;0;;;;;2021-08-27 12:14:50 (America/Lima);lock;open;0;1630157923;0;0;0;0;2;;
657;2024070328000030;;FERNANDEZ CRISANTO,EDUAR ARTURO;03/07/2024 16:06;;;Soporte de Celulares;closed successful;3 normal;;;;0;;;0;0;;0;0;;0;;;;;0;;0;;0;;;0;0;;0;;;;;;unlock;closed;0;0;0;0;0;0;1;;
658;2024070428000010;;LAOS OBREGON,LEILA JUDITH;04/07/2024 15:11;;;Soporte de Celulares;closed successful;3 normal;;;;0;;;0;0;;0;0;;0;;;;;0;;0;;0;;;0;0;;0;;;;;;unlock;closed;0;0;0;0;0;0;1;;
659;2024070428000020;;BARRIOS VERGARA,JHANO HENRY;04/07/2024 15:20;;;Soporte de Celulares;closed successful;3 normal;;;;0;;;0;0;;0;0;;0;;;;;0;;0;;0;;;0;0;;0;;;;;;unlock;closed;0;0;0;0;0;0;1;;
660;2024070428000030;;ZARAZU CANALES,OSCAR ANTONIO;04/07/2024 16:16;;;Soporte de Celulares;closed successful;3 normal;;;;0;;;0;0;;0;0;;0;;;;;0;;0;;0;;;0;0;;0;;;;;;unlock;closed;0;0;0;0;0;0;1;;
661;2024070428000040;;Fallas equipo móvil- Chiclayo;04/07/2024 16:18;;;Soporte de Celulares;closed successful;5 Muy Alto;procter.lambayeque;P&G;;0;;;0;0;2021-08-28 03:25:11 (America/Lima);0;0;;0;;;;;0;;0;;0;;;1356;0;;0;;;;;2021-08-28 03:22:10 (America/Lima);unlock;closed;0;1630157111;0;0;0;0;2;;
662;2024070428000050;;Instalación de APP Impact Trade;04/07/2024 16:21;;;Soporte de Celulares;closed successful;4 Alto;procter.lambayeque;P&G;;0;;;0;0;2021-08-28 03:31:25 (America/Lima);0;0;;0;;;;;0;;0;;0;;;1348;0;;0;;;;;2021-08-28 03:26:52 (America/Lima);unlock;closed;0;1630157485;0;0;0;0;2;;
663;2024070428000060;;Código de suscripción Mobicontrol;04/07/2024 19:09;;;Soporte de Celulares;closed successful;4 Alto;procter.lambayeque;P&G;;0;;;0;0;2021-08-28 03:09:31 (America/Lima);0;0;;0;;;;;0;;0;;0;;;1343;0;;0;;;;;2021-08-28 03:03:17 (America/Lima);unlock;closed;0;1630156171;0;0;0;0;2;;
664;2024070428000080;;PROBLEMAS CON EL SCANER;04/07/2024 23:03;;;Soporte de Desktop;closed successful;3 normal;dayann.moreno;RRHH VI;;0;;;0;0;2021-08-26 07:23:32 (America/Lima);0;0;;0;;;;;0;;0;;0;;;268;0;;0;;;;;2021-08-26 07:18:00 (America/Lima);unlock;closed;0;1630014355;0;0;0;0;4;;
665;2024070428000090;;RV: Robo de equipo móvil | Spoc Juliaca: Betty Mamani 934 400 537;04/07/2024 23:03;;;Soporte de Celulares;closed successful;3 normal;walter.becerra;P&G VI;;0;;;0;0;2021-09-16 13:37:33 (America/Lima);0;0;;0;;;;;0;;0;;0;;;11966;0;;0;;;;;2021-08-28 03:10:08 (America/Lima);unlock;closed;0;1631835453;0;0;0;0;5;;
666;2024070428000100;;Creación de accesos Impact Trade Agosto'21;04/07/2024 23:03;;;Soporte de Desktop;closed successful;3 normal;rafael.loyola;P&G VI;;0;;;0;0;;0;0;;0;;;;;0;;0;;0;;;1314;0;;0;;;;;2021-08-31 06:53:01 (America/Lima);unlock;closed;0;1630428875;0;0;0;0;5;;
667;2024070528000010;;PERDIDA Y ASIGANCIÓN DE UN EQUIPO MÓVIL - JAÉN;05/07/2024 15:10;;;Soporte de Celulares;closed unsuccessful;3 normal;marlon.incio@visualimpact.com.pe;marlon.incio@visualimpact.com.pe;;0;;;0;0;2021-09-14 11:17:12 (America/Lima);0;0;;0;;;;;0;;0;;0;;;8192;0;;0;;;;;2021-09-14 11:11:39 (America/Lima);unlock;closed;0;1631654550;0;0;0;0;4;;
668;2024070528000020;;Instalacion mobi control;05/07/2024 15:36;;;Soporte de Celulares;closed unsuccessful;3 normal;procter.ica;P&G;;0;;;0;0;2021-09-14 07:14:11 (America/Lima);0;0;;0;;;;;0;;0;;0;;;9647;0;;0;;;;;2021-09-14 07:13:37 (America/Lima);unlock;closed;0;1631833854;0;0;0;0;3;;
669;2024070528000030;;Configuracion de la.camara de fotos;05/07/2024 16:48;;;Soporte de Celulares;closed successful;5 Muy Alto;procter.ica;P&G;;0;;;0;0;;0;0;;0;;;;;0;;0;;0;;;9993;0;;0;;;;;2021-09-16 07:59:47 (America/Lima);unlock;closed;0;1631921604;0;0;0;0;3;;
670;2024070528000040;;Creación de Accesos Setiembre - Multicanal;05/07/2024 21:07;;;Soporte de Desktop;closed successful;3 normal;rafael.loyola;P&G VI;;0;;;0;0;2021-09-01 05:29:03 (America/Lima);0;0;;0;;;;;0;;0;;0;;;68;0;;0;;;;;2021-09-01 05:27:18 (America/Lima);unlock;closed;0;1630510143;0;0;0;0;3;;
671;2024070628000010;;CORREO CORPORATIVO NUEVOS SPOC's;06/07/2024 16:12;;;Soporte de Desktop;closed successful;3 normal;luis.injante;P&G VI;;0;;;0;0;2021-09-01 07:36:47 (America/Lima);0;0;;0;;;;;0;;0;;0;;;12;0;;0;;;;;2021-09-01 07:36:49 (America/Lima);unlock;closed;0;1630518552;0;0;0;0;2;;
672;2024070628000020;;SOLICITUD DE ACCESO INTRANET;06/07/2024 18:15;;;Soporte Desarrollo;new;3 normal;wyman.torres;P&G VI;;0;;;0;0;;0;0;;0;;;;;0;;0;;0;;;0;0;;0;;;;;;unlock;new;0;0;0;0;0;0;1;;
673;2024070628000030;;Incidencia-falla de sistema equipo móvil GTM Víctor Gálvez;06/07/2024 18:17;;;Soporte de Celulares;open;5 Muy Alto;procter.tumbes;P&G;;0;;;0;0;2021-09-27 11:55:05 (America/Lima);0;0;;0;;;;;0;;0;;0;;;0;0;;0;;;;;2021-09-27 11:51:46 (America/Lima);lock;open;0;1632762523;0;0;0;0;5;;
674;2024070628000040;;Pérdida y asignación de equipo móvil- GTM Jaén;06/07/2024 21:55;;;Soporte de Celulares;closed unsuccessful;5 Muy Alto;procter.tumbes;P&G;;0;;;0;0;2021-09-14 13:01:07 (America/Lima);0;0;;0;;;;;0;;0;;0;;;7320;0;;0;;;;;2021-09-14 12:51:18 (America/Lima);unlock;closed;0;1631660467;0;0;0;0;2;;
675;2024070628000050;;PROBLEMAS CON LAPTOP;06/07/2024 22:16;;;Soporte de Desktop;closed successful;3 normal;luis.injante;P&G VI;;0;;;0;0;2021-09-01 11:38:24 (America/Lima);0;0;;0;;;;;0;;0;;0;;;645;0;;0;;;;;2021-09-01 11:35:46 (America/Lima);unlock;closed;0;1630598165;0;0;0;0;4;;
676;2024070628000060;;Fwd: soporte correo spoc;06/07/2024 22:18;;;Soporte de Desktop;closed successful;3 normal;luis.injante;P&G VI;;0;;;0;0;2021-09-01 11:22:21 (America/Lima);0;0;;0;;;;;0;;0;;0;;;465;0;;0;;;;;2021-09-01 11:21:17 (America/Lima);unlock;closed;0;1630598141;0;0;0;0;4;;
677;2024070628000070;;Fwd: CREACION DE USUARIO Y CLAVE GTM TACNA;06/07/2024 22:19;;;Soporte de Desktop;closed successful;3 normal;rafael.loyola;P&G VI;;0;;;0;0;2021-09-02 06:22:12 (America/Lima);0;0;;0;;;;;0;;0;;0;;;321;0;;0;;;;;2021-09-02 06:21:27 (America/Lima);unlock;closed;0;1630599732;0;0;0;0;2;;
678;2024070628000080;;"SANTILLAN BICERRA,ALEJANDRO	- clave boletas";06/07/2024 22:25;;;Soporte de Celulares;closed successful;3 normal;scachique;P&G VI;;0;;;0;0;;0;0;;0;;;;;0;;0;;0;;;0;0;;0;;;;;;unlock;closed;0;0;0;0;0;0;1;;
679;2024070728000020;;RE: DATOS AUDITORES;07/07/2024 14:24;;;Raw;closed successful;3 normal;walter.becerra;P&G VI;;0;;;0;0;2021-09-03 12:05:12 (America/Lima);0;0;;0;;;;;0;;0;;0;;;619;0;;0;;;;;2021-09-03 12:04:49 (America/Lima);unlock;closed;0;1630768514;0;0;0;0;3;;
680;2024070728000030;;PROBLEMAS CON LA IMPRESORA;07/07/2024 15:03;;;Soporte de Desktop;closed successful;3 normal;enrique.tipula;Logistica VI;;0;;;0;0;2021-09-04 08:00:39 (America/Lima);0;0;;0;;;;;0;;0;;0;;;459;0;;0;;;;;2021-09-04 07:54:59 (America/Lima);unlock;closed;0;1630778439;0;0;0;0;2;;
681;2024070728000050;;ACCESO INTRANET;07/07/2024 16:39;;;Soporte de Desktop;closed successful;3 normal;miguel.huapaya;Nestle VI;;0;;;0;0;2021-09-04 07:54:09 (America/Lima);0;0;;0;;;;;0;;0;;0;;;1449;0;;0;;;;;2021-09-04 07:53:33 (America/Lima);unlock;closed;0;1631032790;0;0;0;0;6;;
682;2024070728000060;;RE: ACCESO INTRANET;07/07/2024 16:39;;;Soporte de Desktop;merged;3 normal;miguel.huapaya;Nestle VI;;0;;;0;0;2021-09-04 07:46:44 (America/Lima);0;0;;0;;;;;0;;0;;0;;;0;0;;0;;;;;2021-09-04 07:46:34 (America/Lima);unlock;merged;0;1630777604;0;0;0;0;1;;
683;2024070728000070;;CLAVES DE INTRANET;07/07/2024 20:56;;;Soporte de Desktop;closed successful;3 normal;paulo.tipacti@visualimpact.com.pe;paulo.tipacti@visualimpact.com.pe;;0;;;0;0;2021-09-03 11:06:42 (America/Lima);0;0;;0;;;;;0;;0;;0;;;36;0;;0;;;;;2021-09-03 11:05:40 (America/Lima);unlock;closed;0;1630703216;0;0;0;0;3;;
684;2024071028000010;;Usuario bloqueado;10/07/2024 14:21;;;Soporte de Desktop;closed successful;3 normal;sayra.aguilar@visualimpact.com.pe;sayra.aguilar@visualimpact.com.pe;;0;;;0;0;2021-09-03 11:09:34 (America/Lima);0;0;;0;;;;;0;;0;;0;;;319;0;;0;;;;;2021-09-03 11:08:28 (America/Lima);unlock;closed;0;1630778075;0;0;0;0;6;;
685;2024071028000020;;PROBLEMA APLICATIVO;10/07/2024 14:27;;;Soporte de Celulares;closed successful;5 Muy Alto;miguel.huapaya;Nestle VI;;0;;;0;0;2021-09-16 12:29:24 (America/Lima);0;0;;0;;;;;0;;0;;0;;;7069;0;;0;;;;;2021-09-16 12:28:39 (America/Lima);unlock;closed;0;1631831364;0;0;0;0;3;;
686;2024071028000040;;Instalación de driver (IMPRESORA);10/07/2024 14:30;;;Soporte de Desktop;closed successful;3 normal;lorena.vargas;Finanzas VI;;0;;;0;0;2021-09-04 05:52:44 (America/Lima);0;0;;0;;;;;0;;0;;0;;;0;0;;0;;;;;2021-09-04 05:42:38 (America/Lima);unlock;closed;0;1630770764;0;0;0;0;2;;
687;2024071028000050;;CONTRASEÑA WEB V.I;10/07/2024 14:30;;;Soporte de Desktop;closed successful;3 normal;jhosept.escobar@visualimpact.com.pe;jhosept.escobar@visualimpact.com.pe;;0;;;0;0;2021-09-07 06:39:23 (America/Lima);0;0;;0;;;;;0;;0;;0;;;2772;0;;0;;;;;2021-09-07 06:29:33 (America/Lima);unlock;closed;0;1631223198;0;0;0;0;4;;
688;2024071028000060;;MICRO DE LAPTOP INACTIVO - COORDINADOR COMERCIAL;10/07/2024 15:59;;;Soporte de Desktop;closed successful;3 normal;edson.polo;P&G VI;;0;;;0;0;2021-09-06 08:23:07 (America/Lima);0;0;;0;;;;;0;;0;;0;;;8358;0;;0;;;;;2021-09-06 08:14:18 (America/Lima);unlock;closed;0;1632182939;0;0;0;0;11;;
689;2024071028000070;;Reseteo Contraseña;10/07/2024 16:00;;;Soporte de Celulares;closed successful;3 normal;marco.allcca;Ajeper VI;;0;;;0;0;;0;0;;0;;;;;0;;0;;0;;;4331;0;;0;;;;;2021-09-13 12:11:08 (America/Lima);unlock;closed;0;1631571079;0;0;0;0;2;;
690;2024071128000010;;Oportunidad en Accesos SPOCs Sur 2 | URGENTE;11/07/2024 14:15;;;Soporte de Desktop;closed successful;3 normal;jose.oballe;P&G VI;;0;;;0;0;;0;0;;0;;;;;0;;0;;0;;;865;0;;0;;;;;2021-09-07 06:25:29 (America/Lima);unlock;closed;0;1631031940;0;0;0;0;6;;
691;2024071128000020;;INSTALACIÓN DE APK;11/07/2024 14:21;;;Soporte de Celulares;closed successful;3 normal;procter.lima;P&G;;0;;;0;0;2021-09-06 11:37:58 (America/Lima);0;0;;0;;;;;0;;0;;0;;;271;0;;0;;;;;2021-09-06 11:36:32 (America/Lima);unlock;closed;0;1630964278;0;0;0;0;2;;
692;2024071128000030;;"ELIAS ADANAQUE,LUCIA LEIDY	- SOPORTE";11/07/2024 16:42;;;Soporte de Celulares;open;3 normal;sara.suarez;Nestle VI;;0;;;0;0;;0;0;;0;;;;;0;;0;;0;;;0;0;;0;;;;;;unlock;open;0;1631833750;0;0;0;0;3;;
693;2024071128000040;;Desbloqueo de Usuario AUDSIVAL;11/07/2024 17:30;;;Soporte de Desktop;closed successful;3 normal;rafael.loyola;P&G VI;;0;;;0;0;2021-09-06 08:24:32 (America/Lima);0;0;;0;;;;;0;;0;;0;;;4;0;;0;;;;;2021-09-06 08:24:03 (America/Lima);unlock;closed;0;1630952672;0;0;0;0;2;;
694;2024071128000050;;correo error con contraseña;11/07/2024 19:04;;;Soporte de Desktop;closed successful;3 normal;lindssay.sifuentes;Nestle VI;;0;;;0;0;2021-09-07 05:59:48 (America/Lima);0;0;;0;;;;;0;;0;;0;;;23;0;;0;;;;;2021-09-07 05:57:30 (America/Lima);unlock;closed;0;1631030388;0;0;0;0;2;;
695;2024071128000060;;problemas de lentitud con equipo (laptop);11/07/2024 19:06;;;Soporte de Desktop;closed successful;3 normal;jorge.molina;;;0;;;0;0;2021-09-07 06:01:52 (America/Lima);0;0;;0;;;;;0;;0;;0;;;4;0;;0;;;;;2021-09-07 05:59:57 (America/Lima);unlock;closed;0;1631048698;0;0;0;0;2;;
696;2024071128000070;;Actualización de Windows, problemas con la contraseña de correo;11/07/2024 21:38;;;Soporte de Desktop;closed successful;3 normal;carlos.barrenechea;Nestle VI;;0;;;0;0;2021-09-07 06:24:05 (America/Lima);0;0;;0;;;;;0;;0;;0;;;0;0;;0;;;;;2021-09-07 06:23:21 (America/Lima);unlock;closed;0;1631031845;0;0;0;0;2;;
697;2024071228000010;;Instalación de driver (IMPRESORA);12/07/2024 01:51;;;Soporte de Desktop;closed successful;3 normal;juan.inca;Logistica VI;;0;;;0;0;2021-09-07 07:03:03 (America/Lima);0;0;;0;;;;;0;;0;;0;;;1;0;;0;;;;;2021-09-07 07:02:27 (America/Lima);unlock;closed;0;1631034183;0;0;0;0;2;;
698;2024071228000030;;problemas con el teclado;12/07/2024 14:36;;;Soporte de Desktop;closed successful;3 normal;laura.leyva;RRHH VI;;0;;;0;0;2021-09-07 08:02:15 (America/Lima);0;0;;0;;;;;0;;0;;0;;;56;0;;0;;;;;2021-09-07 08:00:52 (America/Lima);unlock;closed;0;1631037735;0;0;0;0;2;;
699;2024071228000050;;Actualización de office;12/07/2024 16:09;;;Soporte de Desktop;closed successful;3 normal;mcalongos;P&G VI;;0;;;0;0;2021-09-07 11:21:40 (America/Lima);0;0;;0;;;;;0;;0;;0;;;204;0;;0;;;;;2021-09-07 11:21:07 (America/Lima);unlock;closed;0;1631049700;0;0;0;0;2;;
700;2024071228000060;;Oportunidad para ingresar a la web mediante PC;12/07/2024 16:42;;;Soporte de Desktop;closed successful;3 normal;ronald.salluca@visualimpact.com.pe;ronald.salluca@visualimpact.com.pe;;0;;;0;0;2021-09-07 11:20:29 (America/Lima);0;0;;0;;;;;0;;0;;0;;;1401;0;;0;;;;;2021-09-07 11:19:43 (America/Lima);unlock;closed;0;1631202985;0;0;0;0;4;;
701;2024071228000070;;Mensaje de windows caducara pronto;12/07/2024 21:15;;;Soporte de Desktop;closed successful;3 normal;yhanie.perez;Nestle VI;;0;;;0;0;2021-09-07 11:10:17 (America/Lima);0;0;;0;;;;;0;;0;;0;;;6;0;;0;;;;;2021-09-07 11:09:46 (America/Lima);unlock;closed;0;1631049017;0;0;0;0;2;;
702;2024071228000080;;OTRS Scheduler Daemon Cron: MailQueueSend;12/07/2024 21:54;;;Raw;closed successful;3 normal;notificaciones.soporte@visualimpact.com.pe;notificaciones.soporte@visualimpact.com.pe;;0;;;0;0;;0;0;;0;;;;;0;;0;;0;;;0;0;;0;;;;;2021-09-07 11:17:21 (America/Lima);unlock;closed;0;1631049449;0;0;0;0;2;;
703;2024071328000010;;Solicitar restauración de contraseña de VIPG SPOC HSM ;13/07/2024 12:54;;;Soporte de Desktop;closed successful;3 normal;jan.tapara@visualimpact.com.pe;jan.tapara@visualimpact.com.pe;;0;;;0;0;2021-09-08 07:39:58 (America/Lima);0;0;;0;;;;;0;;0;;0;;;57;0;;0;;;;;2021-09-08 07:39:04 (America/Lima);unlock;closed;0;1631125669;0;0;0;0;6;;
704;2024071328000020;;Correo Jaime Sarango;13/07/2024 12:54;;;Soporte de Desktop;closed successful;3 normal;marlon.espejo;P&G VI;;0;;;0;0;2021-09-08 10:51:52 (America/Lima);0;0;;0;;;;;0;;0;;0;;;11;0;;0;;;;;2021-09-08 10:51:11 (America/Lima);unlock;closed;0;1631134312;0;0;0;0;2;;
705;2024071328000030;;Apoyo con el cambio de clave de usuario;13/07/2024 13:36;;;Soporte de Desktop;closed successful;3 normal;luis.salazar;Nestle VI;;0;;;0;0;2021-09-08 13:32:15 (America/Lima);0;0;;0;;;;;0;;0;;0;;;22;0;;0;;;;;2021-09-08 13:29:41 (America/Lima);unlock;closed;0;1631143935;0;0;0;0;2;;
706;2024071328000040;;Solicitud Credenciales Intranet;13/07/2024 14:06;;;Soporte de Desktop;closed successful;3 normal;teo.trujillo;P&G VI;;0;;;0;0;2021-09-09 06:15:51 (America/Lima);0;0;;0;;;;;0;;0;;0;;;345;0;;0;;;;;2021-09-09 06:14:12 (America/Lima);unlock;closed;0;1631223267;0;0;0;0;3;;
707;2024071328000050;;Problema equipo movil - gtm brayan huaman correa / Cajamarca;13/07/2024 14:24;;;Soporte de Celulares;open;3 normal;procter.cajamarca;P&G;;0;;;0;0;2021-09-29 12:49:40 (America/Lima);0;0;;0;;;;;0;;0;;0;;;0;0;;0;;;;;2021-09-29 12:48:36 (America/Lima);lock;open;0;1632937780;0;0;0;0;2;;
708;2024050228000010;;Evaluación de equipo móvil - Mayorista AB Lima;;;;Soporte de Celulares;closed successful;3 normal;jessica.vasquez;Nestle VI;;0;;;0;0;2021-09-29 12:46:35 (America/Lima);0;0;;0;;;;;0;;0;;0;;;11116;0;;0;;;;;2021-09-29 12:44:31 (America/Lima);unlock;closed;0;1632937595;0;0;0;0;2;;
709;2024050228000020;;RE: Reseteo Contraseña;;;;Soporte de Celulares;closed successful;3 normal;marco.allcca;Ajeper VI;;0;;;0;0;2021-09-13 12:06:13 (America/Lima);0;0;;0;;;;;0;;0;;0;;;1665;0;;0;;;;;2021-09-13 12:05:42 (America/Lima);unlock;closed;0;1631570773;0;0;0;0;3;;
710;2024050228000030;;Falla de camara - Lima Oeste Nestle;;;;Soporte de Celulares;new;3 normal;jessica.vasquez;Nestle VI;;0;;;0;0;;0;0;;0;;;;;0;;0;;0;;;0;0;;0;;;;;2021-09-14 10:58:04 (America/Lima);lock;new;0;1631827762;0;0;0;0;2;;
711;2024050228000040;;Soporte con usuario y contraseña ;;;;Soporte de Desktop;closed successful;3 normal;gino.marti@visualimpact.com.pe;gino.marti@visualimpact.com.pe;;0;;;0;0;2021-09-10 07:13:28 (America/Lima);0;0;;0;;;;;0;;0;;0;;;92;0;;0;;;;;2021-09-10 07:12:41 (America/Lima);unlock;closed;0;1631294008;0;0;0;0;2;;
712;2024050228000050;;Correo con adjunto winmail.dat;;;;Soporte de Desktop;closed successful;3 normal;ingrid.peralta;P&G VI;;0;;;0;0;;0;0;;0;;;;;0;;0;;0;;;10755;0;;0;;;;;2021-09-15 17:36:43 (America/Lima);unlock;closed;0;1633012546;0;0;0;0;6;;
713;2024050228000060;;Faltas de apk's equipo móvil. ;;;;Soporte de Celulares;closed successful;3 normal;luis.rodriguez@visualimpact.com.pe;luis.rodriguez@visualimpact.com.pe;;0;;;0;0;2021-09-13 12:00:42 (America/Lima);0;0;;0;;;;;0;;0;;0;;;364;0;;0;;;;;2021-09-13 11:59:17 (America/Lima);unlock;closed;0;1631570442;0;0;0;0;2;;
714;2024050228000070;;Actualización de clave boletas;;;;Soporte de Desktop;closed successful;3 normal;jose.oballe;P&G VI;;0;;;0;0;;0;0;;0;;;;;0;;0;;0;;;1;0;;0;;;;;2021-09-13 06:14:59 (America/Lima);unlock;closed;0;1631549738;0;0;0;0;2;;
715;2024050228000080;;Solicito cambio de perfil para GTM Fernandez de la Cruz Rafael;;;;Soporte de Celulares;closed successful;3 normal;draucin.castro@visualimpact.com.pe;draucin.castro@visualimpact.com.pe;;0;;;0;0;2021-09-13 07:26:45 (America/Lima);0;0;;0;;;;;0;;0;;0;;;244;0;;0;;;;;2021-09-13 07:25:26 (America/Lima);unlock;closed;0;1631568580;0;0;0;0;4;;
716;2024050228000090;;Solicitud cambio de perfil a SPOC;;;;Soporte de Celulares;closed successful;3 normal;sayra.aguilar@visualimpact.com.pe;sayra.aguilar@visualimpact.com.pe;;0;;;0;0;2021-09-13 14:00:17 (America/Lima);0;0;;0;;;;;0;;0;;0;;;169;0;;0;;;;;2021-09-13 13:59:29 (America/Lima);unlock;closed;0;1631577617;0;0;0;0;2;;
717;2024050228000100;;Vacaciones Asistente Administrativo - 13 Setiembre al 19 Setiembre 2021;;;;Soporte de Celulares;closed unsuccessful;3 normal;jahaira.paredes;Sistemas VI;;0;;;0;0;;0;0;;0;;;;;0;;0;;0;;;20;0;;0;;;;;2021-09-13 13:10:22 (America/Lima);unlock;closed;0;1631574635;0;0;0;0;2;;
718;2024050228000110;;Solicitar instalar aplicación;;;;Soporte de Celulares;closed successful;3 normal;jan.tapara@visualimpact.com.pe;jan.tapara@visualimpact.com.pe;;0;;;0;0;2021-09-13 13:12:47 (America/Lima);0;0;;0;;;;;0;;0;;0;;;407;0;;0;;;;;2021-09-13 13:12:25 (America/Lima);unlock;closed;0;1631638708;0;0;0;0;4;;
719;2024050228000120;;Configuración equipo móvil;;;;Soporte de Celulares;open;3 normal;juan.cordova;Nestle VI;;0;;;0;0;2021-09-14 06:46:47 (America/Lima);0;0;;0;;;;;0;;0;;0;;;0;0;;0;;;;;2021-09-14 06:44:23 (America/Lima);lock;open;0;1631833479;0;0;0;0;3;;
720;2024050228000130;;Problemas con la VPN;;;;Soporte de Desktop;closed successful;3 normal;judith.cespedes;Finanzas VI;;0;;;0;0;;0;0;;0;;;;;0;;0;;0;;;43;0;;0;;;;;2021-09-14 05:31:47 (America/Lima);unlock;closed;0;1631633541;0;0;0;0;2;;
721;2024050228000140;;Instalación de driver (IMPRESORA);;;;Soporte de Celulares;closed successful;3 normal;yorka.baca;Nestle VI;;0;;;0;0;2021-09-14 07:47:01 (America/Lima);0;0;;0;;;;;0;;0;;0;;;30;0;;0;;;;;2021-09-14 07:46:11 (America/Lima);unlock;closed;0;1631641621;0;0;0;0;2;;
722;2024050228000150;;Reinstalacion del App multicanal;;;;Soporte de Celulares;closed successful;3 normal;osoltam@gmail.com;osoltam@gmail.com;;0;;;0;0;2021-09-14 11:21:04 (America/Lima);0;0;;0;;;;;0;;0;;0;;;110;0;;0;;;;;2021-09-14 11:20:27 (America/Lima);unlock;closed;0;1631654464;0;0;0;0;2;;
723;2024050228000160;;Actualización de windows;;;;Soporte de Celulares;closed successful;3 normal;sharom.sanchez;Nestle VI;;0;;;0;0;2021-09-14 13:20:41 (America/Lima);0;0;;0;;;;;0;;0;;0;;;6;0;;0;;;;;2021-09-14 13:17:46 (America/Lima);unlock;closed;0;1631661641;0;0;0;0;2;;
724;2024050328000010;;Usuario y contraseña;;;;Soporte de Celulares;closed successful;3 normal;giancarlo.medrano@visualimpact.com.pe;giancarlo.medrano@visualimpact.com.pe;;0;;;0;0;2021-09-15 06:48:02 (America/Lima);0;0;;0;;;;;0;;0;;0;;;67;0;;0;;;;;2021-09-15 06:47:28 (America/Lima);unlock;closed;0;1631724482;0;0;0;0;2;;
725;2024050328000020;;VALIDACIÓN DE USUARIO;;;;Soporte de Desktop;closed successful;3 normal;geiger.fasanando;Nestle VI;;0;;;0;0;2021-09-15 07:18:46 (America/Lima);0;0;;0;;;;;0;;0;;0;;;48;0;;0;;;;;2021-09-15 07:13:23 (America/Lima);unlock;closed;0;1631726326;0;0;0;0;2;;
726;2024050328000030;;Problemas con outlook;;;;Soporte de Desktop;closed successful;3 normal;carlos.nuñuvero;P&G VI;;0;;;0;0;2021-09-15 07:46:22 (America/Lima);0;0;;0;;;;;0;;0;;0;;;0;0;;0;;;;;2021-09-15 07:45:40 (America/Lima);unlock;closed;0;1631727982;0;0;0;0;2;;
727;2024050328000040;;Activación de office;;;;Soporte de Celulares;closed unsuccessful;3 normal;laura.leyva;RRHH VI;;0;;;0;0;2021-09-15 08:20:31 (America/Lima);0;0;;0;;;;;0;;0;;0;;;39;0;;0;;;;;2021-09-15 08:19:34 (America/Lima);unlock;closed;0;1631730031;0;0;0;0;2;;
728;2024050328000050;;Documentos en compartido RRHH;;;;Soporte de Desktop;closed successful;3 normal;dayann.moreno;RRHH VI;;0;;;0;0;;0;0;;0;;;;;0;;0;;0;;;141;0;;0;;;;;2021-09-15 17:34:56 (America/Lima);unlock;closed;0;1631763340;0;0;0;0;2;;
729;2024050328000060;;Revisión de equipo móvil GTM;;;;Soporte de Celulares;open;3 normal;luis.rodriguez@visualimpact.com.pe;luis.rodriguez@visualimpact.com.pe;;0;;;0;0;2021-09-16 13:06:15 (America/Lima);0;0;;0;;;;;0;;0;;0;;;0;0;;0;;;;;2021-09-16 13:05:18 (America/Lima);lock;open;0;1632402007;0;0;0;0;5;;
730;2024050328000070;;Consulta asistencia.;;;;Soporte de Desktop;closed successful;3 normal;walter.becerra;P&G VI;;0;;;0;0;2021-09-16 08:11:04 (America/Lima);0;0;;0;;;;;0;;0;;0;;;8074;0;;0;;;;;2021-09-16 08:08:31 (America/Lima);unlock;closed;0;1633012489;0;0;0;0;9;;
731;2024050328000080;;Equipo móvil;;;;Soporte de Celulares;open;3 normal;juan.cordova;Nestle VI;;0;;;0;0;2021-09-29 12:40:00 (America/Lima);0;0;;0;;;;;0;;0;;0;;;0;0;;0;;;;;2021-09-29 12:35:11 (America/Lima);lock;open;0;1632937200;0;0;0;0;3;;
732;2024050328000090;;REPORTES DIARIOS - NESTLE;;;;Soporte de Desktop;closed successful;3 normal;sharom.sanchez;Nestle VI;;0;;;0;0;2021-09-16 10:27:20 (America/Lima);0;0;;0;;;;;0;;0;;0;;;3;0;;0;;;;;2021-09-16 10:27:22 (America/Lima);unlock;closed;0;1631824241;0;0;0;0;2;;
733;2024050328000100;;Problemas para auditorias VIPG SPOC Fiorela Gil;;;;Soporte de Celulares;closed successful;3 normal;fiorela.gil@visualimpact.com.pe;fiorela.gil@visualimpact.com.pe;;0;;;0;0;2021-09-16 12:18:46 (America/Lima);0;0;;0;;;;;0;;0;;0;;;190;0;;0;;;;;2021-09-16 12:17:14 (America/Lima);unlock;closed;0;1631836854;0;0;0;0;5;;
734;2024050328000110;;SUR 2 | Apoyo en acceso para compartir Datos de equipo celular a laptop;;;;Soporte de Celulares;closed unsuccessful;3 normal;jose.oballe;P&G VI;;0;;;0;0;2021-09-17 12:27:57 (America/Lima);0;0;;0;;;;;0;;0;;0;;;277;0;;0;;;;;2021-09-17 12:25:10 (America/Lima);unlock;closed;0;1631917677;0;0;0;0;2;;
735;2024050328000120;;INCONVENIENTES CORREO JESSICA VILCAPOMA TORO;;;;Soporte de Desktop;closed successful;3 normal;roberto.saenz;Nestle VI;;0;;;0;0;2021-09-20 05:10:02 (America/Lima);0;0;;0;;;;;0;;0;;0;;;9;0;;0;;;;;2021-09-20 05:07:27 (America/Lima);unlock;closed;0;1632150602;0;0;0;0;2;;
736;2024050328000130;;Actualización de contraseña Purina Imtranet;;;;Soporte de Desktop;closed successful;3 normal;carmen.tubilla;Nestle VI GG;;0;;;0;0;2021-09-20 05:06:35 (America/Lima);0;0;;0;;;;;0;;0;;0;;;1;0;;0;;;;;2021-09-20 05:05:41 (America/Lima);unlock;closed;0;1632150395;0;0;0;0;2;;
737;2024050328000140;;CLAVE - PLATAFORMA COMERCIAL VISUAL;;;;Soporte de Desktop;closed successful;3 normal;margarita.bailon;Operaciones VI;;0;;;0;0;2021-09-20 05:29:14 (America/Lima);0;0;;0;;;;;0;;0;;0;;;1026;0;;0;;;;;2021-09-20 05:29:16 (America/Lima);unlock;closed;0;1632261143;0;0;0;0;5;;
738;2024050328000150;;Equipo movil GTM Alex Valentin (HSM) | Se Apaga y prende;;;;Soporte de Celulares;closed successful;3 normal;jose.oballe;P&G VI;;0;;;0;0;2021-09-29 12:32:45 (America/Lima);0;0;;0;;;;;0;;0;;0;;;5512;0;;0;;;;;2021-09-29 12:31:47 (America/Lima);unlock;closed;0;1632936765;0;0;0;0;3;;
739;2024050428000010;;Equipo movil GTM Alex Valentin (HSM) | Se Apaga y prende;;;;Soporte de Celulares;merged;3 normal;jose.oballe;P&G VI;;0;;;0;0;2021-09-29 12:31:36 (America/Lima);0;0;;0;;;;;0;;0;;0;;;0;0;;0;;;;;2021-09-29 12:31:25 (America/Lima);unlock;merged;0;1632936696;0;0;0;0;1;;
740;2024050428000020;;Actualización de clave - Cenav Trujillo;;;;Soporte de Desktop;closed successful;3 normal;yuvitza.miñan;Nestle VI;;0;;;0;0;2021-09-20 13:54:26 (America/Lima);0;0;;0;;;;;0;;0;;0;;;114;0;;0;;;;;2021-09-20 13:53:36 (America/Lima);unlock;closed;0;1632182066;0;0;0;0;2;;
741;2024050428000030;;PANTALLA DE CELULAR NO PRENDE / GTM JANES GUARNIZ;;;;Soporte de Celulares;closed successful;5 Muy Alto;procter.lima;P&G;;0;;;0;0;2021-09-29 12:30:01 (America/Lima);0;0;;0;;;;;0;;0;;0;;;4972;0;;0;;;;;2021-09-29 12:29:15 (America/Lima);unlock;closed;0;1632936601;0;0;0;0;2;;
742;2024050428000040;;Usuario Bloqueado;;;;Soporte de Desktop;closed successful;3 normal;procter.lambayeque;P&G;;0;;;0;0;;0;0;;0;;;;;0;;0;;0;;;1;0;;0;;;;;2021-09-21 10:09:09 (America/Lima);unlock;closed;0;1632236979;0;0;0;0;2;;
743;2024050428000050;;Instalación de adobe photoshop;;;;Soporte de Desktop;closed successful;3 normal;jorge.molina;RRHH VI;;0;;;0;0;;0;0;;0;;;;;0;;0;;0;;;5;0;;0;;;;;2021-09-21 12:31:55 (America/Lima);unlock;closed;0;1632245576;0;0;0;0;2;;
744;2024050428000060;;Creación de accesos app Impact Trade;;;;Soporte de Desktop;closed successful;3 normal;rafael.loyola;P&G VI;;0;;;0;0;2021-09-21 16:49:51 (America/Lima);0;0;;0;;;;;0;;0;;0;;;5375;0;;0;;;;;2021-09-21 16:47:11 (America/Lima);unlock;closed;0;1633019164;0;0;0;0;7;;
745;2024050528000010;;Activación de Windows 10;;;;Soporte de Desktop;closed successful;3 normal;roberto.saenz;Nestle VI;;0;;;0;0;;0;0;;0;;;;;0;;0;;0;;;0;0;;0;;;;;2021-09-21 18:23:57 (America/Lima);unlock;closed;0;1632266663;0;0;0;0;2;;
746;2024050528000020;;problemas con actualización de windows;;;;Soporte de Desktop;closed successful;3 normal;edson.polo;P&G VI;;0;;;0;0;2021-09-28 16:16:56 (America/Lima);0;0;;0;;;;;0;;0;;0;;;4364;0;;0;;;;;2021-09-21 18:27:02 (America/Lima);unlock;closed;0;1632930252;0;0;0;0;17;;
747;2024050528000030;;Actualización de office;;;;Soporte de Desktop;closed successful;3 normal;sharom.sanchez;Nestle VI;;0;;;0;0;2021-09-22 10:54:04 (America/Lima);0;0;;0;;;;;0;;0;;0;;;31;0;;0;;;;;2021-09-22 10:36:33 (America/Lima);unlock;closed;0;1632326044;0;0;0;0;2;;
748;2024050528000040;;DESCARGAR APLICATIVO;;;;Soporte de Celulares;new;3 normal;yorka.baca;Nestle VI;;0;;;0;0;;0;0;;0;;;;;0;;0;;0;;;0;0;;0;;;;;;unlock;new;0;0;0;0;0;0;1;;
749;2024050628000010;;ALMACENAMIENTO EN DRIVE - CASI LLENO;;;;Soporte de Desktop;closed successful;3 normal;gabriela.ore;P&G VI;;0;;;0;0;2021-09-23 11:59:04 (America/Lima);0;0;;0;;;;;0;;0;;0;;;228;0;;0;;;;;2021-09-23 11:57:47 (America/Lima);unlock;closed;0;1632416344;0;0;0;0;2;;
750;2024050628000020;;Re: Equipo movil GTM Alex Valentin (HSM) | Se Apaga y prende;;;;Soporte de Celulares;open;3 normal;jose.oballe;P&G VI;;0;;;0;0;2021-09-29 12:09:25 (America/Lima);0;0;;0;;;;;0;;0;;0;;;3219;0;;0;;;;;2021-09-29 12:08:46 (America/Lima);lock;open;0;1632956425;0;0;0;0;8;;
751;2024050828000020;;usuario bloqueado purina intranet;;;;Soporte de Desktop;closed successful;3 normal;miguel.huapaya;Nestle VI;;0;;;0;0;;0;0;;0;;;;;0;;0;;0;;;2;0;;0;;;;;2021-09-23 12:04:36 (America/Lima);unlock;closed;0;1632416800;0;0;0;0;2;;
752;2024051028000010;;PROBLEMAS CON LA PLATAFORMA DE LOGÍSTICA;;;;Soporte de Desktop;closed successful;3 normal;juan.inca;Logistica VI;;0;;;0;0;2021-09-24 11:14:57 (America/Lima);0;0;;0;;;;;0;;0;;0;;;780;0;;0;;;;;2021-09-24 11:14:16 (America/Lima);unlock;closed;0;1632582950;0;0;0;0;3;;
753;2024051028000020;;ERROR DE CARGA EN WEB DE LOGISTICA - 24-09-2021;;;;Soporte de Desktop;closed successful;3 normal;jose.castillo;Logistica VI;;0;;;0;0;;0;0;;0;;;;;0;;0;;0;;;723;0;;0;;;;;2021-09-27 09:22:52 (America/Lima);unlock;closed;0;1632752602;0;0;0;0;4;;
754;2024051028000030;;Oportunidad con equipo celular del GTM Carlos Perez Araujo;;;;Soporte de Celulares;open;3 normal;draucin.castro@visualimpact.com.pe;draucin.castro@visualimpact.com.pe;;0;;;0;0;2021-09-29 12:02:18 (America/Lima);0;0;;0;;;;;0;;0;;0;;;0;0;;0;;;;;2021-09-29 12:01:22 (America/Lima);lock;open;0;1632936623;0;0;0;0;3;;
755;2024051028000040;;Re: Problemas con Office 2016;;;;Soporte de Desktop;closed successful;3 normal;jessica.vasquez@visualimpact.com.pe;jessica.vasquez@visualimpact.com.pe;;0;;;0;0;;0;0;;0;;;;;0;;0;;0;;;41;0;;0;;;;;2021-09-27 09:21:03 (America/Lima);unlock;closed;0;1632752494;0;0;0;0;3;;
756;2024051028000050;;restablecer clave web;;;;Soporte de Desktop;closed successful;3 normal;eduardo.landeo;P&G VI;;0;;;0;0;2021-09-27 09:29:56 (America/Lima);0;0;;0;;;;;0;;0;;0;;;39;0;;0;;;;;2021-09-27 09:29:30 (America/Lima);unlock;closed;0;1632752996;0;0;0;0;2;;
757;2024051028000060;;SISTEMA OFFICE IHABILITADO;;;;Soporte de Desktop;closed successful;3 normal;roberto.saenz;Nestle VI;;0;;;0;0;2021-09-27 10:12:23 (America/Lima);0;0;;0;;;;;0;;0;;0;;;51;0;;0;;;;;2021-09-27 10:11:46 (America/Lima);unlock;closed;0;1632755543;0;0;0;0;2;;
758;2024051028000070;;PROBLEMAS PARA ACCESO - CARPETA COMPARTIDA;;;;Soporte de Desktop;closed successful;3 normal;edwin.avendano;P&G VI;;0;;;0;0;;0;0;;0;;;;;0;;0;;0;;;19;0;;0;;;;;2021-09-27 11:19:23 (America/Lima);unlock;closed;0;1632759614;0;0;0;0;2;;
759;2024051128000010;;Re: Usuario VI Intranet;;;;Soporte de Desktop;closed successful;3 normal;rafael.loyola;P&G VI;;0;;;0;0;2021-09-27 15:46:06 (America/Lima);0;0;;0;;;;;0;;0;;0;;;168;0;;0;;;;;2021-09-27 15:44:19 (America/Lima);unlock;closed;0;1632776325;0;0;0;0;3;;
760;2024051228000010;;Reinstalación de impresora Inalámbrica - Carlos Chau;;;;Soporte de Desktop;closed successful;3 normal;jorge.portugal;Sistemas VI;;0;;;0;0;;0;0;;0;;;;;0;;0;;0;;;0;0;;0;;;;;2021-09-28 11:41:18 (America/Lima);unlock;closed;0;1632847304;0;0;0;0;2;;
761;2024051228000020;;Actualización de Office;;;;Soporte de Desktop;closed successful;3 normal;yhanie.perez;Nestle VI;;0;;;0;0;2021-09-28 16:42:01 (America/Lima);0;0;;0;;;;;0;;0;;0;;;0;0;;0;;;;;2021-09-28 16:41:02 (America/Lima);unlock;closed;0;1632865321;0;0;0;0;2;;
762;2024051228000030;;Fwd: Solitar Cambio de Chip;;;;Soporte de Celulares;open;3 normal;jan.tapara@visualimpact.com.pe;jan.tapara@visualimpact.com.pe;;0;;;0;0;2021-09-29 11:59:32 (America/Lima);0;0;;0;;;;;0;;0;;0;;;0;0;;0;;;;;2021-09-29 11:59:04 (America/Lima);lock;open;0;1632934772;0;0;0;0;2;;
763;2024051228000040;;Problemas con outlook;;;;Soporte de Desktop;closed successful;3 normal;diana.zuñiga;Elite VI;;0;;;0;0;;0;0;;0;;;;;0;;0;;0;;;47;0;;0;;;;;2021-09-29 13:11:10 (America/Lima);unlock;closed;0;1632939096;0;0;0;0;2;;
764;2024051228000050;;perdida de contraseña de gmail;;;;Soporte de Desktop;closed successful;3 normal;carol.silva;;;0;;;0;0;;0;0;;0;;;;;0;;0;;0;;;0;0;;0;;;;;2021-09-29 15:55:39 (America/Lima);unlock;closed;0;1632948957;0;0;0;0;2;;
765;2024051228000060;;Apoyo con impresora - Trujillo;;;;Soporte de Desktop;closed successful;3 normal;yuvitza.miñan;Nestle VI;;0;;;0;0;2021-09-29 17:18:50 (America/Lima);0;0;;0;;;;;0;;0;;0;;;0;0;;0;;;;;2021-09-29 17:13:06 (America/Lima);unlock;closed;0;1632953930;0;0;0;0;2;;
766;2024051228000070;;SOPORTE DE CONTRASEÑA;;;;Soporte de Desktop;closed successful;3 normal;paulo.tipacti@visualimpact.com.pe;paulo.tipacti@visualimpact.com.pe;;0;;;0;0;2021-09-30 09:33:16 (America/Lima);0;0;;0;;;;;0;;0;;0;;;3;0;;0;;;;;2021-09-30 09:32:18 (America/Lima);unlock;closed;0;1633012396;0;0;0;0;2;;
767;2024051228000080;;Chip sin red;;;;Soporte de Celulares;new;3 normal;rodolfo.aguilar@visualimpact.com.pe;rodolfo.aguilar@visualimpact.com.pe;;0;;;0;0;;0;0;;0;;;;;0;;0;;0;;;0;0;;0;;;;;;unlock;new;0;0;0;0;0;0;1;;
768;2024051228000090;;Creación de accesos app Impact Trade;;;;Soporte de Desktop;closed successful;3 normal;rafael.loyola;P&G VI;;0;;;0;0;2021-09-30 11:25:29 (America/Lima);0;0;;0;;;;;0;;0;;0;;;54;0;;0;;;;;2021-09-30 11:25:32 (America/Lima);unlock;closed;0;1633022413;0;0;0;0;2;;
769;2024051228000100;;REESTABLECIMIENTO DE CONTRASEÑA CLARA ZAPATA;;;;Soporte de Desktop;closed successful;3 normal;maria.barrios;Nestle VI;;0;;;0;0;2021-09-30 14:36:31 (America/Lima);0;0;;0;;;;;0;;0;;0;;;16;0;;0;;;;;2021-09-30 14:35:58 (America/Lima);unlock;closed;0;1633030591;0;0;0;0;2;;
770;2024051528000010;;problemas con el aplicativo Blue Mail;;;;Soporte de Celulares;closed successful;3 normal;miguel.huapaya;Nestle VI;;0;;;0;0;2021-09-30 19:00:08 (America/Lima);0;0;;0;;;;;0;;0;;0;;;66;0;;0;;;;;2021-09-30 18:58:13 (America/Lima);unlock;closed;0;1633046408;0;0;0;0;2;;
771;2024051528000020;;REESTABLECIMIENTO CONTRASEÑA;;;;Soporte de Desktop;closed successful;3 normal;maria.barrios;Nestle VI;;0;;;0;0;2021-09-30 15:51:41 (America/Lima);0;0;;0;;;;;0;;0;;0;;;51;0;;0;;;;;2021-09-30 15:51:13 (America/Lima);unlock;closed;0;1633035101;0;0;0;0;2;;
772;2024051528000030;;restablecimiento de contraseña FIORELLA MILAGROS ACUÑA;;;;Soporte de Desktop;closed successful;3 normal;miguel.huapaya;Nestle VI;;0;;;0;0;2021-09-30 15:23:40 (America/Lima);0;0;;0;;;;;0;;0;;0;;;1;0;;0;;;;;2021-09-30 15:22:48 (America/Lima);unlock;closed;0;1633033420;0;0;0;0;2;;
773;2024051528000040;;Restablecer contraseñas GTM CHICLAYO;;;;Soporte de Desktop;closed successful;3 normal;lourdes.montalvan;Nestle VI;;0;;;0;0;2021-09-30 17:23:48 (America/Lima);0;0;;0;;;;;0;;0;;0;;;2201;0;;0;;;;;2021-09-30 17:21:56 (America/Lima);unlock;closed;0;1633459293;0;0;0;0;3;;
774;2024051528000050;;RESTABLECIMIENTO DE CONTRASEÑA ;;;;Soporte de Desktop;closed successful;3 normal;maria.barrios;Nestle VI;;0;;;0;0;2021-09-30 17:13:06 (America/Lima);0;0;;0;;;;;0;;0;;0;;;0;0;;0;;;;;2021-09-30 17:12:32 (America/Lima);unlock;closed;0;1633039986;0;0;0;0;2;;
775;2024051528000080;;USUARIO Y CONTRASEÑA;;;;Soporte de Desktop;closed successful;3 normal;luis.injante;P&G VI;;0;;;0;0;2021-09-30 17:23:15 (America/Lima);0;0;;0;;;;;0;;0;;0;;;0;0;;0;;;;;2021-09-30 17:23:17 (America/Lima);unlock;closed;0;1633040649;0;0;0;0;2;;
776;2024051528000090;;ACTUALIZACIÓN DE APLICATIVO;;;;Soporte de Celulares;open;3 normal;yorka.baca;Nestle VI;;0;;;0;0;2021-10-01 09:49:56 (America/Lima);0;0;;0;;;;;0;;0;;0;;;0;0;;0;;;;;2021-10-01 09:45:35 (America/Lima);lock;open;0;1633099796;0;0;0;0;2;;
777;2024051628000010;;Apoyo Con Acceso Al Nuevo Aplicativo Visual Trade Juliaca;;;;Soporte de Celulares;open;3 normal;betty.mamani;P&G VI;;0;;;0;0;2021-10-01 09:38:26 (America/Lima);0;0;;0;;;;;0;;0;;0;;;0;0;;0;;;;;2021-10-01 09:37:17 (America/Lima);lock;open;0;1633099227;0;0;0;0;5;;
778;2024051628000020;;SOPORTE EN ACCESO NUEVO APLICATIVO IMPAC TRADE;;;;Soporte de Celulares;open;3 normal;jesualdo.pacheco@visualimpact.com.pe;jesualdo.pacheco@visualimpact.com.pe;;0;;;0;0;2021-10-01 09:58:48 (America/Lima);0;0;;0;;;;;0;;0;;0;;;0;0;;0;;;;;2021-10-01 09:53:31 (America/Lima);lock;open;0;1633100328;0;0;0;0;2;;
779;2024051628000030;;SOPORTE EN ACCESO NUEVO APLICATIVO IMPAC TRADE;;;;Soporte de Celulares;new;3 normal;jesualdo.pacheco@visualimpact.com.pe;jesualdo.pacheco@visualimpact.com.pe;;0;;;0;0;;0;0;;0;;;;;0;;0;;0;;;0;0;;0;;;;;;unlock;new;0;0;0;0;0;0;1;;
780;2024051628000040;;Apk no se actualizo;;;;Soporte de Celulares;new;5 Muy Alto;procter.lima;P&G;;0;;;0;0;;0;0;;0;;;;;0;;0;;0;;;0;0;;0;;;;;;unlock;new;0;0;0;0;0;0;1;;
781;2024051628000050;;Re: SOPORTE EN ACCESO NUEVO APLICATIVO IMPAC TRADE;;;;Soporte de Celulares;open;3 normal;jose.oballe;P&G VI;;0;;;0;0;2021-10-01 10:13:34 (America/Lima);0;0;;0;;;;;0;;0;;0;;;13;0;;0;;;;;2021-10-01 10:13:25 (America/Lima);lock;open;0;1633102221;0;0;0;0;4;;
782;2024051628000060;;Re: SOPORTE EN ACCESO NUEVO APLICATIVO IMPAC TRADE;;;;Soporte de Celulares;new;3 normal;jose.oballe;P&G VI;;0;;;0;0;;0;0;;0;;;;;0;;0;;0;;;0;0;;0;;;;;2021-10-01 11:49:35 (America/Lima);unlock;new;0;1633106976;0;0;0;0;1;;
783;2024051728000010;;actualización APP IMPACT TRADE;;;;Soporte de Celulares;closed successful;3 normal;eduardo.landeo;P&G VI;;0;;;0;0;2021-10-01 10:31:30 (America/Lima);0;0;;0;;;;;0;;0;;0;;;21;0;;0;;;;;2021-10-01 10:31:13 (America/Lima);unlock;closed;0;1633102290;0;0;0;0;2;;
784;2024051728000020;;Luis romero reyes 934400398;;;;Soporte de Celulares;closed successful;3 normal;procter.huanuco;P&G;;0;;;0;0;2021-10-01 10:33:18 (America/Lima);0;0;;0;;;;;0;;0;;0;;;19;0;;0;;;;;2021-10-01 10:33:01 (America/Lima);unlock;closed;0;1633102398;0;0;0;0;2;;
785;2024051728000030;;Actualización;;;;Soporte de Celulares;open;3 normal;procter.cusco;P&G;;0;;;0;0;2021-10-01 10:50:53 (America/Lima);0;0;;0;;;;;0;;0;;0;;;0;0;;0;;;;;2021-10-01 10:50:25 (America/Lima);lock;open;0;1633103453;0;0;0;0;2;;
786;2024051728000040;;ACTUALIZACION IMPACT TRADE;;;;Soporte de Celulares;closed successful;3 normal;elvis.moquillaza@visualimpact.com.pe;elvis.moquillaza@visualimpact.com.pe;;0;;;0;0;2021-10-01 10:55:42 (America/Lima);0;0;;0;;;;;0;;0;;0;;;25;0;;0;;;;;2021-10-01 10:54:58 (America/Lima);unlock;closed;0;1633103742;0;0;0;0;2;;
787;2024051728000050;;ACCESO A INTRANET CHIMBOTE;;;;Soporte de Desktop;closed successful;3 normal;wyman.torres;P&G VI;;0;;;0;0;;0;0;;0;;;;;0;;0;;0;;;117;0;;0;;;;;2021-10-01 12:48:21 (America/Lima);unlock;closed;0;1633110515;0;0;0;0;2;;
788;2024051728000060;;Acceso GTM ImpactTrade;;;;Soporte de Desktop;closed successful;3 normal;luis.salazar;Nestle VI;;0;;;0;0;;0;0;;0;;;;;0;;0;;0;;;1;0;;0;;;;;2021-10-01 11:33:03 (America/Lima);unlock;closed;0;1633106023;0;0;0;0;2;;
789;2024051728000070;;RE: ACCESO A INTRANET CHIMBOTE;;;;Soporte de Desktop;closed successful;3 normal;wyman.torres;P&G VI;;0;;;0;0;2021-10-01 12:35:22 (America/Lima);0;0;;0;;;;;0;;0;;0;;;1542;0;;0;;;;;2021-10-01 11:51:23 (America/Lima);unlock;closed;0;1633451588;0;0;0;0;4;;
790;2024051728000080;;RE: Actualización de APP;;;;Soporte de Celulares;new;3 normal;jahaira.paredes;Sistemas VI;;0;;;0;0;;0;0;;0;;;;;0;;0;;0;;;0;0;;0;;;;;;unlock;new;0;0;0;0;0;0;1;;
791;2024051728000090;;Soporte técnico ;;;;Soporte de Celulares;new;3 normal;elvis.moquillaza@visualimpact.com.pe;elvis.moquillaza@visualimpact.com.pe;;0;;;0;0;;0;0;;0;;;;;0;;0;;0;;;0;0;;0;;;;;;unlock;new;0;0;0;0;0;0;1;;
792;2024051728000100;;CACUCIDAD DE PERMISOS EN LAPTOP;;;;Soporte de Desktop;closed successful;3 normal;maria.barrios;Nestle VI;;0;;;0;0;2021-10-04 11:44:22 (America/Lima);0;0;;0;;;;;0;;0;;0;;;153;0;;0;;;;;2021-10-04 11:43:17 (America/Lima);unlock;closed;0;1633365862;0;0;0;0;2;;
793;2024051728000110;;Actualización de office;;;;Soporte de Desktop;closed successful;3 normal;german.martens;Nestle VI;;0;;;0;0;2021-10-04 12:38:59 (America/Lima);0;0;;0;;;;;0;;0;;0;;;85;0;;0;;;;;2021-10-04 12:38:24 (America/Lima);unlock;closed;0;1633369139;0;0;0;0;2;;
794;2024051728000120;;INCONVENIENTE CON CORREOS;;;;Soporte de Desktop;new;3 normal;roberto.saenz;Nestle VI;;0;;;0;0;;0;0;;0;;;;;0;;0;;0;;;0;0;;0;;;;;;unlock;new;0;0;0;0;0;0;1;;
795;2024051828000010;;Cambio de contraseña;;;;Soporte de Desktop;closed successful;3 normal;teo.trujillo;P&G VI;;0;;;0;0;2021-10-04 12:40:44 (America/Lima);0;0;;0;;;;;0;;0;;0;;;10;0;;0;;;;;2021-10-04 12:39:47 (America/Lima);unlock;closed;0;1633369244;0;0;0;0;2;;
796;2024051828000020;;RE: APLICATIVO SALESFORSE;;;;Soporte de Celulares;new;3 normal;jahaira.paredes;Sistemas VI;;0;;;0;0;;0;0;;0;;;;;0;;0;;0;;;0;0;;0;;;;;;unlock;new;0;0;0;0;0;0;1;;
797;2024051828000030;;SOPORTE PARA INGRESO AL SISTEMA VISUAL TRADE;;;;Soporte de Desktop;closed unsuccessful;3 normal;gabriela.ore;P&G VI;;0;;;0;0;;0;0;;0;;;;;0;;0;;0;;;1770;0;;0;;;;;2021-10-07 11:00:01 (America/Lima);unlock;closed;0;1633622433;0;0;0;0;2;;
798;2024051828000040;;Activación de usuario bloqueado en NEWPG;;;;Soporte de Desktop;closed successful;3 normal;cristihan.rivera;P&G VI GG;;0;;;0;0;;0;0;;0;;;;;0;;0;;0;;;0;0;;0;;;;;2021-10-05 11:37:59 (America/Lima);unlock;closed;0;1633451879;0;0;0;0;1;;
799;2024051828000050;;PROBLEMAS CON EL OUTLOOK;;;;Soporte de Desktop;closed successful;3 normal;luis.injante;P&G VI;;0;;;0;0;2021-10-05 11:57:22 (America/Lima);0;0;;0;;;;;0;;0;;0;;;121;0;;0;;;;;2021-10-05 11:56:15 (America/Lima);unlock;closed;0;1633459325;0;0;0;0;5;;
800;2024051828000060;;EQUIPO MÓVIL TACNA;;;;Soporte de Celulares;new;3 normal;miguel.huapaya;Nestle VI;;0;;;0;0;;0;0;;0;;;;;0;;0;;0;;;0;0;;0;;;;;;unlock;new;0;0;0;0;0;0;1;;
801;2024051828000070;;EQUIPOS MÓVILES;;;;Soporte de Celulares;new;3 normal;miguel.huapaya;Nestle VI;;0;;;0;0;;0;0;;0;;;;;0;;0;;0;;;0;0;;0;;;;;;unlock;new;0;0;0;0;0;0;1;;
802;2024051828000080;;REINICIAR CORREO CORPORATIVO;;;;Soporte de Desktop;closed successful;3 normal;sergio.mendoza@visualimpact.com.pe;sergio.mendoza@visualimpact.com.pe;;0;;;0;0;2021-10-07 11:42:39 (America/Lima);0;0;;0;;;;;0;;0;;0;;;12;0;;0;;;;;2021-10-07 11:41:58 (America/Lima);unlock;closed;0;1633624959;0;0;0;0;2;;
803;2024051828000090;;RESTABLECIMIENTO DE CONTRASEÑA CORREO CORPORATIVO ;;;;Soporte de Desktop;closed unsuccessful;3 normal;maria.barrios;Nestle VI;;0;;;0;0;2021-10-07 15:00:38 (America/Lima);0;0;;0;;;;;0;;0;;0;;;91;0;;0;;;;;2021-10-07 15:00:03 (America/Lima);unlock;closed;0;1633636881;0;0;0;0;3;;
804;2024051928000010;;problemas con el office;;;;Soporte de Desktop;closed successful;3 normal;trabajadora.social;RRHH;;0;;;0;0;;0;0;;0;;;;;0;;0;;0;;;0;0;;0;;;;;2021-10-07 16:26:16 (America/Lima);unlock;closed;0;1633642024;0;0;0;0;2;;
805;2024051928000020;;carcasa de laptop rota;;;;Soporte de Desktop;closed successful;3 normal;jose.ruiz;P&G VI;;0;;;0;0;;0;0;;0;;;;;0;;0;;0;;;0;0;;0;;;;;2021-10-07 16:27:15 (America/Lima);unlock;closed;0;1633642086;0;0;0;0;2;;
806;2024051928000030;;REVISAR MEMORIA;;;;Soporte de Celulares;new;3 normal;procter.lima;P&G;;0;;;0;0;;0;0;;0;;;;;0;;0;;0;;;0;0;;0;;;;;;unlock;new;0;0;0;0;0;0;1;;
807;2024051928000040;;PROBLEMAS CON EL OFFICE;;;;Soporte de Desktop;closed successful;3 normal;jose.ruiz;P&G VI;;0;;;0;0;2021-10-11 11:24:26 (America/Lima);0;0;;0;;;;;0;;0;;0;;;53;0;;0;;;;;2021-10-11 11:23:26 (America/Lima);unlock;closed;0;1633969466;0;0;0;0;2;;
808;2024051928000050;;Apoyo con el Equipo celular;;;;Soporte de Celulares;new;3 normal;jan.tapara@visualimpact.com.pe;jan.tapara@visualimpact.com.pe;;0;;;0;0;;0;0;;0;;;;;0;;0;;0;;;0;0;;0;;;;;;unlock;new;0;0;0;0;0;0;1;;
809;2024051928000060;;Oportunidad Cambio de Clave Sistema Intranet;;;;Soporte de Desktop;closed successful;3 normal;francisco.guzman;Nestle VI;;0;;;0;0;2021-10-11 13:54:25 (America/Lima);0;0;;0;;;;;0;;0;;0;;;44;0;;0;;;;;2021-10-11 13:54:04 (America/Lima);unlock;closed;0;1633978465;0;0;0;0;2;;
810;2024051928000070;;restablecimiento de contraseña;;;;Soporte de Desktop;closed successful;3 normal;nestle.lima;Nestle;;0;;;0;0;;0;0;;0;;;;;0;;0;;0;;;0;0;;0;;;;;2021-10-11 18:04:48 (America/Lima);unlock;closed;0;1633993518;0;0;0;0;2;;
811;2024052028000010;;restablecimiento de contraseña;;;;Soporte de Desktop;closed successful;3 normal;procter.piura;P&G;;0;;;0;0;;0;0;;0;;;;;0;;0;;0;;;0;0;;0;;;;;;unlock;closed;0;0;0;0;0;0;1;;
812;2024052228000010;;Actualización de office;;;;Soporte de Desktop;closed successful;3 normal;michael.mendoza;Nestle VI;;0;;;0;0;2021-10-11 18:20:57 (America/Lima);0;0;;0;;;;;0;;0;;0;;;0;0;;0;;;;;2021-10-11 18:19:10 (America/Lima);unlock;closed;0;1633994457;0;0;0;0;2;;
813;2024052228000020;;Problemas con el correo Gmail;;;;Soporte de Desktop;closed successful;3 normal;kelly.minchan;Finanzas VI GG;;0;;;0;0;;0;0;;0;;;;;0;;0;;0;;;0;0;;0;;;;;2021-10-12 17:34:59 (America/Lima);unlock;closed;0;1634080957;0;0;0;0;2;;
814;2024052228000030;;Reestablecer contraseña Intranet HSM,;;;;Soporte de Desktop;closed successful;3 normal;teo.trujillo;P&G VI;;0;;;0;0;2021-10-12 18:26:20 (America/Lima);0;0;;0;;;;;0;;0;;0;;;1214;0;;0;;;;;2021-10-12 18:25:31 (America/Lima);unlock;closed;0;1634224461;0;0;0;0;6;;
815;2024052228000040;;problemas con las credenciales de intranet;;;;Soporte de Desktop;closed successful;3 normal;german.martens;Nestle VI;;0;;;0;0;2021-10-13 11:49:59 (America/Lima);0;0;;0;;;;;0;;0;;0;;;85;0;;0;;;;;2021-10-13 11:47:02 (America/Lima);unlock;closed;0;1634143799;0;0;0;0;2;;
816;2024052228000050;;Problemas de conexión de puerta de enlace PowerBI;;;;Soporte de Desktop;closed successful;3 normal;luis.durand;Sistemas VI;;0;;;0;0;;0;0;;0;;;;;0;;0;;0;;;1;0;;0;;;;;2021-10-13 13:12:36 (America/Lima);unlock;closed;0;1634148823;0;0;0;0;2;;
817;2024052228000060;;TACTIL PRUEBA;;;;Soporte de Desktop;closed successful;3 normal;nestle.lima;Nestle;;0;;;0;0;;0;0;;0;;;;;0;;0;;0;;;437;0;;0;;;;;2021-10-14 10:14:42 (America/Lima);unlock;closed;0;1634224495;0;0;0;0;2;;
818;2024052228000070;;ACCESO CORREO AUXILIAR RRHH PARA EL SISTEMA HOMOLOGACIÓN;;;;Soporte de Desktop;closed successful;3 normal;jorge.molina;RRHH VI;;0;;;0;0;2021-10-14 10:28:56 (America/Lima);0;0;;0;;;;;0;;0;;0;;;1;0;;0;;;;;2021-10-14 10:29:26 (America/Lima);unlock;closed;0;1634225401;0;0;0;0;2;;
819;2024052228000080;;problemas con el acceso a gesca;;;;Soporte de Desktop;open;3 normal;sandra.sanchez;Recepcion VI;;0;;;0;0;2021-10-14 10:35:33 (America/Lima);0;0;;0;;;;;0;;0;;0;;;0;0;;0;;;;;2021-10-14 10:32:55 (America/Lima);lock;open;0;1634225733;0;0;0;0;2;;
820;2024052228000090;;Desbloqueo de acceso Impact Trade;;;;Soporte de Desktop;new;3 normal;rodolfo.aguilar;P&G;Unclassified;5;;;0;0;;0;0;;0;;;;;0;;0;;0;;;0;0;;0;;;;;;unlock;new;0;0;0;0;0;0;2;;
821;2024052328000010;;CUSCO | Spoc marcó por error Salida , favor de eliminar esta marcación;;;;Soporte de Desktop;new;3 normal;jose.oballe;P&G;Unclassified;10;;;0;0;;0;0;;0;;;;;0;;0;;0;;;0;0;;0;;;;;;unlock;new;0;0;0;0;0;0;1;;
822;2024052328000020;;Creación de accesos - Personal Huaraz;;;;Soporte de Desktop;new;3 normal;eduardo.espinoza;P&G;Unclassified;8;;;0;0;;0;0;;0;;;;;0;;0;;0;;;0;0;;0;;;;;;unlock;new;0;0;0;0;0;0;1;;
823;2024052328000030;;RE: Clave del app;;;;Soporte de Desktop;new;3 normal;jamphier.paipay;Sistemas;Unclassified;10;;;0;0;;0;0;;0;;;;;0;;0;;0;;;0;0;;0;;;;;;unlock;new;0;0;0;0;0;0;1;;
824;2024052328000040;;Instalación de impresora;;;;Soporte de Desktop;closed successful;3 normal;allan.diaz;Ajeper;SOPORTE DE HARWARE;20;;;0;0;;0;0;;0;;;;;0;;0;;0;;;0;0;;0;;;;;2022-11-02 17:03:37;unlock;closed;0;1667408617;0;0;0;0;1;;
825;2024052328000050;;Correo corporativo - Max Quispe;;;;Soporte de Desktop;new;3 normal;angela.catter;Ajeper;Unclassified;0;;;0;0;;0;0;;0;;;;;0;;0;;0;;;0;0;;0;;;;;;unlock;new;0;0;0;0;0;0;1;;
826;2024052328000060;;Solicitud Credenciales Intranet;;;;Soporte de Desktop;closed successful;3 normal;teo.trujillo;P&G;Unclassified;20;;;0;0;2022-11-02 21:31:09;0;0;;0;;;;;0;;0;;0;;;206;0;;0;;;;;2022-11-02 21:22:19;unlock;closed;0;1667424669;0;0;0;0;2;;
827;2024052328000070;;ACCESO GTM ASTURIAS;;;;Soporte de Desktop;closed successful;3 normal;milser.lozano;Asturias y Aragón;SOPORTE DE CREDENCIALES;10;;;0;0;2022-11-03 14:58:59;0;0;;0;;;;;0;;0;;0;;;419;0;;0;;;;;2022-11-03 14:58:25;unlock;closed;0;1667487625;0;0;0;0;3;;
828;2024052428000010;;RE: Oportunidad Marcacion de Asistencia,;;;;Soporte de Celulares;closed successful;3 normal;teo.trujillo;P&G;Unclassified;10;;;0;0;;0;0;;0;;;;;0;;0;;0;;;7565;0;;0;;;;;2022-11-16 17:04:55;unlock;closed;0;1668618304;0;0;0;0;3;;
829;2024052428000020;;CAMBIO DE CLAVE GTM;;;;Soporte de Desktop;closed successful;3 normal;warrens.flores;Ajeper;SOPORTE DE APLICATIVOS;10;;;0;0;2022-11-03 14:06:21;0;0;;0;;;;;0;;0;;0;;;1626;0;;0;;;;;2022-11-03 14:05:24;unlock;closed;0;1667833616;0;0;0;0;4;;
830;2024052428000030;;CAMBIO DE ACCESOS;;;;Soporte de Desktop;closed successful;3 normal;gabriela.ore;P&G;SOPORTE DE CREDENCIALES;5;;;0;0;2022-11-03 15:04:22;0;0;;0;;;;;0;;0;;0;;;33;0;;0;;;;;2022-11-03 15:03:56;unlock;closed;0;1667487862;0;0;0;0;2;;
831;2024052428000040;;Carga PDF de precios sugeridos Nov'22;;;;Soporte Desarrollo;new;3 normal;yeral.lara@visualimpact.com.pe;P&G;Unclassified;0;;;0;0;;0;0;;0;;;;;0;;0;;0;;;0;0;;0;;;;;;unlock;new;0;0;0;0;0;0;1;;
832;2024052428000050;;REINSTALACIÓN APLICATIVO RETAILX GTM JUANA VALERIANO;;;;Soporte de Celulares;closed successful;3 normal;jose.delacruz;P&G;Unclassified;1;;;0;0;;0;0;;0;;;;;0;;0;;0;;;6784;0;;0;;;;;2022-11-16 17:04:01;unlock;closed;0;1668618246;0;0;0;0;2;;
833;2024052428000060;;REINSTALACIÓN APLICATIVO RETAILX GTM JUANA VALERIANO;;;;Soporte de Celulares;closed successful;3 normal;jose.delacruz;P&G;Unclassified;1;;;0;0;;0;0;;0;;;;;0;;0;;0;;;6783;0;;0;;;;;2022-11-03 22:57:16;unlock;closed;0;1668618231;0;0;0;0;3;;
834;2024052528000010;;RE: REINSTALACIÓN APLICATIVO RETAILX GTM JUANA VALERIANO;;;;Soporte de Celulares;closed successful;3 normal;nils.moron;P&G;Unclassified;10;;;0;0;;0;0;;0;;;;;0;;0;;0;;;6783;0;;0;;;;;2022-11-16 17:03:19;unlock;closed;0;1668618209;0;0;0;0;2;;
835;2024052528000020;;RE: REINSTALACIÓN APLICATIVO RETAILX GTM JUANA VALERIANO;;;;Soporte de Desktop;merged;3 normal;nils.moron;P&G;Unclassified;0;;;0;0;2022-11-07 15:02:04;0;0;;0;;;;;0;;0;;0;;;0;0;;0;;;;;2022-11-07 15:01:59;unlock;merged;0;1667833324;0;0;0;0;1;;
836;2024052528000030;;RE: problema ruta gtm;;;;Soporte de Celulares;closed successful;3 normal;ingrid.peralta;P&G;Unclassified;1;;;0;0;;0;0;;0;;;;;0;;0;;0;;;6782;0;;0;;;;;2022-11-04 15:37:22;unlock;closed;0;1668618173;0;0;0;0;2;;
837;2024052528000040;;FARFAN AUCALLA,CECILIA - REISNTALACION MDM;;;;Soporte de Celulares;closed successful;3 normal;procter.lima;P&G;SOPORTE MDM;50;;;0;0;;0;0;;0;;;;;0;;0;;0;;;0;0;;0;;;;;2022-11-04 16:17:11;unlock;closed;0;1667578639;0;0;0;0;2;;
838;2024052528000050;;RE: Desisntalacion / Instalcion Retail X;;;;Soporte de Celulares;closed successful;3 normal;jahaira.paredes;Sistemas;Unclassified;10;;;0;0;;0;0;;0;;;;;0;;0;;0;;;6004;0;;0;;;;;2022-11-16 16:49:27;unlock;closed;0;1668617373;0;0;0;0;2;;
839;2024052528000060;;instalacion SOTI SURF;;;;Soporte de Celulares;closed successful;3 normal;ana.begazo;P&G;Unclassified;20;;;0;0;;0;0;;0;;;;;0;;0;;0;;;5989;0;;0;;;;;2022-11-16 16:49:12;unlock;closed;0;1668617359;0;0;0;0;2;;
840;2024052528000070;;Asistencia SPOC Chincha;;;;Soporte de Desktop;new;3 normal;ingrid.peralta;P&G;Unclassified;0;;;0;0;;0;0;;0;;;;;0;;0;;0;;;0;0;;0;;;;;;unlock;new;0;0;0;0;0;0;1;;
841;2024052528000080;;REINSTALACION RETAIL X - GTM 109;;;;Soporte de Celulares;closed successful;3 normal;richard.castro;P&G;Unclassified;10;;;0;0;;0;0;;0;;;;;0;;0;;0;;;5580;0;;0;;;;;2022-11-16 16:48:11;unlock;closed;0;1668617298;0;0;0;0;3;;
842;2024052528000090;;"PAIVA CESPEDES,DANITZA MIROSLAVA	-- CAMBIO DE BATERIA";;;;Soporte de Celulares;closed successful;3 normal;procter.lima;P&G;SOPORTE DE EQUIPOS MOVILES;50;;;0;0;;0;0;;0;;;;;0;;0;;0;;;5438;0;;0;;;;;2022-11-16 15:15:45;unlock;closed;0;1668611755;0;0;0;0;2;;
843;2024052528000100;;PROBLEMAS CON EL OFFICE;;;;Soporte de Desktop;closed successful;3 normal;joel.villanueva;Nestle;SOPORTE DE APLICATIVOS;90;;;0;0;;0;0;;0;;;;;0;;0;;0;;;10;0;;0;;;;;2022-11-07 15:57:57;unlock;closed;0;1667836719;0;0;0;0;2;;
844;2024052528000110;;PERDIDA DE CONTRASEÑA EN SISTEMA INTRANET NESTLE;;;;Soporte de Desktop;closed successful;3 normal;francisco.guzman;Nestle;SOPORTE DE CREDENCIALES;10;;;0;0;;0;0;;0;;;;;0;;0;;0;;;1;0;;0;;;;;2022-11-07 16:01:55;unlock;closed;0;1667836923;0;0;0;0;2;;
845;2024052628000010;;URGENTE: Solicitud para instalar nueva versión de Retail X;;;;Soporte de Celulares;closed successful;3 normal;teo.trujillo;P&G;Unclassified;1;;;0;0;;0;0;;0;;;;;0;;0;;0;;;5477;0;;0;;;;;2022-11-16 16:47:33;unlock;closed;0;1668617267;0;0;0;0;2;;
846;2024052628000020;;CAMBIO DE CLAVE USUARIO GTM;;;;Soporte de Desktop;closed successful;3 normal;warrens.flores;Ajeper;Unclassified;10;;;0;0;2022-11-08 14:24:34;0;0;;0;;;;;0;;0;;0;;;4;0;;0;;;;;2022-11-08 14:23:50;unlock;closed;0;1667917474;0;0;0;0;2;;
847;2024052628000040;;Desbloqueo de acceso Impact Trade (Nov22);;;;Soporte de Desktop;closed successful;3 normal;rodolfo.aguilar;P&G;SOPORTE DE CREDENCIALES;10;;;0;0;2022-11-08 15:08:28;0;0;;0;;;;;0;;0;;0;;;4;0;;0;;;;;2022-11-08 15:04:15;unlock;closed;0;1667920138;0;0;0;0;3;;
848;2024052628000050;;GTM PENDIENTE DE ACTUALIZACION RETAIL X;;;;Soporte de Celulares;closed successful;3 normal;milton.cuadra@visualimpact.com.pe;P&G;Unclassified;10;;;0;0;;0;0;;0;;;;;0;;0;;0;;;4646;0;;0;;;;;2022-11-16 16:51:04;unlock;closed;0;1668617472;0;0;0;0;2;;
849;2024052628000060;;Oportunidad equipo Rosmery Rosas;;;;Soporte de Celulares;closed successful;3 normal;ingrid.peralta;P&G;Unclassified;1;;;0;0;;0;0;;0;;;;;0;;0;;0;;;4422;0;;0;;;;;2022-11-16 16:42:43;unlock;closed;0;1668616975;0;0;0;0;2;;
850;2024052628000070;;Desbloqueo de acceso Impact Trade (Nov22);;;;Soporte de Desktop;closed successful;3 normal;rodolfo.aguilar;P&G;SOPORTE DE CREDENCIALES;10;;;0;0;2022-11-09 21:12:59;0;0;;0;;;;;0;;0;;0;;;37;0;;0;;;;;2022-11-09 20:22:46;unlock;closed;0;1668028379;0;0;0;0;2;;
851;2024052628000080;;RE: Incidencia con el correo Visual;;;;Soporte de Desktop;open;3 normal;andrivette.tavara;Operaciones;SOPORTE MAIL;30;;;0;0;;0;0;;0;;;;;0;;0;;0;;;0;0;;0;;;;;2022-11-09 21:13:27;lock;open;0;1668446295;0;0;0;0;3;;
852;2024052628000090;;Carga PDF de precios sugeridos Nov'22;;;;Soporte de Desktop;new;3 normal;yeral.lara@visualimpact.com.pe;P&G;Unclassified;0;;;0;0;;0;0;;0;;;;;0;;0;;0;;;0;0;;0;;;;;;unlock;new;0;0;0;0;0;0;1;;
853;2024052728000010;;INCIDENCIA SIN COBERTURA APP GTM;;;;Soporte de Celulares;closed successful;3 normal;warrens.flores;Ajeper;Unclassified;70;;;0;0;;0;0;;0;;;;;0;;0;;0;;;3285;0;;0;;;;;2022-11-16 16:42:15;unlock;closed;0;1668616953;0;0;0;0;3;;
854;2024052728000020;;CAMBIO DE CONTRASEÑA USUARIO EXTERNO;;;;Soporte de Desktop;closed successful;3 normal;warrens.flores;Ajeper;Unclassified;5;;;0;0;2022-11-10 19:20:19;0;0;;0;;;;;0;;0;;0;;;61;0;;0;;;;;2022-11-10 19:19:57;unlock;closed;0;1668108019;0;0;0;0;2;;
855;2024052928000010;;problemas cone acceso a sistema rrhh;;;;Soporte de Desktop;closed successful;3 normal;claudia.chavez;RRHH;SOPORTE DE CREDENCIALES;20;;;0;0;;0;0;;0;;;;;0;;0;;0;;;0;0;;0;;;;;2022-11-10 19:38:01;unlock;closed;0;1668109092;0;0;0;0;2;;
856;2024052928000020;;Re: Oportunidad Aplicativo Móvil Canjista Plaza Fiori;;;;Soporte de Celulares;closed successful;3 normal;jamphier.paipay;Sistemas;Unclassified;10;;;0;0;;0;0;;0;;;;;0;;0;;0;;;2903;0;;0;;;;;2022-11-16 16:41:41;unlock;closed;0;1668616907;0;0;0;0;3;;
857;2024052928000030;;Re: Observación usuario mercadería Lima periferia;;;;Soporte de Desktop;closed successful;3 normal;luis.salazar;Nestle;SOPORTE DE CREDENCIALES;0;;;0;0;;0;0;;0;;;;;0;;0;;0;;;5102;0;;0;;;;;2022-11-21 15:02:11;unlock;closed;0;1669042936;0;0;0;0;2;;
858;2024052928000040;;RE: Oportunidad equipo Rosmery Rosas;;;;Soporte de Celulares;closed successful;3 normal;ingrid.peralta;P&G;Unclassified;1;;;0;0;;0;0;;0;;;;;0;;0;;0;;;2861;0;;0;;;;;2022-11-16 16:41:13;unlock;closed;0;1668616888;0;0;0;0;2;;
859;2024052928000050;;DESBLOQUEO USUARIO PARA VER BOLETAS;;;;Soporte de Desktop;closed successful;3 normal;jose.delacruz;P&G;SOPORTE DE CREDENCIALES;10;;;0;0;2022-11-11 17:25:22;0;0;;0;;;;;0;;0;;0;;;569;0;;0;;;;;2022-11-11 17:18:06;unlock;closed;0;1668187770;0;0;0;0;4;;
860;2024052928000060;;RE: REINSTALACION DE APK RETAIL X;;;;Soporte de Celulares;closed successful;3 normal;jahaira.paredes;Sistemas;Unclassified;10;;;0;0;;0;0;;0;;;;;0;;0;;0;;;2860;0;;0;;;;;2022-11-16 16:40:41;unlock;closed;0;1668616848;0;0;0;0;3;;
861;2024053028000010;;RE: instalación photostamp;;;;Soporte de Celulares;closed successful;3 normal;jahaira.paredes;Sistemas;Unclassified;10;;;0;0;;0;0;;0;;;;;0;;0;;0;;;2860;0;;0;;;;;2022-11-16 16:40:16;unlock;closed;0;1668616824;0;0;0;0;2;;
862;2024053028000020;;correo de capacitaciones Judith M.;;;;Soporte de Desktop;closed successful;3 normal;judith.mato;Sistemas;SOPORTE MAIL;10;;;0;0;2022-11-11 17:16:53;0;0;;0;;;;;0;;0;;0;;;151;0;;0;;;;;2022-11-11 17:16:29;unlock;closed;0;1668187013;0;0;0;0;2;;
863;2024053028000030;;SOPORTE CONFIGURACION EQUIPO CORPORATIVO GTM;;;;Soporte de Celulares;closed successful;3 normal;warrens.flores;Ajeper;Unclassified;50;;;0;0;;0;0;;0;;;;;0;;0;;0;;;2445;0;;0;;;;;2022-11-16 16:39:57;unlock;closed;0;1668616806;0;0;0;0;3;;
864;2024053028000050;;"TINCO POLLO,HYONI EDGAR	--  REINSTALACION DE MDM";;;;Soporte de Celulares;closed successful;3 normal;nestle.lima;Nestle;SOPORTE DE EQUIPOS MOVILES;50;;;0;0;;0;0;;0;;;;;0;;0;;0;;;2316;0;;0;;;;;2022-11-16 16:25:49;unlock;closed;0;1668615957;0;0;0;0;2;;
865;2024053028000060;;RE: Inconveniente para poder ingresar a la wed;;;;Soporte de Desktop;closed successful;3 normal;gabriela.gonzales;Nestle;Unclassified;10;;;0;0;;0;0;;0;;;;;0;;0;;0;;;590;0;;0;;;;;2022-11-14 16:41:33;unlock;closed;0;1668444101;0;0;0;0;2;;
866;2024053028000070;;Accesos app/web Impact Trade usuarios AUDITORES;;;;Soporte de Desktop;open;3 normal;rafael.loyola;P&G;Unclassified;10;;;0;0;2022-11-14 20:08:04;0;0;;0;;;;;0;;0;;0;;;728;0;;0;;;;;2022-11-12 01:42:21;lock;open;0;1668531259;0;0;0;0;7;;
867;2024053028000080;;Creación de Accesos Impact Trade;;;;Soporte de Desktop;closed successful;3 normal;rafael.loyola;P&G;Unclassified;10;;;0;0;2022-11-14 14:49:24;0;0;;0;;;;;0;;0;;0;;;409;0;;0;;;;;2022-11-14 14:48:43;unlock;closed;0;1668437364;0;0;0;0;2;;
868;2024053028000090;;Soporte Gestor web Basemadre;;;;Soporte Desarrollo;new;3 normal;rafael.loyola;P&G;Unclassified;0;;;0;0;;0;0;;0;;;;;0;;0;;0;;;0;0;;0;;;;;;unlock;new;0;0;0;0;0;0;1;;
869;2024053028000100;;Creación de Accesos Impact Trade;;;;Soporte de Desktop;closed successful;3 normal;rafael.loyola;P&G;SOPORTE DE CREDENCIALES;15;;;0;0;2022-11-14 16:26:00;0;0;;0;;;;;0;;0;;0;;;73;0;;0;;;;;2022-11-14 16:25:35;unlock;closed;0;1668443160;0;0;0;0;2;;
870;2024053028000120;;Creación de Accesos Impact Trade;;;;Soporte de Desktop;closed successful;3 normal;rafael.loyola;P&G;SOPORTE DE CREDENCIALES;2;;;0;0;2022-11-14 16:41:09;0;0;;0;;;;;0;;0;;0;;;85;0;;0;;;;;2022-11-14 16:36:59;unlock;closed;0;1668444069;0;0;0;0;2;;
871;2024053028000130;;RE: Responder: TECLADO EN MAL ESTADO;;;;Soporte de Desktop;closed successful;3 normal;carlos.flores;Ajeper;SOPORTE DE HARWARE;170;;;0;0;2022-11-21 15:01:03;0;0;;0;;;;;0;;0;;0;;;3817;0;;0;;;;;2022-11-21 14:53:54;unlock;closed;0;1669045434;0;0;0;0;5;;
872;2024053128000010;;Instalación de PhotoStamp Camera;;;;Soporte de Celulares;closed successful;3 normal;eduardo.landeo;P&G;Unclassified;1;;;0;0;;0;0;;0;;;;;0;;0;;0;;;1449;0;;0;;;;;2022-11-16 16:39:24;unlock;closed;0;1668616771;0;0;0;0;2;;
873;2024053128000020;;Instalación de PhotoStamp Camera;;;;Soporte de Celulares;closed successful;3 normal;eduardo.landeo;P&G;Unclassified;20;;;0;0;;0;0;;0;;;;;0;;0;;0;;;3784;0;;0;;;;;2022-11-21 16:34:26;unlock;closed;0;1669048477;0;0;0;0;2;;
874;2024053128000030;;RE: Instalación de PhotoStamp Camera;;;;Soporte de Celulares;closed successful;3 normal;jahaira.paredes;Sistemas;Unclassified;20;;;0;0;;0;0;;0;;;;;0;;0;;0;;;1311;0;;0;;;;;2022-11-16 16:38:58;unlock;closed;0;1668616748;0;0;0;0;2;;
875;2024053128000040;;RE: REESTABLECER CONTRASEÑA / BOLETAS;;;;Soporte de Celulares;closed successful;3 normal;jahaira.paredes;Sistemas;Unclassified;30;;;0;0;;0;0;;0;;;;;0;;0;;0;;;1298;0;;0;;;;;2022-11-16 16:38:40;unlock;closed;0;1668616728;0;0;0;0;2;;
876;2024053128000050;;INCIDENCIA APP GTM CANAL TC;;;;Soporte de Celulares;closed successful;3 normal;warrens.flores;Ajeper;Unclassified;30;;;0;0;;0;0;;0;;;;;0;;0;;0;;;3185;0;;0;;;;;2022-11-16 16:38:13;unlock;closed;0;1669048735;0;0;0;0;5;;
877;2024053128000060;;REINSTALACIÓN DE RETAILX;;;;Soporte de Celulares;closed successful;3 normal;jonathan.rojas;P&G;Unclassified;10;;;0;0;;0;0;;0;;;;;0;;0;;0;;;795;0;;0;;;;;2022-11-16 16:33:43;unlock;closed;0;1668616429;0;0;0;0;3;;
878;2024053128000070;;Re: PROBLEMAS DEL SISTEMA / HABILITACIÓN DE SISTEMA;;;;Soporte de Celulares;closed successful;3 normal;jamphier.paipay;Sistemas;Unclassified;;;;0;0;;0;0;;0;;;;;0;;0;;0;;;782;0;;0;;;;;2022-11-16 16:33:02;unlock;closed;0;1668616387;0;0;0;0;2;;
879;2024053128000080;;Solicitud Reinstalación Retail X;;;;Soporte de Celulares;closed successful;3 normal;teo.trujillo;P&G;Unclassified;20;;;0;0;;0;0;;0;;;;;0;;0;;0;;;717;0;;0;;;;;2022-11-16 16:33:20;unlock;closed;0;1668616407;0;0;0;0;3;;
880;2024060128000010;;OPORTUNIDAD RETAILX;;;;Soporte de Celulares;closed successful;3 normal;cesar.angulo;P&G;Unclassified;10;;;0;0;;0;0;;0;;;;;0;;0;;0;;;692;0;;0;;;;;2022-11-16 16:32:24;unlock;closed;0;1668616352;0;0;0;0;4;;
881;2024060128000020;;Reinstalacion Retail X;;;;Soporte de Celulares;closed successful;3 normal;jaime.parco@visualimpact.com.pe;P&G;Unclassified;10;;;0;0;;0;0;;0;;;;;0;;0;;0;;;559;0;;0;;;;;2022-11-16 16:31:49;unlock;closed;0;1668616317;0;0;0;0;3;;
882;2024060128000030;;perdida de contraseña de intranet;;;;Soporte de Desktop;closed successful;3 normal;walter.becerra;P&G;SOPORTE DE CREDENCIALES;10;;;0;0;;0;0;;0;;;;;0;;0;;0;;;0;0;;0;;;;;2022-11-15 20:48:20;unlock;closed;0;1668545309;0;0;0;0;2;;
883;2024060128000040;;problemas con contraseña de intranet RRHH;;;;Soporte de Desktop;closed successful;3 normal;claudia.chavez;RRHH;SOPORTE DE CREDENCIALES;15;;;0;0;;0;0;;0;;;;;0;;0;;0;;;0;0;;0;;;;;2022-11-15 20:49:10;unlock;closed;0;1668545358;0;0;0;0;2;;
884;2024060128000050;;problemas con acceso a la carpeta compartida;;;;Soporte de Desktop;closed successful;3 normal;eddy.paucar;Logistica;SOPORTE S.O.;20;;;0;0;;0;0;;0;;;;;0;;0;;0;;;0;0;;0;;;;;2022-11-15 20:51:36;unlock;closed;0;1668545504;0;0;0;0;2;;
885;2024060128000060;;Re: Grupos de correo HFS;;;;Soporte de Desktop;closed successful;3 normal;ingrid.peralta;P&G;SOPORTE MAIL;30;;;0;0;;0;0;;0;;;;;0;;0;;0;;;427;0;;0;;;;;2022-11-16 15:04:43;unlock;closed;0;1668611112;0;0;0;0;3;;
886;2024060128000070;;REINSTALAR APLICATIVO RETAILX;;;;Soporte de Celulares;closed successful;3 normal;jhosept.escobar@visualimpact.com.pe;P&G;Unclassified;10;;;0;0;;0;0;;0;;;;;0;;0;;0;;;780;0;;0;;;;;2022-11-16 22:19:26;unlock;closed;0;1668637172;0;0;0;0;3;;
887;2024060128000080;;RE: Oportunidad equipo Rosmery Rosas;;;;Soporte de Celulares;closed successful;3 normal;ingrid.peralta;P&G;Unclassified;100;;;0;0;2022-11-16 14:14:51;0;0;;0;;;;;0;;0;;0;;;780;0;;0;;;;;2022-11-16 14:12:49;unlock;closed;0;1668637937;0;0;0;0;5;;
888;2024060128000090;;RE: Habilitar usuario Vega Norte;;;;Soporte de Desktop;closed successful;3 normal;marlon.espejo;P&G;SOPORTE DE CREDENCIALES;10;;;0;0;2022-11-16 15:03:30;0;0;;0;;;;;0;;0;;0;;;129;0;;0;;;;;2022-11-16 15:02:35;unlock;closed;0;1668611010;0;0;0;0;2;;
889;2024060128000100;;Caracteristicas Dispositivos Moviles SPOCs;;;;Soporte de Celulares;closed successful;3 normal;teo.trujillo;P&G;Unclassified;1;;;0;0;;0;0;;0;;;;;0;;0;;0;;;104;0;;0;;;;;2022-11-16 16:31:06;unlock;closed;0;1668616277;0;0;0;0;3;;
890;2024060228000010;;RE: INCIDENCIA APP GTM CANAL TC;;;;Soporte de Celulares;closed successful;3 normal;warrens.flores;Ajeper;Unclassified;31;;;0;0;;0;0;;0;;;;;0;;0;;0;;;353;0;;0;;;;;2022-11-16 16:30:43;unlock;closed;0;1668637145;0;0;0;0;5;;
891;2024060228000020;;Solicitud Reinstalar Retail X;;;;Soporte de Celulares;closed successful;3 normal;gustavo.acero@visualimpact.com.pe;P&G;Unclassified;10;;;0;0;;0;0;;0;;;;;0;;0;;0;;;62;0;;0;;;;;2022-11-16 16:26:11;unlock;closed;0;1668615978;0;0;0;0;3;;
892;2024060228000030;;configuración de firma;;;;Soporte de Desktop;closed successful;3 normal;carlos.cueto;Polar;SOPORTE MAIL;15;;;0;0;;0;0;;0;;;;;0;;0;;0;;;0;0;;0;;;;;2022-11-16 15:39:08;unlock;closed;0;1668613157;0;0;0;0;2;;
893;2024060228000040;;PROBLEMAS CON EL OFFICE;;;;Soporte de Desktop;closed successful;3 normal;diana.zuñiga;Elite;SOPORTE DE APLICATIVOS;40;;;0;0;;0;0;;0;;;;;0;;0;;0;;;0;0;;0;;;;;2022-11-16 15:39:57;unlock;closed;0;1668613207;0;0;0;0;2;;
894;2024060228000050;;Problemas con Retailx;;;;Soporte de Celulares;new;3 normal;miguel.flores@visualimpact.com.pe;P&G;Unclassified;10;;;0;0;;0;0;;0;;;;;0;;0;;0;;;0;0;;0;;;;;;unlock;new;0;0;0;0;0;0;1;;
895;2024060228000060;;SOPORTE CAMARA STAMP;;;;Soporte de Celulares;closed successful;3 normal;procter.lima;P&G;SOPORTE DE APLICATIVOS;10;;;0;0;;0;0;;0;;;;;0;;0;;0;;;0;0;;0;;;;;2022-11-16 22:19:44;unlock;closed;0;1668637190;0;0;0;0;2;;
896;2024060228000070;;USUARIO Y CONTRASEÑA GTM;;;;Soporte de Desktop;closed successful;3 normal;warrens.flores;Ajeper;Unclassified;10;;;0;0;;0;0;;0;;;;;0;;0;;0;;;185;0;;0;;;;;2022-11-17 21:57:16;unlock;closed;0;1668722248;0;0;0;0;3;;
897;2024060228000080;;Módulo de Visibilidad no aparece en las apps;;;;Soporte Desarrollo;new;3 normal;rafael.loyola;P&G;Unclassified;0;;;0;0;;0;0;;0;;;;;0;;0;;0;;;0;0;;0;;;;;2022-11-18 16:23:09;unlock;new;0;1668788589;0;0;0;0;1;;
898;2024060228000090;;Reinstalación de Aplicativo;;;;Soporte de Celulares;closed successful;3 normal;ronald.cutipa;P&G;Unclassified;10;;;0;0;;0;0;;0;;;;;0;;0;;0;;;1363;0;;0;;;;;2022-11-21 16:34:49;unlock;closed;0;1669048495;0;0;0;0;3;;
899;2024060228000100;;Piloto Sur - Usuarios Moran.;;;;Soporte de Desktop;new;3 normal;walter.becerra;P&G;Unclassified;0;;;0;0;;0;0;;0;;;;;0;;0;;0;;;0;0;;0;;;;;;unlock;new;0;0;0;0;0;0;6;;
900;2024060228000110;;Sala Zoom;;;;Soporte de Desktop;closed successful;3 normal;walter.becerra;P&G;Unclassified;0;;;0;0;;0;0;;0;;;;;0;;0;;0;;;35;0;;0;;;;;2022-11-18 16:20:37;unlock;closed;0;1668788444;0;0;0;0;3;;
901;2024060228000120;;REINSTALACIÓN RETAILX GTM MIRIAN ESCALANTE;;;;Soporte de Celulares;new;3 normal;jose.delacruz;P&G;Unclassified;10;;;0;0;;0;0;;0;;;;;0;;0;;0;;;0;0;;0;;;;;;unlock;new;0;0;0;0;0;0;1;;
902;2024060528000010;;INSTALACIÓN APLICATIVOS MOVIL;;;;Soporte de Celulares;closed successful;3 normal;cesar.angulo;P&G;Unclassified;15;;;0;0;;0;0;;0;;;;;0;;0;;0;;;663;0;;0;;;;;2022-11-21 16:36:07;unlock;closed;0;1669048578;0;0;0;0;3;;
903;2024060528000020;;SOLICITUD REINSTALAR RETAILX;;;;Soporte de Celulares;closed successful;3 normal;piero.nunez@visualimpact.com.pe;P&G;Unclassified;10;;;0;0;;0;0;;0;;;;;0;;0;;0;;;650;0;;0;;;;;2022-11-21 16:35:41;unlock;closed;0;1669048546;0;0;0;0;3;;
904;2024060528000030;;PERDIDA DE CONTRASEÑA EN SISTEMA INTRANET NESTLE;;;;Soporte de Desktop;closed successful;3 normal;luis.salazar;Nestle;SOPORTE DE CREDENCIALES;0;;;0;0;;0;0;;0;;;;;0;;0;;0;;;0;0;;0;;;;;2022-11-18 20:07:21;unlock;closed;0;1668802047;0;0;0;0;2;;
905;2024060528000040;;problemas con el celular (aplicativo);;;;Soporte de Celulares;closed successful;3 normal;carla.olortegui;Nestle;SOPORTE DE APLICATIVOS;90;;;0;0;;0;0;;0;;;;;0;;0;;0;;;0;0;;0;;;;;2022-11-18 20:21:17;unlock;closed;0;1668802894;0;0;0;0;2;;
906;2024060528000050;;Oportunidad con Retail x GTM 118 Piura;;;;Soporte de Celulares;new;3 normal;fiorela.gil;P&G;Unclassified;10;;;0;0;;0;0;;0;;;;;0;;0;;0;;;0;0;;0;;;;;;unlock;new;0;0;0;0;0;0;1;;
907;2024060528000060;;Problemas con Retailx;;;;Soporte de Celulares;closed successful;3 normal;miguel.flores@visualimpact.com.pe;P&G;Unclassified;10;;;0;0;;0;0;;0;;;;;0;;0;;0;;;515;0;;0;;;;;2022-11-21 16:35:10;unlock;closed;0;1669048517;0;0;0;0;4;;
908;2024060628000010;;SOLICITUD DE REINSTALACIÓN APP RETAILX.;;;;Soporte de Celulares;new;3 normal;wendy.salazar;P&G;Unclassified;10;;;0;0;;0;0;;0;;;;;0;;0;;0;;;0;0;;0;;;;;;unlock;new;0;0;0;0;0;0;1;;
909;2024060628000020;;soporte  correo gmail  visual impact;;;;Soporte de Desktop;closed successful;3 normal;judith.mato;Sistemas;SOPORTE MAIL;10;;;0;0;2022-11-21 15:54:13;0;0;;0;;;;;0;;0;;0;;;8;0;;0;;;;;2022-11-21 15:53:35;unlock;closed;0;1669046053;0;0;0;0;2;;
910;2024060628000030;;Solicitud Reinstalación Retail X;;;;Soporte de Celulares;new;3 normal;teo.trujillo;P&G;Unclassified;10;;;0;0;;0;0;;0;;;;;0;;0;;0;;;0;0;;0;;;;;;unlock;new;0;0;0;0;0;0;2;;
911;2024060628000040;;Solicitud Reinstalación Retail X;;;;Soporte de Celulares;new;3 normal;teo.trujillo;P&G;Unclassified;10;;;0;0;;0;0;;0;;;;;0;;0;;0;;;0;0;;0;;;;;;unlock;new;0;0;0;0;0;0;2;;
912;2024060628000050;;ACCESO A INTRANET;;;;Soporte de Desktop;closed successful;3 normal;luis.injante;P&G;Unclassified;5;;;0;0;2022-11-22 14:41:18;0;0;;0;;;;;0;;0;;0;;;401;0;;0;;;;;2022-11-22 14:36:54;unlock;closed;0;1669128078;0;0;0;0;2;;
913;2024060728000010;;DESBLOQUEO DE USUARIO (Norte 2);;;;Soporte de Desktop;closed successful;3 normal;eduardo.espinoza;P&G;SOPORTE DE CREDENCIALES;10;;;0;0;2022-11-22 15:14:08;0;0;;0;;;;;0;;0;;0;;;4;0;;0;;;;;2022-11-22 15:13:56;unlock;closed;0;1669130048;0;0;0;0;2;;
914;2024060728000020;;desbloqueo de usuario;;;;Soporte de Desktop;closed successful;3 normal;eduardo.landeo;P&G;SOPORTE DE CREDENCIALES;10;;;0;0;2022-11-22 16:01:56;0;0;;0;;;;;0;;0;;0;;;329;0;;0;;;;;2022-11-22 16:01:17;unlock;closed;0;1669152225;0;0;0;0;4;;
915;2024060728000030;;instalacion de pdf;;;;Soporte de Desktop;closed successful;3 normal;luis.gil;RRHH;SOPORTE DE APLICATIVOS;30;;;0;0;;0;0;;0;;;;;0;;0;;0;;;0;0;;0;;;;;2022-11-22 16:17:14;unlock;closed;0;1669133846;0;0;0;0;2;;
916;2024060728000040;;Actualización de Geos Basemadre;;;;Soporte Desarrollo;new;3 normal;rafael.loyola;P&G;Unclassified;0;;;0;0;;0;0;;0;;;;;0;;0;;0;;;0;0;;0;;;;;;unlock;new;0;0;0;0;0;0;1;;
917;2024060728000050;;PROBLEMAS AL PROCESAR DATOS EN EXCEL - LAPTOP GERSON RAMOS;;;;Soporte de Desktop;closed successful;3 normal;jose.castillo;Logistica;SOPORTE DE SOFTWARE LAPTOP;40;;;0;0;2022-11-28 20:41:09;0;0;;0;;;;;0;;0;;0;;;3298;0;;0;;;;;2022-11-28 20:40:23;unlock;closed;0;1669668069;0;0;0;0;3;;
918;2024060728000060;;Instalación APK PhotoStamp Camera gtm Arequipa;;;;Soporte de Celulares;new;3 normal;ronald.salluca;P&G;Unclassified;10;;;0;0;;0;0;;0;;;;;0;;0;;0;;;0;0;;0;;;;;;unlock;new;0;0;0;0;0;0;2;;
919;2024060728000070;;problemas con el acceso a sistema operativo, impresora y parlantes;;;;Soporte de Desktop;closed successful;3 normal;yuri.zeballos;P&G;SOPORTE S.O.;40;;;0;0;;0;0;;0;;;;;0;;0;;0;;;0;0;;0;;;;;2022-11-22 21:25:12;unlock;closed;0;1669152323;0;0;0;0;2;;
920;2024060828000010;;Solicitud Credenciales Intranet;;;;Soporte de Desktop;closed successful;3 normal;teo.trujillo;P&G;SOPORTE DE CREDENCIALES;15;;;0;0;;0;0;;0;;;;;0;;0;;0;;;4292;0;;0;;;;;2022-11-30 14:32:33;unlock;closed;0;1669818776;0;0;0;0;3;;
921;2024060828000020;;REINSTALACIÓN RETAILX;;;;Soporte de Celulares;new;3 normal;juana.anicama@visualimpact.com.pe;P&G;Unclassified;10;;;0;0;;0;0;;0;;;;;0;;0;;0;;;0;0;;0;;;;;;unlock;new;0;0;0;0;0;0;1;;
922;2024060828000030;;Reinstalación RetailX;;;;Soporte de Celulares;new;3 normal;jose.huaman@visualimpact.com.pe;P&G;Unclassified;10;;;0;0;;0;0;;0;;;;;0;;0;;0;;;0;0;;0;;;;;;unlock;new;0;0;0;0;0;0;1;;
923;2024060828000040;;Instalación de driver de impresora;;;;Soporte de Desktop;closed successful;3 normal;johana.suyon;P&G;SOPORTE DE SOFTWARE LAPTOP;20;;;0;0;;0;0;;0;;;;;0;;0;;0;;;0;0;;0;;;;;2022-11-23 20:13:33;unlock;closed;0;1669234425;0;0;0;0;2;;
924;2024060828000050;;REINSTALACIÓN APLICATIVO RETAILX;;;;Soporte de Celulares;new;3 normal;jose.delacruz;P&G;Unclassified;10;;;0;0;;0;0;;0;;;;;0;;0;;0;;;0;0;;0;;;;;;unlock;new;0;0;0;0;0;0;1;;
925;2024060828000060;;REINSTALACIÓN APLICATIVO RETAILX;;;;Soporte de Celulares;new;3 normal;jose.delacruz;P&G;Unclassified;10;;;0;0;;0;0;;0;;;;;0;;0;;0;;;0;0;;0;;;;;;unlock;new;0;0;0;0;0;0;1;;
926;2024060828000070;;Reinstalación del APK Retail x;;;;Soporte de Celulares;new;3 normal;juan.bolo@visualimpact.com.pe;P&G;Unclassified;10;;;0;0;;0;0;;0;;;;;0;;0;;0;;;0;0;;0;;;;;;unlock;new;0;0;0;0;0;0;1;;
927;2024060828000080;;Solicitud Reinstalar Retail X;;;;Soporte de Celulares;closed successful;3 normal;gustavo.acero@visualimpact.com.pe;P&G;SOPORTE DE APLICATIVOS;15;;;0;0;2022-11-25 20:18:13;0;0;;0;;;;;0;;0;;0;;;1089;0;;0;;;;;2022-11-25 20:17:28;unlock;closed;0;1669407907;0;0;0;0;5;;
928;2024060828000090;;RE: VISUAL IMPACT SAC - REQUERIMIENTO FINALIZADO;;;;Soporte de Desktop;closed successful;3 normal;marlon.espejo;P&G;SOPORTE DE CREDENCIALES;0;;;0;0;;0;0;;0;;;;;0;;0;;0;;;1556;0;;0;;;;;2022-11-28 15:24:05;lock;closed;0;1669818912;0;0;0;0;2;;
929;2024060828000100;;Ejecución de Querys para Evaluaciones Online HFS;;;;Soporte Desarrollo;new;3 normal;rafael.loyola;P&G;Unclassified;0;;;0;0;;0;0;;0;;;;;0;;0;;0;;;0;0;;0;;;;;;unlock;new;0;0;0;0;0;0;2;;
930;2024060928000010;;Responder: Responder: OPORTUNIDAD CON RETAILX / SPOC.;;;;Soporte de Celulares;closed successful;3 normal;wendy.salazar;P&G;SOPORTE DE APLICATIVOS;15;;;0;0;;0;0;;0;;;;;0;;0;;0;;;915;0;;0;;;;;2022-11-25 20:37:03;unlock;closed;0;1669408632;0;0;0;0;5;;
931;2024060928000020;;Re: INCONVENIENTE DRIVER LAPTOP;;;;Soporte de Desktop;closed successful;3 normal;roberto.saenz;Nestle;SOPORTE S.O.;30;;;0;0;;0;0;;0;;;;;0;;0;;0;;;1319;0;;0;;;;;2022-11-28 15:17:51;unlock;closed;0;1669648694;0;0;0;0;2;;
932;2024060928000030;;perdida de correos gmail;;;;Soporte de Desktop;closed successful;3 normal;cristihan.rivera;P&G;SOPORTE MAIL;80;;;0;0;;0;0;;0;;;;;0;;0;;0;;;0;0;;0;;;;;2022-11-24 20:54:04;unlock;closed;0;1669323272;0;0;0;0;2;;
933;2024060928000040;;RESETEO DEL PERFIL AUTHENTICATOR DEL GTM;;;;Soporte de Celulares;new;3 normal;patricia.velasquez@visualimpact.com.pe;P&G;Unclassified;10;;;0;0;;0;0;;0;;;;;0;;0;;0;;;0;0;;0;;;;;;unlock;new;0;0;0;0;0;0;1;;
934;2024060928000050;;RE: APP - Desarrolladores (Julio - Agosto - Sur);;;;Soporte de Desktop;closed successful;3 normal;walter.becerra;P&G;SOPORTE DE CREDENCIALES;50;;;0;0;;0;0;;0;;;;;0;;0;;0;;;1221;0;;0;;;;;2022-11-28 15:20:45;unlock;closed;0;1669648876;0;0;0;0;3;;
935;2024061028000010;;RE: INCIDENCIA APP GTM;;;;Soporte de Celulares;new;3 normal;warrens.flores;Ajeper;Unclassified;20;;;0;0;;0;0;;0;;;;;0;;0;;0;;;0;0;;0;;;;;;unlock;new;0;0;0;0;0;0;4;;
936;2024061028000020;;Creación de Accesos a la web News VI;;;;Soporte Desarrollo;new;3 normal;rafael.loyola;P&G;Unclassified;0;;;0;0;;0;0;;0;;;;;0;;0;;0;;;0;0;;0;;;;;2022-11-25 20:59:33;unlock;new;0;1669409973;0;0;0;0;2;;
937;2024061128000010;;URGENTE: Reinstalaciones constantes con Retail X;;;;Soporte de Celulares;new;3 normal;teo.trujillo;P&G;Unclassified;10;;;0;0;;0;0;;0;;;;;0;;0;;0;;;0;0;;0;;;;;;unlock;new;0;0;0;0;0;0;1;;
938;2024061128000020;;Responder: REINSTALACIÓN APLICATIVO RETAILX;;;;Soporte de Celulares;merged;3 normal;jose.delacruz;P&G;Unclassified;10;;;0;0;2022-11-25 20:01:29;0;0;;0;;;;;0;;0;;0;;;0;0;;0;;;;;2022-11-25 20:01:24;unlock;merged;0;1669406489;0;0;0;0;1;;
939;2024061228000010;;Responder: REINSTALACIÓN APLICATIVO RETAILX;;;;Soporte de Celulares;closed successful;3 normal;jose.delacruz;P&G;SOPORTE DE APLICATIVOS;15;;;0;0;2022-11-25 20:05:27;0;0;;0;;;;;0;;0;;0;;;168;0;;0;;;;;2022-11-25 20:04:49;unlock;closed;0;1669407530;0;0;0;0;5;;
940;2024061228000020;;REINSTALACIÓN DE RETAILX;;;;Soporte de Celulares;closed successful;3 normal;janes.guarniz@visualimpact.com.pe;P&G;SOPORTE DE APLICATIVOS;15;;;0;0;2022-11-25 20:00:13;0;0;;0;;;;;0;;0;;0;;;72;0;;0;;;;;2022-11-25 19:59:40;unlock;closed;0;1669406413;0;0;0;0;2;;
941;2024061228000030;;Celular malogrado - gtm MAYRA TAVERA;;;;Soporte de Celulares;new;3 normal;ana.begazo;P&G;Unclassified;10;;;0;0;;0;0;;0;;;;;0;;0;;0;;;0;0;;0;;;;;;unlock;new;0;0;0;0;0;0;2;;
942;2024061228000040;;Instalación VIPGSPOC;;;;Soporte de Celulares;new;3 normal;ana.begazo;P&G;Unclassified;10;;;0;0;;0;0;;0;;;;;0;;0;;0;;;0;0;;0;;;;;;unlock;new;0;0;0;0;0;0;4;;
943;2024061228000050;;Creación de Accesos Impact Trade;;;;Soporte de Desktop;open;3 normal;rafael.loyola;P&G;Unclassified;7;;;0;0;2022-11-28 14:27:57;0;0;;0;;;;;0;;0;;0;;;388;0;;0;;;;;2022-11-28 14:27:30;lock;open;0;1669648334;0;0;0;0;4;;
944;2024061228000060;;REINSTALACIÓN RETAILX;;;;Soporte de Celulares;new;3 normal;jose.delacruz;P&G;Unclassified;10;;;0;0;;0;0;;0;;;;;0;;0;;0;;;0;0;;0;;;;;;unlock;new;0;0;0;0;0;0;1;;
945;2024061228000070;;REINSTALACIÓN RETAILX;;;;Soporte de Celulares;new;3 normal;jose.delacruz;P&G;Unclassified;10;;;0;0;;0;0;;0;;;;;0;;0;;0;;;0;0;;0;;;;;;unlock;new;0;0;0;0;0;0;1;;
946;2024061228000080;;RECETEO DE RETAILX;;;;Soporte de Celulares;new;3 normal;janes.guarniz@visualimpact.com.pe;P&G;Unclassified;10;;;0;0;;0;0;;0;;;;;0;;0;;0;;;0;0;;0;;;;;;unlock;new;0;0;0;0;0;0;2;;
947;2024061228000090;;CAMBIO DE CLAVE USUARIO GTM;;;;Soporte de Desktop;closed successful;3 normal;warrens.flores;Ajeper;SOPORTE DE CREDENCIALES;10;;;0;0;2022-11-28 15:19:48;0;0;;0;;;;;0;;0;;0;;;196;0;;0;;;;;2022-11-28 15:19:29;unlock;closed;0;1669648788;0;0;0;0;2;;
948;2024061328000010;;Pendiente de instalación App VIPG SPOC y RETAILX GTM Piura;;;;Soporte de Celulares;new;3 normal;fiorela.gil;P&G;Unclassified;10;;;0;0;;0;0;;0;;;;;0;;0;;0;;;0;0;;0;;;;;;unlock;new;0;0;0;0;0;0;5;;
949;2024061328000020;;Re: REINSTALACIÓN RETAILX;;;;Soporte de Celulares;new;3 normal;jose.delacruz;P&G;Unclassified;10;;;0;0;;0;0;;0;;;;;0;;0;;0;;;0;0;;0;;;;;;unlock;new;0;0;0;0;0;0;1;;
950;2024061328000030;;RE: REINSTALACIÓN RETAILX;;;;Soporte de Celulares;new;3 normal;nils.moron;P&G;Unclassified;10;;;0;0;;0;0;;0;;;;;0;;0;;0;;;0;0;;0;;;;;;unlock;new;0;0;0;0;0;0;1;;
951;2024061328000040;;Re: REINSTALACIÓN RETAILX;;;;Soporte de Celulares;new;3 normal;jose.delacruz;P&G;Unclassified;10;;;0;0;;0;0;;0;;;;;0;;0;;0;;;0;0;;0;;;;;;unlock;new;0;0;0;0;0;0;1;;
952;2024061328000050;;RE: REINSTALACIÓN RETAILX;;;;Soporte de Celulares;new;3 normal;nils.moron;P&G;Unclassified;10;;;0;0;;0;0;;0;;;;;0;;0;;0;;;0;0;;0;;;;;;unlock;new;0;0;0;0;0;0;1;;
953;2024061428000010;;CAMBIO DE CLAVE USUARIO GTM;;;;Soporte de Desktop;closed successful;3 normal;warrens.flores;Ajeper;SOPORTE DE CREDENCIALES;7;;;0;0;2022-11-28 14:29:44;0;0;;0;;;;;0;;0;;0;;;47;0;;0;;;;;2022-11-28 14:29:09;unlock;closed;0;1669645784;0;0;0;0;2;;
954;2024061428000020;;RE: PROBLEMAS AL PROCESAR DATOS EN EXCEL - LAPTOP GERSON RAMOS;;;;Soporte de Desktop;merged;3 normal;jose.castillo;Logistica;SOPORTE DE SOFTWARE LAPTOP;0;;;0;0;2022-11-28 20:39:49;0;0;;0;;;;;0;;0;;0;;;0;0;;0;;;;;2022-11-28 20:39:44;unlock;merged;0;1669667989;0;0;0;0;1;;
955;2024061428000030;;Reinstalación de APK;;;;Soporte de Celulares;new;3 normal;ronald.cutipa;P&G;Unclassified;10;;;0;0;;0;0;;0;;;;;0;;0;;0;;;0;0;;0;;;;;;unlock;new;0;0;0;0;0;0;2;;
956;2024061428000040;;RECETEO DE AUTHENTICATOR;;;;Soporte de Celulares;new;3 normal;janes.guarniz@visualimpact.com.pe;P&G;Unclassified;;;;0;0;;0;0;;0;;;;;0;;0;;0;;;0;0;;0;;;;;;unlock;new;0;0;0;0;0;0;2;;
957;2024061528000010;;RE: REESTABLECER ACCESOS GTM;;;;Soporte de Desktop;closed successful;3 normal;dussan.caceres;P&G;SOPORTE DE CREDENCIALES;0;;;0;0;;0;0;;0;;;;;0;;0;;0;;;272;0;;0;;;;;2022-11-28 20:38:51;unlock;closed;0;1669667938;0;0;0;0;2;;
958;2024061528000020;;SOLICITUD DE REINSTALACIÓN DEL APP RETAILX.;;;;Soporte de Celulares;new;3 normal;wendy.salazar;P&G;Unclassified;10;;;0;0;;0;0;;0;;;;;0;;0;;0;;;0;0;;0;;;;;;unlock;new;0;0;0;0;0;0;5;;
959;2024061528000030;;Recojo de chip   Juliaca;;;;Soporte de Celulares;new;3 normal;jahaira.paredes;Sistemas;Unclassified;10;;;0;0;;0;0;;0;;;;;0;;0;;0;;;0;0;;0;;;;;;unlock;new;0;0;0;0;0;0;3;;
960;2024061528000040;;REINSTALACIÓN DE RETAILX;;;;Soporte de Celulares;new;3 normal;janes.guarniz@visualimpact.com.pe;P&G;Unclassified;10;;;0;0;;0;0;;0;;;;;0;;0;;0;;;0;0;;0;;;;;;unlock;new;0;0;0;0;0;0;1;;
961;2024061528000050;;SOLICITUD REINSTALAR VIPG_ISM;;;;Soporte de Celulares;new;3 normal;piero.nunez@visualimpact.com.pe;P&G;Unclassified;10;;;0;0;;0;0;;0;;;;;0;;0;;0;;;0;0;;0;;;;;;unlock;new;0;0;0;0;0;0;1;;
962;2024061528000060;;Re: REINSTALACIÓN RETAILX;;;;Soporte de Celulares;new;3 normal;jose.delacruz;P&G;Unclassified;10;;;0;0;;0;0;;0;;;;;0;;0;;0;;;0;0;;0;;;;;;unlock;new;0;0;0;0;0;0;1;;
963;2024061528000070;;RE: REINSTALACIÓN RETAILX;;;;Soporte de Celulares;new;3 normal;nils.moron;P&G;Unclassified;10;;;0;0;;0;0;;0;;;;;0;;0;;0;;;0;0;;0;;;;;;unlock;new;0;0;0;0;0;0;1;;
964;2024061528000080;;RE: REINSTALACIÓN RETAILX;;;;Soporte de Celulares;new;3 normal;nils.moron;P&G;Unclassified;10;;;0;0;;0;0;;0;;;;;0;;0;;0;;;0;0;;0;;;;;;unlock;new;0;0;0;0;0;0;1;;
965;2024061628000010;;REINSTALACIÓN RETAILX GTM ELENA DAMIAN;;;;Soporte de Celulares;new;3 normal;jose.delacruz;P&G;Unclassified;10;;;0;0;;0;0;;0;;;;;0;;0;;0;;;0;0;;0;;;;;;unlock;new;0;0;0;0;0;0;1;;
966;2024061628000020;;REINSTALACION DEL APLICATIVO RETAIX;;;;Soporte de Celulares;new;3 normal;patricia.velasquez@visualimpact.com.pe;P&G;Unclassified;5;;;0;0;;0;0;;0;;;;;0;;0;;0;;;0;0;;0;;;;;;unlock;new;0;0;0;0;0;0;2;;
967;2024061728000010;;REINSTALACIÓN APP RETAILX;;;;Soporte de Celulares;new;3 normal;juana.anicama@visualimpact.com.pe;P&G;Unclassified;10;;;0;0;;0;0;;0;;;;;0;;0;;0;;;0;0;;0;;;;;;unlock;new;0;0;0;0;0;0;3;;
968;2024061728000020;;RE: URGENTE: Reinstalaciones constantes con Retail X;;;;Soporte de Celulares;closed successful;3 normal;teo.trujillo;P&G;Unclassified;1;;;0;0;;0;0;;0;;;;;0;;0;;0;;;585;0;;0;;;;;2022-11-30 17:45:22;unlock;closed;0;1669830338;0;0;0;0;3;;
969;2024061728000030;;perdida de contraseña de intranet;;;;Soporte de Desktop;closed successful;3 normal;gabriela.gonzales;Nestle;SOPORTE DE CREDENCIALES;10;;;0;0;;0;0;;0;;;;;0;;0;;0;;;0;0;;0;;;;;2022-11-29 21:19:59;unlock;closed;0;1669756809;0;0;0;0;2;;
970;2024061928000010;;CONFIGURACION DE IMPRESORA;;;;Soporte de Desktop;closed successful;3 normal;jesualdo.pacheco;P&G;SOPORTE DE SOFTWARE LAPTOP;80;;;0;0;;0;0;;0;;;;;0;;0;;0;;;0;0;;0;;;;;2022-11-29 21:22:41;unlock;closed;0;1669756977;0;0;0;0;2;;
971;2024061928000020;;REINSTALACIÓN DEL RETAILX;;;;Soporte de Celulares;open;3 normal;janes.guarniz@visualimpact.com.pe;P&G;Unclassified;10;;;0;0;2022-11-30 17:38:11;0;0;;0;;;;;0;;0;;0;;;0;0;;0;;;;;2022-11-30 17:37:48;lock;open;0;1669829961;0;0;0;0;3;;
972;2024061928000030;;REINSTALAR RETAILX;;;;Soporte de Celulares;new;3 normal;cesar.angulo;P&G;Unclassified;10;;;0;0;;0;0;;0;;;;;0;;0;;0;;;0;0;;0;;;;;;unlock;new;0;0;0;0;0;0;5;;
973;2024061928000040;;Creación de perfil GTM - Tiburcio Portal, Rocio del Pilar;;;;Soporte de Desktop;new;3 normal;juan.lizarzaburu;P&G;Unclassified;0;;;0;0;;0;0;;0;;;;;0;;0;;0;;;0;0;;0;;;;;;unlock;new;0;0;0;0;0;0;2;;
974;2024061928000050;;Solicitud de restablecimiento de contraseña GTM 119 Piura;;;;Soporte de Desktop;new;3 normal;fiorela.gil;P&G;Unclassified;0;;;0;0;;0;0;;0;;;;;0;;0;;0;;;0;0;;0;;;;;;unlock;new;0;0;0;0;0;0;1;;
975;2024062028000010;;"CHISQUIPAMA RUIZ,MARY	-    NO  APERTURA CLIENTE";;;;Soporte de Celulares;open;3 normal;nestle.loreto;Nestle;SOPORTE DE APLICATIVOS;10;;;0;0;;0;0;;0;;;;;0;;0;;0;;;0;0;;0;;;;;;unlock;open;0;0;0;0;0;0;1;;
976;2024062028000020;;Solicitud de reseteo GTM 119 Piura;;;;Soporte de Celulares;new;3 normal;fiorela.gil;P&G;Unclassified;10;;;0;0;;0;0;;0;;;;;0;;0;;0;;;0;0;;0;;;;;;unlock;new;0;0;0;0;0;0;2;;
977;2024062028000030;;Desintalacion e Instalacion Retail X;;;;Soporte de Celulares;new;3 normal;miguel.bruno;P&G;Unclassified;10;;;0;0;;0;0;;0;;;;;0;;0;;0;;;0;0;;0;;;;;;unlock;new;0;0;0;0;0;0;3;;
978;2024062028000040;;SOLICITUD DE REINSTALACIÓN RETAILX;;;;Soporte de Celulares;new;3 normal;milton.cuadra@visualimpact.com.pe;P&G;Unclassified;10;;;0;0;;0;0;;0;;;;;0;;0;;0;;;0;0;;0;;;;;;unlock;new;0;0;0;0;0;0;3;;
979;2024062028000050;;REINSTALACIÓN DE RETAILX;;;;Soporte de Celulares;new;3 normal;jonathan.rojas;P&G;Unclassified;10;;;0;0;;0;0;;0;;;;;0;;0;;0;;;0;0;;0;;;;;;unlock;new;0;0;0;0;0;0;2;;
980;2024062028000060;;RE: CAMBIO EQUIPO CORPORATIVO GTM ISM;;;;Soporte de Celulares;new;3 normal;jahaira.paredes;Sistemas;Unclassified;10;;;0;0;;0;0;;0;;;;;0;;0;;0;;;0;0;;0;;;;;;unlock;new;0;0;0;0;0;0;2;;
981;2024062128000010;;RE: CAMBIO DE CELULAR LA MERCED  PEÑA ERCAÑAUPA,RANDY BRANDOL ;;;;Soporte de Celulares;new;3 normal;jahaira.paredes;Sistemas;Unclassified;10;;;0;0;;0;0;;0;;;;;0;;0;;0;;;0;0;;0;;;;;;unlock;new;0;0;0;0;0;0;1;;
982;2024062128000020;;Re: REINSTALACIÓN RETAILX;;;;Soporte de Celulares;new;3 normal;jose.delacruz;P&G;Unclassified;10;;;0;0;;0;0;;0;;;;;0;;0;;0;;;0;0;;0;;;;;;unlock;new;0;0;0;0;0;0;1;;
983;2024062128000030;;Re: REINSTALACIÓN RETAILX GTM ELENA DAMIAN;;;;Soporte de Celulares;new;3 normal;jose.delacruz;P&G;Unclassified;10;;;0;0;;0;0;;0;;;;;0;;0;;0;;;0;0;;0;;;;;;unlock;new;0;0;0;0;0;0;1;;
984;2024062128000040;;REINSTALAR RETAILX;;;;Soporte de Celulares;new;3 normal;cesar.angulo;P&G;Unclassified;10;;;0;0;;0;0;;0;;;;;0;;0;;0;;;0;0;;0;;;;;;unlock;new;0;0;0;0;0;0;4;;
985;2024062228000010;;Creación de Accesos Impact Trade;;;;Soporte de Desktop;closed successful;3 normal;rafael.loyola;P&G;SOPORTE DE CREDENCIALES;10;;;0;0;2022-12-01 14:09:06;0;0;;0;;;;;0;;0;;0;;;20;0;;0;;;;;2022-12-01 14:08:07;unlock;closed;0;1669903746;0;0;0;0;2;;
986;2024062228000020;;Reinstalación del APK RETAIL X;;;;Soporte de Celulares;new;3 normal;juan.bolo@visualimpact.com.pe;P&G;Unclassified;10;;;0;0;;0;0;;0;;;;;0;;0;;0;;;0;0;;0;;;;;;unlock;new;0;0;0;0;0;0;1;;
987;2024062228000030;;Re: Reinstalación del APK RETAIL X;;;;Soporte de Celulares;new;3 normal;juan.bolo@visualimpact.com.pe;P&G;Unclassified;10;;;0;0;;0;0;;0;;;;;0;;0;;0;;;0;0;;0;;;;;;unlock;new;0;0;0;0;0;0;1;;
988;2024062328000010;;Usuario Bloqueado;;;;Soporte de Celulares;closed successful;3 normal;campana.cajes;Nestle;SOPORTE DE CREDENCIALES;10;;;0;0;;0;0;;0;;;;;0;;0;;0;;;0;0;;0;;;;;;unlock;closed;0;0;0;0;0;0;1;;
989;2024062328000020;;No hay Cobertura de Señal;;;;Soporte de Celulares;closed successful;3 normal;campana.cajes;Nestle;SOPORTE DE CREDENCIALES;10;;;0;0;;0;0;;0;;;;;0;;0;;0;;;0;0;;0;;;;;;unlock;closed;0;0;0;0;0;0;1;;
990;2024062628000010;;Usuario Bloqueado;;;;Soporte de Celulares;closed successful;3 normal;campana.cajes;Nestle;SOPORTE DE CREDENCIALES;10;;;0;0;;0;0;;0;;;;;0;;0;;0;;;0;0;;0;;;;;;unlock;closed;0;0;0;0;0;0;1;;
991;2024062628000020;;Usuario Bloqueado;;;;Soporte de Celulares;closed successful;3 normal;campana.cajes;Nestle;SOPORTE DE CREDENCIALES;0;;;0;0;;0;0;;0;;;;;0;;0;;0;;;0;0;;0;;;;;;unlock;closed;0;0;0;0;0;0;1;;
992;2024062628000030;;Pendientes;;;;Soporte de Celulares;open;3 normal;campana.cajes;Nestle;SOPORTE DE CREDENCIALES;0;;;0;0;;0;0;;0;;;;;0;;0;;0;;;0;0;;0;;;;;;unlock;open;0;0;0;0;0;0;1;;
993;2024062628000040;;Reestablecimiento de contraseña Intranet-New PG-Tiendas;;;;Soporte de Desktop;open;3 normal;teo.trujillo;P&G;SOPORTE DE INTRANET;10;;;0;0;2022-12-01 21:07:41;0;0;;0;;;;;0;;0;;0;;;0;0;;0;;;;;2022-12-01 21:07:18;lock;open;0;1669929309;0;0;0;0;6;;
994;2024062628000050;;RE: CAMBIO EQUIPO CORPORATIVO GTM ISM;;;;Soporte de Celulares;new;3 normal;jahaira.paredes;Sistemas;Unclassified;10;;;0;0;;0;0;;0;;;;;0;;0;;0;;;0;0;;0;;;;;;unlock;new;0;0;0;0;0;0;2;;
995;2024062628000060;;Instalación KNIME;;;;Soporte de Desktop;new;3 normal;teo.trujillo;P&G;Unclassified;0;;;0;0;;0;0;;0;;;;;0;;0;;0;;;0;0;;0;;;;;;unlock;new;0;0;0;0;0;0;1;;
996;2024062728000010;;Desbloqueo de usuario;;;;Soporte de Desktop;closed successful;3 normal;jhonny.biffi;P&G;SOPORTE DE CREDENCIALES;5;;;0;0;2022-12-02 14:31:11;0;0;;0;;;;;0;;0;;0;;;391;0;;0;;;;;2022-12-02 14:29:10;unlock;closed;0;1669991471;0;0;0;0;2;;
997;2024062728000020;;ACCESO PARA IMPACTTRADE IQUITOS - PUCALLPA;;;;Soporte de Desktop;closed successful;3 normal;jesualdo.pacheco;P&G;Unclassified;0;;;0;0;;0;0;;0;;;;;0;;0;;0;;;590;0;;0;;;;;2022-12-02 17:50:38;unlock;closed;0;1670003449;0;0;0;0;2;;
998;2024062728000030;;ACCESO PARA IMPACTTRADE IQUITOS - PUCALLPA;;;;Soporte de Desktop;closed successful;3 normal;jesualdo.pacheco;P&G;Unclassified;20;;;0;0;2022-12-02 17:49:39;0;0;;0;;;;;0;;0;;0;;;780;0;;0;;;;;2022-12-02 17:49:09;unlock;closed;0;1670016321;0;0;0;0;6;;
999;2024062728000040;;SOLICITUD DE REINSTALACIÓN RETAILX;;;;Soporte de Celulares;new;3 normal;milton.cuadra@visualimpact.com.pe;P&G;Unclassified;10;;;0;0;;0;0;;0;;;;;0;;0;;0;;;0;0;;0;;;;;;unlock;new;0;0;0;0;0;0;3;;
1000;2024062728000050;;Usuario Bloqueado;;;;Soporte de Celulares;closed successful;3 normal;campana.cajes;Nestle;SOPORTE DE CREDENCIALES;0;;;0;0;;0;0;;0;;;;;0;;0;;0;;;0;0;;0;;;;;;unlock;closed;0;0;0;0;0;0;1;;
1001;2024062828000010;;RE: Reestablecimiento de contraseña Intranet-New PG-Tiendas;;;;Soporte de Desktop;open;3 normal;teo.trujillo;P&G;Unclassified;10;;;0;0;2022-12-02 17:54:52;0;0;;0;;;;;0;;0;;0;;;9;0;;0;;;;;2022-12-02 17:54:02;lock;open;0;1670004013;0;0;0;0;3;;
1002;2024062828000020;;INSTALACION DE AUTHENTICATOR / ISAAC ALTAMIRANO PARRAGA / REPONEDOR;;;;Soporte de Celulares;new;3 normal;jonathan.rojas;P&G;Unclassified;10;;;0;0;;0;0;;0;;;;;0;;0;;0;;;0;0;;0;;;;;;unlock;new;0;0;0;0;0;0;1;;
1003;2024062828000030;;REINSTALACION RETAIL X - SPOC RICHARD CASTRO DIC'22 1RA SEMANA;;;;Soporte de Celulares;new;3 normal;richard.castro;P&G;Unclassified;10;;;0;0;;0;0;;0;;;;;0;;0;;0;;;0;0;;0;;;;;;unlock;new;0;0;0;0;0;0;2;;
1004;2024063028000010;;RE: CAMBIO EQUIPO CORPORATIVO GTM ISM;;;;Soporte de Celulares;new;3 normal;jahaira.paredes;Sistemas;Unclassified;10;;;0;0;;0;0;;0;;;;;0;;0;;0;;;0;0;;0;;;;;;unlock;new;0;0;0;0;0;0;1;;
1005;2024063028000020;;Problemas con el wifi laptop;;;;Soporte de Desktop;closed successful;3 normal;jessica.vasquez;Nestle;SOPORTE S.O.;20;;;0;0;;0;0;;0;;;;;0;;0;;0;;;0;0;;0;;;;;2022-12-02 21:26:59;unlock;closed;0;1670016430;0;0;0;0;2;;
1006;2024063028000030;;bloqueo de usuario windows;;;;Soporte de Desktop;closed successful;3 normal;tamar.roque;Operaciones;SOPORTE S.O.;5;;;0;0;;0;0;;0;;;;;0;;0;;0;;;0;0;;0;;;;;2022-12-02 21:27:38;unlock;closed;0;1670016472;0;0;0;0;2;;
1007;2024063028000040;;Habilitar usuario;;;;Soporte de Desktop;closed successful;3 normal;jhonny.biffi;P&G;SOPORTE DE CREDENCIALES;10;;;0;0;;0;0;;0;;;;;0;;0;;0;;;780;0;;0;;;;;2022-12-05 22:25:59;unlock;closed;0;1670279168;0;0;0;0;3;;
1008;2024070328000020;;Usuario Bloqueado;;;;Soporte de Celulares;closed unsuccessful;3 normal;campana.cajes;Nestle;SOPORTE DE CREDENCIALES;0;;;0;0;;0;0;;0;;;;;0;;0;;0;;;0;0;;0;;;;;;unlock;closed;0;0;0;0;0;0;1;;
1009;2024070328000030;;RE: REINSTALACIÓN RETAILX GTM MIRIAN ESCALANTE;;;;Soporte de Celulares;new;3 normal;jahaira.paredes;Sistemas;Unclassified;10;;;0;0;;0;0;;0;;;;;0;;0;;0;;;0;0;;0;;;;;;unlock;new;0;0;0;0;0;0;1;;
1010;2024070428000010;;Usuario Bloqueado;;;;Soporte de Celulares;closed unsuccessful;3 normal;campana.cajes;Nestle;SOPORTE DE CREDENCIALES;0;;;0;0;;0;0;;0;;;;;0;;0;;0;;;0;0;;0;;;;;;unlock;closed;0;0;0;0;0;0;1;;
1011;2024070428000020;;Web HSM  - NO PERMITE INGRESO;;;;Soporte de Desktop;closed successful;3 normal;carlos.nuñuvero;P&G;SOPORTE DE CREDENCIALES;5;;;0;0;2022-12-05 19:38:05;0;0;;0;;;;;0;;0;;0;;;46;0;;0;;;;;2022-12-05 19:37:34;unlock;closed;0;1670269084;0;0;0;0;2;;
1012;2024070428000030;;No le califica para ninguna mecánica;;;;Soporte de Celulares;closed unsuccessful;3 normal;campana.cajes;Nestle;SOPORTE DE CREDENCIALES;0;;;0;0;;0;0;;0;;;;;0;;0;;0;;;0;0;;0;;;;;;unlock;closed;0;0;0;0;0;0;1;;
1013;2024070428000040;;App Asistencia;;;;Soporte de Celulares;closed unsuccessful;3 normal;campana.cajes;Nestle;SOPORTE DE CREDENCIALES;0;;;0;0;;0;0;;0;;;;;0;;0;;0;;;0;0;;0;;;;;;unlock;closed;0;0;0;0;0;0;1;;
1014;2024070428000050;;Soporte gestor Programación de rutas HFS;;;;Soporte Desarrollo;new;3 normal;rafael.loyola;P&G;Unclassified;0;;;0;0;;0;0;;0;;;;;0;;0;;0;;;0;0;;0;;;;;;unlock;new;0;0;0;0;0;0;5;;
1015;2024070428000060;;perdida de contraseña correo gmail;;;;Soporte de Desktop;closed successful;3 normal;luis.gil;RRHH;SOPORTE MAIL;15;;;0;0;;0;0;;0;;;;;0;;0;;0;;;0;0;;0;;;;;2022-12-05 22:29:51;unlock;closed;0;1670279429;0;0;0;0;2;;
1016;2024070428000080;;SOLICITUD REINSTALAR RETAILX;;;;Soporte de Celulares;new;3 normal;piero.nunez@visualimpact.com.pe;P&G;Unclassified;10;;;0;0;;0;0;;0;;;;;0;;0;;0;;;0;0;;0;;;;;;unlock;new;0;0;0;0;0;0;2;;
1017;2024070428000090;;perdida de contraseña correo gmail;;;;Soporte de Desktop;closed successful;3 normal;wendy.salazar;P&G;SOPORTE MAIL;15;;;0;0;;0;0;;0;;;;;0;;0;;0;;;0;0;;0;;;;;2022-12-05 22:31:09;unlock;closed;0;1670279478;0;0;0;0;2;;
1018;2024070428000100;;Desbloqueo de usuario;;;;Soporte de Desktop;closed successful;3 normal;warrens.flores;Ajeper;SOPORTE DE CREDENCIALES;8;;;0;0;;0;0;;0;;;;;0;;0;;0;;;0;0;;0;;;;;2022-12-06 14:01:26;unlock;closed;0;1670335286;0;0;0;0;1;;
1019;2024070528000010;;SOLICITUD REINSTALAR RETAILX;;;;Soporte de Celulares;new;3 normal;piero.nunez@visualimpact.com.pe;P&G;Unclassified;10;;;0;0;;0;0;;0;;;;;0;;0;;0;;;0;0;;0;;;;;;unlock;new;0;0;0;0;0;0;2;;
1020;2024070528000020;;Usuario Bloqueado;;;;Soporte de Celulares;closed unsuccessful;3 normal;campana.cajes;Nestle;SOPORTE DE CREDENCIALES;0;;;0;0;;0;0;;0;;;;;0;;0;;0;;;0;0;;0;;;;;;unlock;closed;0;0;0;0;0;0;1;;
1021;2024070528000030;;Pendientes;;;;Soporte de Celulares;closed unsuccessful;3 normal;campana.cajes;Nestle;SOPORTE DE CREDENCIALES;0;;;0;0;;0;0;;0;;;;;0;;0;;0;;;0;0;;0;;;;;;unlock;closed;0;0;0;0;0;0;1;;
1022;2024070528000040;;Creación de Accesos Impact Trade;;;;Soporte de Desktop;closed successful;3 normal;rafael.loyola;P&G;SOPORTE DE CREDENCIALES;10;;;0;0;2022-12-07 14:19:09;0;0;;0;;;;;0;;0;;0;;;379;0;;0;;;;;2022-12-07 14:18:08;unlock;closed;0;1670422749;0;0;0;0;2;;
1023;2024070628000010;;Reinstalación de Aplicativo;;;;Soporte de Celulares;new;3 normal;ronald.cutipa;P&G;Unclassified;5;;;0;0;;0;0;;0;;;;;0;;0;;0;;;0;0;;0;;;;;;unlock;new;0;0;0;0;0;0;2;;
1024;2024070628000020;;Usuario Bloqueado;;;;Soporte de Celulares;closed unsuccessful;3 normal;campana.cajes;Nestle;SOPORTE DE CREDENCIALES;0;;;0;0;;0;0;;0;;;;;0;;0;;0;;;0;0;;0;;;;;;unlock;closed;0;0;0;0;0;0;1;;
1025;2024070628000030;;REINSTALAR RETAILX;;;;Soporte de Celulares;new;3 normal;cesar.angulo;P&G;Unclassified;10;;;0;0;;0;0;;0;;;;;0;;0;;0;;;0;0;;0;;;;;;unlock;new;0;0;0;0;0;0;3;;
1026;2024070628000040;;RE: Responder: Reinstalar aplicativo retail x - Chimbote;;;;Soporte de Celulares;new;3 normal;teo.trujillo;P&G;Unclassified;10;;;0;0;;0;0;;0;;;;;0;;0;;0;;;0;0;;0;;;;;;unlock;new;0;0;0;0;0;0;7;;
1027;2024070628000050;;Correo Grupal Proyectos.hfs;;;;Soporte de Desktop;closed successful;3 normal;rafael.loyola;P&G;SOPORTE MAIL;8;;;0;0;;0;0;;0;;;;;0;;0;;0;;;59;0;;0;;;;;2022-12-07 18:17:38;unlock;closed;0;1670437089;0;0;0;0;3;;
1028;2024070628000060;;RE: Responder: Reinstalar aplicativo retail x - Chimbote;;;;Soporte de Celulares;new;3 normal;teo.trujillo;P&G;Unclassified;10;;;0;0;;0;0;;0;;;;;0;;0;;0;;;0;0;;0;;;;;;unlock;new;0;0;0;0;0;0;1;;
1029;2024070628000070;;PROBLEMAS CON EL EQUIPO GTM WONG CHACARILLA;;;;Soporte de Celulares;new;3 normal;cristhian.ramirez;P&G;Unclassified;30;;;0;0;;0;0;;0;;;;;0;;0;;0;;;0;0;;0;;;;;;unlock;new;0;0;0;0;0;0;2;;
1030;2024070628000080;;ACTIVACIÓN CORREO - EQUIPO MÓVIL CORPORATIVO;;;;Soporte de Celulares;new;3 normal;JHEYSSON.ARAUJO;Polar;Unclassified;10;;;0;0;;0;0;;0;;;;;0;;0;;0;;;0;0;;0;;;;;;unlock;new;0;0;0;0;0;0;2;;
1031;2024070728000020;;RE: Reestablecer Intranet HSM - José Miguel Oballe Q.;;;;Soporte de Desktop;closed successful;3 normal;jose.oballe;P&G;SOPORTE DE CREDENCIALES;10;;;0;0;;0;0;;0;;;;;0;;0;;0;;;319;0;;0;;;;;2022-12-12 20:01:54;unlock;closed;0;1670875336;0;0;0;0;2;;
1032;2024070728000030;;RE: INSTALACION DE APLICATIVO PHOTO STAMP CAMERA;;;;Soporte de Celulares;new;3 normal;jahaira.paredes;Sistemas;Unclassified;5;;;0;0;;0;0;;0;;;;;0;;0;;0;;;0;0;;0;;;;;;unlock;new;0;0;0;0;0;0;1;;
1033;2024070728000050;;RE: INCIDENCIA APP GTM  IGLESIAS ROSAS,AMERICA DE JESUS;;;;Soporte de Celulares;new;3 normal;jahaira.paredes;Sistemas;Unclassified;20;;;0;0;;0;0;;0;;;;;0;;0;;0;;;0;0;;0;;;;;;unlock;new;0;0;0;0;0;0;2;;
1034;2024070728000060;;Re: Creacion de accesos Impact Trade;;;;Soporte de Desktop;closed successful;3 normal;juan.lizarzaburu;P&G;SOPORTE DE CREDENCIALES;8;;;0;0;2022-12-12 17:38:19;0;0;;0;;;;;0;;0;;0;;;215;0;;0;;;;;2022-12-12 17:37:56;unlock;closed;0;1670879405;0;0;0;0;6;;
1035;2024070728000070;;Usuario Bloqueado;;;;Soporte de Celulares;closed successful;3 normal;distribuidora.alvare;P&G;SOPORTE DE CREDENCIALES;0;;;0;0;;0;0;;0;;;;;0;;0;;0;;;0;0;;0;;;;;;unlock;closed;0;0;0;0;0;0;1;;
1036;2024071028000010;;RE: SOLICITUD DE APLICATIVOS (ISM,HSM);;;;Soporte de Celulares;new;3 normal;jahaira.paredes;Sistemas;Unclassified;5;;;0;0;;0;0;;0;;;;;0;;0;;0;;;0;0;;0;;;;;;unlock;new;0;0;0;0;0;0;2;;
1037;2024071028000020;;Usuario Bloqueado;;;;Soporte de Celulares;closed unsuccessful;3 normal;campana.cajes;Nestle;SOPORTE DE CREDENCIALES;0;;;0;0;;0;0;;0;;;;;0;;0;;0;;;0;0;;0;;;;;;unlock;closed;0;0;0;0;0;0;1;;
1038;2024071028000040;;Usuario Bloqueado;;;;Soporte de Celulares;closed successful;3 normal;distribuidora.vega;P&G;SOPORTE DE CREDENCIALES;0;;;0;0;;0;0;;0;;;;;0;;0;;0;;;0;0;;0;;;;;;unlock;closed;0;0;0;0;0;0;1;;
1039;2024071028000050;;REINSTALACIÓN DE RETAILX - GTM50;;;;Soporte de Celulares;new;3 normal;jan.tapara;P&G;Unclassified;10;;;0;0;;0;0;;0;;;;;0;;0;;0;;;0;0;;0;;;;;;unlock;new;0;0;0;0;0;0;3;;
1040;2024071028000060;;Usuario sin tiendas - Chimbote;;;;Soporte de Celulares;new;3 normal;luis.pinin;P&G;Unclassified;5;;;0;0;;0;0;;0;;;;;0;;0;;0;;;0;0;;0;;;;;;unlock;new;0;0;0;0;0;0;3;;
1041;2024071028000070;;REINSTALACIÓN DE RETAILX;;;;Soporte de Celulares;new;3 normal;janes.guarniz@visualimpact.com.pe;P&G;Unclassified;10;;;0;0;;0;0;;0;;;;;0;;0;;0;;;0;0;;0;;;;;;unlock;new;0;0;0;0;0;0;1;;
1042;2024071128000010;;Urgente: Oportunidad Retail X Spoc Piura;;;;Soporte de Celulares;new;3 normal;fiorela.gil;P&G;Unclassified;10;;;0;0;;0;0;;0;;;;;0;;0;;0;;;0;0;;0;;;;;;unlock;new;0;0;0;0;0;0;1;;
1043;2024071128000020;;REINSTALAR APLICATIVO RETAILX;;;;Soporte de Celulares;open;3 normal;jhosept.escobar@visualimpact.com.pe;P&G;Unclassified;10;;;0;0;2022-12-14 15:16:22;0;0;;0;;;;;0;;0;;0;;;0;0;;0;;;;;2022-12-14 15:16:03;lock;open;0;1671036152;0;0;0;0;4;;
1044;2024071128000030;;SOLICITUD DE REINSTALACIÓN RETAILX;;;;Soporte de Celulares;new;3 normal;jonathan.rojas;P&G;Unclassified;10;;;0;0;;0;0;;0;;;;;0;;0;;0;;;0;0;;0;;;;;;unlock;new;0;0;0;0;0;0;3;;
1045;2024071128000040;;SOLICITUD DE REINSTALACIÓN RETAILX;;;;Soporte de Celulares;new;3 normal;milton.cuadra@visualimpact.com.pe;P&G;Unclassified;10;;;0;0;;0;0;;0;;;;;0;;0;;0;;;0;0;;0;;;;;;unlock;new;0;0;0;0;0;0;4;;
1046;2024071128000050;;SOPORTE CELULAR  PAREDES TRIGUEROS,FREDY ROLANDO;;;;Soporte de Celulares;new;3 normal;jahaira.paredes;Sistemas;Unclassified;5;;;0;0;;0;0;;0;;;;;0;;0;;0;;;0;0;;0;;;;;;unlock;new;0;0;0;0;0;0;1;;
1047;2024071128000060;;REINSTALACIÓN APK RETAIL X;;;;Soporte de Celulares;new;3 normal;cristhian.ramirez;P&G;Unclassified;10;;;0;0;;0;0;;0;;;;;0;;0;;0;;;0;0;;0;;;;;;unlock;new;0;0;0;0;0;0;2;;
1048;2024071128000070;;Cambio de contraseña;;;;Soporte de Desktop;closed successful;3 normal;eduardo.espinoza;P&G;SOPORTE DE CREDENCIALES;15;;;0;0;;0;0;;0;;;;;0;;0;;0;;;0;0;;0;;;;;;unlock;closed;0;0;0;0;0;0;1;;
1049;2024071228000010;;REINSTALACIÓN DEL APLICATIVO RETAILX;;;;Soporte de Celulares;new;3 normal;jose.delacruz;P&G;Unclassified;10;;;0;0;;0;0;;0;;;;;0;;0;;0;;;0;0;;0;;;;;;unlock;new;0;0;0;0;0;0;1;;
1050;2024071228000030;;Solicitud de borrado y reinstalación del APK Retail X;;;;Soporte de Celulares;new;3 normal;ronald.salluca;P&G;Unclassified;10;;;0;0;;0;0;;0;;;;;0;;0;;0;;;0;0;;0;;;;;;unlock;new;0;0;0;0;0;0;5;;
1051;2024071228000050;;RE: Reinstalacion Retail X;;;;Soporte de Celulares;new;3 normal;jahaira.paredes;Sistemas;Unclassified;10;;;0;0;;0;0;;0;;;;;0;;0;;0;;;0;0;;0;;;;;;unlock;new;0;0;0;0;0;0;1;;
1052;2024071228000060;;REINSTALACION RETAILX;;;;Soporte de Celulares;new;3 normal;juana.anicama@visualimpact.com.pe;P&G;Unclassified;10;;;0;0;;0;0;;0;;;;;0;;0;;0;;;0;0;;0;;;;;;unlock;new;0;0;0;0;0;0;4;;
1053;2024071228000070;;REINSTALACIÓN RETAILX;;;;Soporte de Celulares;new;3 normal;jan.tapara;P&G;Unclassified;10;;;0;0;;0;0;;0;;;;;0;;0;;0;;;0;0;;0;;;;;;unlock;new;0;0;0;0;0;0;9;;
1054;2024071228000080;;RE: REINSTALACIÓN DEL APLICATIVO RETAILX;;;;Soporte de Celulares;new;3 normal;teo.trujillo;P&G;Unclassified;10;;;0;0;;0;0;;0;;;;;0;;0;;0;;;0;0;;0;;;;;;unlock;new;0;0;0;0;0;0;1;;
1055;2024071328000010;;Oportunidad con el módulo de encuestas (Auditorias PG);;;;Soporte Desarrollo;new;3 normal;johana.suyon;P&G;Unclassified;0;;;0;0;;0;0;;0;;;;;0;;0;;0;;;0;0;;0;;;;;;unlock;new;0;0;0;0;0;0;4;;
1056;2024071328000020;;RE: REINSTALACIÓN DEL APLICATIVO RETAILX;;;;Soporte de Celulares;new;3 normal;jahaira.paredes;Sistemas;Unclassified;10;;;0;0;;0;0;;0;;;;;0;;0;;0;;;0;0;;0;;;;;;unlock;new;0;0;0;0;0;0;1;;
1057;2024071328000030;;RE: REINSTALAR RETAILX;;;;Soporte de Celulares;new;3 normal;teo.trujillo;P&G;Unclassified;10;;;0;0;;0;0;;0;;;;;0;;0;;0;;;0;0;;0;;;;;;unlock;new;0;0;0;0;0;0;1;;
1058;2024071328000040;;REINSTALACION RETAIL X - Dic'22;;;;Soporte de Celulares;new;3 normal;richard.castro;P&G;Unclassified;10;;;0;0;;0;0;;0;;;;;0;;0;;0;;;0;0;;0;;;;;;unlock;new;0;0;0;0;0;0;3;;
1059;2024071328000050;;Activación de encuesta: Cambio de comunicación OTAs Downy;;;;Soporte Desarrollo;new;3 normal;johana.suyon;P&G;Unclassified;0;;;0;0;;0;0;;0;;;;;0;;0;;0;;;0;0;;0;;;;;;unlock;new;0;0;0;0;0;0;1;;
1060;2024050228000010;;OPORTUNIDADES EN RETAILX;;;;Soporte de Celulares;open;3 normal;jonathan.rojas;P&G;Unclassified;10;;;0;0;2022-12-14 19:57:27;0;0;;0;;;;;0;;0;;0;;;0;0;;0;;;;;2022-12-14 19:56:56;lock;open;0;1671047847;0;0;0;0;2;;
1061;2024050228000020;;Reinstalación - spoc chimbote;;;;Soporte de Celulares;new;3 normal;luis.pinin;P&G;Unclassified;5;;;0;0;;0;0;;0;;;;;0;;0;;0;;;0;0;;0;;;;;;unlock;new;0;0;0;0;0;0;5;;
1062;2024050228000030;;Urgente: Instalacion mobil control Retail X GTM Piura;;;;Soporte de Celulares;new;3 normal;fiorela.gil;P&G;Unclassified;10;;;0;0;;0;0;;0;;;;;0;;0;;0;;;0;0;;0;;;;;;unlock;new;0;0;0;0;0;0;3;;
1063;2024050228000040;;"DIAZ DIAZ,KATYA ROXANA	- REINSTALACION RETAIL X";;;;Soporte de Celulares;open;3 normal;procter.trujillo;P&G;SOPORTE DE APLICATIVOS;10;;;0;0;;0;0;;0;;;;;0;;0;;0;;;0;0;;0;;;;;;unlock;open;0;0;0;0;0;0;1;;
1064;2024050228000050;;Solicitud Reinstalar Retail X;;;;Soporte de Celulares;new;3 normal;gustavo.acero@visualimpact.com.pe;P&G;Unclassified;10;;;0;0;;0;0;;0;;;;;0;;0;;0;;;0;0;;0;;;;;;unlock;new;0;0;0;0;0;0;2;;
1065;2024050228000060;;Usuario Bloqueado;;;;Soporte de Celulares;closed unsuccessful;3 normal;campana.cajes;Nestle;SOPORTE DE CREDENCIALES;0;;;0;0;;0;0;;0;;;;;0;;0;;0;;;0;0;;0;;;;;;unlock;closed;0;0;0;0;0;0;1;;
1066;2024050228000070;;Urgente: Soporte para desinstalación e instalación App Retail X GTMs Piura;;;;Soporte de Celulares;new;3 normal;fiorela.gil;P&G;Unclassified;10;;;0;0;;0;0;;0;;;;;0;;0;;0;;;0;0;;0;;;;;;unlock;new;0;0;0;0;0;0;5;;
1067;2024050228000080;;Usuario Bloqueado;;;;Soporte de Celulares;closed unsuccessful;3 normal;campana.cajes;P&G;SOPORTE DE CREDENCIALES;0;;;0;0;;0;0;;0;;;;;0;;0;;0;;;0;0;;0;;;;;;unlock;closed;0;0;0;0;0;0;1;;
1068;2024050228000090;;RE: REVISIÓN EFECTIVIDAD EQUIPO GTM DÍA 14.12.2022;;;;Soporte de Celulares;new;3 normal;warrens.flores;Ajeper;Unclassified;5;;;0;0;;0;0;;0;;;;;0;;0;;0;;;0;0;;0;;;;;;unlock;new;0;0;0;0;0;0;1;;
1069;2024050228000100;;Re: Validación RHE Huánuco;;;;Soporte de Desktop;closed successful;3 normal;juan.lizarzaburu;P&G;SOPORTE DE CREDENCIALES;10;;;0;0;2022-12-15 16:09:32;0;0;;0;;;;;0;;0;;0;;;9;0;;0;;;;;2022-12-15 16:07:24;unlock;closed;0;1671120572;0;0;0;0;2;;
1070;2024050228000110;;PROBLEMAS CON LA MARCACIÓN EN EL RETAILX;;;;Soporte de Celulares;new;3 normal;janes.guarniz@visualimpact.com.pe;P&G;Unclassified;10;;;0;0;;0;0;;0;;;;;0;;0;;0;;;0;0;;0;;;;;;unlock;new;0;0;0;0;0;0;1;;
1071;2024050228000120;;Actualización Retail X Version 1.6.5;;;;Soporte de Celulares;new;3 normal;teo.trujillo;P&G;Unclassified;15;;;0;0;;0;0;;0;;;;;0;;0;;0;;;0;0;;0;;;;;;unlock;new;0;0;0;0;0;0;3;;
1072;2024050228000130;;Usuario Bloqueado;;;;Soporte de Celulares;closed unsuccessful;3 normal;campana.cajes;Nestle;SOPORTE DE CREDENCIALES;0;;;0;0;;0;0;;0;;;;;0;;0;;0;;;0;0;;0;;;;;;unlock;closed;0;0;0;0;0;0;1;;
1073;2024050228000140;;Usuario Bloqueado;;;;Soporte de Celulares;closed successful;3 normal;distribuidora.vega;P&G;SOPORTE DE CREDENCIALES;0;;;0;0;;0;0;;0;;;;;0;;0;;0;;;0;0;;0;;;;;;unlock;closed;0;0;0;0;0;0;1;;
1074;2024050228000150;;RE: PROBLEMAS CON EL SISTEMA O RED DE INTERNET;;;;Soporte de Celulares;new;3 normal;jahaira.paredes;Sistemas;Unclassified;0;;;0;0;;0;0;;0;;;;;0;;0;;0;;;0;0;;0;;;;;;unlock;new;0;0;0;0;0;0;4;;
1075;2024050228000160;;Solicitud Reinstalación Retail X;;;;Soporte de Celulares;new;3 normal;teo.trujillo;P&G;Unclassified;10;;;0;0;;0;0;;0;;;;;0;;0;;0;;;0;0;;0;;;;;;unlock;new;0;0;0;0;0;0;2;;
1076;2024050328000010;;REINSTALACIÓN RETAIL X - GTM81;;;;Soporte de Celulares;new;3 normal;cristhian.ramirez;P&G;Unclassified;10;;;0;0;;0;0;;0;;;;;0;;0;;0;;;0;0;;0;;;;;;unlock;new;0;0;0;0;0;0;5;;
1077;2024050328000020;;PROBLEMAS CON EL OFFICE;;;;Soporte de Desktop;closed successful;3 normal;jose.oballe;P&G;SOPORTE DE APLICATIVOS;25;;;0;0;;0;0;;0;;;;;0;;0;;0;;;0;0;;0;;;;;2022-12-16 21:01:14;unlock;closed;0;1671224485;0;0;0;0;2;;
1078;2024050328000030;;Problemas con el wifi laptop;;;;Soporte de Desktop;closed successful;3 normal;tamar.roque;Operaciones;SOPORTE S.O.;30;;;0;0;;0;0;;0;;;;;0;;0;;0;;;0;0;;0;;;;;2022-12-16 21:02:06;unlock;closed;0;1671224536;0;0;0;0;2;;
1079;2024050328000040;;Auditores sin visitas - 17/12/2022;;;;Soporte de Desktop;open;3 normal;juan.lizarzaburu;P&G;SOPORTE DE INTRANET;20;;;0;0;2022-12-19 14:29:31;0;0;;0;;;;;0;;0;;0;;;0;0;;0;;;;;2022-12-19 14:21:31;lock;open;0;1671460171;0;0;0;0;4;;
1080;2024050328000050;;REINSTALACIÓN RETAILX;;;;Soporte de Celulares;open;3 normal;juana.anicama@visualimpact.com.pe;P&G;Unclassified;10;;;0;0;2022-12-19 16:42:57;0;0;;0;;;;;0;;0;;0;;;0;0;;0;;;;;2022-12-19 16:42:31;lock;open;0;1671468860;0;0;0;0;10;;
1081;2024050328000060;;CAMBIO DE CONTRASEÑA;;;;Soporte de Desktop;open;3 normal;warrens.flores;Ajeper;SOPORTE DE CREDENCIALES;15;;;0;0;2022-12-19 14:19:23;0;0;;0;;;;;0;;0;;0;;;9;0;;0;;;;;2022-12-19 14:17:55;lock;open;0;1671467776;0;0;0;0;3;;
1082;2024050328000070;;Cambio de contraseña;;;;Soporte de Desktop;closed successful;3 normal;paulo.tipacti;Nestle;SOPORTE DE CREDENCIALES;8;;;0;0;;0;0;;0;;;;;0;;0;;0;;;0;0;;0;;;;;2022-12-19 14:30:03;unlock;closed;0;1671460203;0;0;0;0;1;;
1083;2024050328000080;;MANTENIMIENTO IMPRESOSA IR730;;;;Soporte de Desktop;closed successful;3 normal;jorge.molina;RRHH;SOPORTE DE HARWARE;5;;;0;0;;0;0;;0;;;;;0;;0;;0;;;257;0;;0;;;;;2022-12-19 21:15:15;unlock;closed;0;1671484537;0;0;0;0;2;;
1084;2024050328000090;;Acceso Intranet - Creación de Ruta;;;;Soporte de Desktop;open;3 normal;carlos.nuñuvero;P&G;SOPORTE DE CREDENCIALES;5;;;0;0;;0;0;;0;;;;;0;;0;;0;;;86;0;;0;;;;;2022-12-19 21:16:01;lock;open;0;1671571272;0;0;0;0;4;;
1085;2024050328000100;;Acceso Intranet - Creación de Ruta;;;;Soporte de Desktop;open;3 normal;nils.moron;P&G;SOPORTE DE CREDENCIALES;5;;;0;0;2022-12-20 14:30:50;0;0;;0;;;;;0;;0;;0;;;45;0;;0;;;;;2022-12-20 14:30:24;lock;open;0;1671636447;0;0;0;0;4;;
1086;2024050328000110;;problemas con el app de asistencia 20 de diciembre del 2022;;;;Soporte de Desktop;new;3 normal;judith.mato;Sistemas;Unclassified;0;;;0;0;;0;0;;0;;;;;0;;0;;0;;;0;0;;0;;;;;;unlock;new;0;0;0;0;0;0;1;;
1087;2024050328000120;;No hay Cobertura de Señal;;;;Soporte de Celulares;closed unsuccessful;3 normal;;P&G;SOPORTE DE CREDENCIALES;0;;;0;0;;0;0;;0;;;;;0;;0;;0;;;0;0;;0;;;;;;unlock;closed;0;0;0;0;0;0;1;;
1088;2024050328000130;;Reinstalar Aplicativo retailx;;;;Soporte de Celulares;new;3 normal;ronald.cutipa;P&G;Unclassified;10;;;0;0;;0;0;;0;;;;;0;;0;;0;;;0;0;;0;;;;;;unlock;new;0;0;0;0;0;0;3;;
1089;2024050328000140;;Reinstalación RetailX;;;;Soporte de Celulares;new;3 normal;jose.huaman@visualimpact.com.pe;P&G;Unclassified;10;;;0;0;;0;0;;0;;;;;0;;0;;0;;;0;0;;0;;;;;;unlock;new;0;0;0;0;0;0;4;;
1090;2024050328000150;;FW: SOLICITUD DE USUARIO APLICATIVO.;;;;Soporte de Desktop;new;3 normal;nunez.c.12@pg.com;P&G;Unclassified;0;;;0;0;;0;0;;0;;;;;0;;0;;0;;;0;0;;0;;;;;;unlock;new;0;0;0;0;0;0;5;;
1091;2024050428000010;;Desbloqueo de usuario;;;;Soporte de Desktop;new;3 normal;jhonny.biffi;P&G;Unclassified;0;;;0;0;;0;0;;0;;;;;0;;0;;0;;;0;0;;0;;;;;;unlock;new;0;0;0;0;0;0;1;;
1092;2024050428000020;;Usuario Bloqueado;;;;Soporte de Celulares;closed unsuccessful;3 normal;campana.cajes;Nestle;SOPORTE DE CREDENCIALES;0;;;0;0;;0;0;;0;;;;;0;;0;;0;;;0;0;;0;;;;;;unlock;closed;0;0;0;0;0;0;1;;
1093;2024050428000030;;Restablecimiento Gtm 147;;;;Soporte de Celulares;new;3 normal;rodolfo.aguilar;P&G;Unclassified;5;;;0;0;;0;0;;0;;;;;0;;0;;0;;;0;0;;0;;;;;;unlock;new;0;0;0;0;0;0;2;;
1094;2024050428000040;;No sale  canjear por polos APP;;;;Soporte de Celulares;closed unsuccessful;3 normal;campana.cajes;Nestle;SOPORTE DE CREDENCIALES;0;;;0;0;;0;0;;0;;;;;0;;0;;0;;;0;0;;0;;;;;;unlock;closed;0;0;0;0;0;0;1;;
1095;2024050428000050;;No hay Cobertura de Señal;;;;Soporte de Celulares;closed unsuccessful;3 normal;campana.cajes;Nestle;SOPORTE DE CREDENCIALES;0;;;0;0;;0;0;;0;;;;;0;;0;;0;;;0;0;;0;;;;;;unlock;closed;0;0;0;0;0;0;1;;
1096;2024050428000060;;Cambio Equipo Celular;;;;Soporte de Celulares;new;3 normal;walter.becerra;P&G;Unclassified;5;;;0;0;;0;0;;0;;;;;0;;0;;0;;;0;0;;0;;;;;;unlock;new;0;0;0;0;0;0;2;;
1097;2024050528000010;;Usuario Bloqueado;;;;Soporte de Celulares;closed successful;3 normal;campana.cajes;Nestle;SOPORTE DE CREDENCIALES;0;;;0;0;;0;0;;0;;;;;0;;0;;0;;;0;0;;0;;;;;;unlock;closed;0;0;0;0;0;0;1;;
1098;2024050528000020;;Creación de Sala zoom 22.12 de 2pm a 3pm;;;;Soporte de Desktop;new;3 normal;rafael.loyola;P&G;Unclassified;0;;;0;0;;0;0;;0;;;;;0;;0;;0;;;0;0;;0;;;;;;unlock;new;0;0;0;0;0;0;1;;
1099;2024050528000030;;RV: Firewall teléfonos VI;;;;Soporte de Celulares;new;3 normal;teo.trujillo;P&G;Unclassified;5;;;0;0;;0;0;;0;;;;;0;;0;;0;;;0;0;;0;;;;;;unlock;new;0;0;0;0;0;0;2;;
1100;2024050528000040;;"SANTI HUAMAN,VANESSA LUCERO	-  SOPORTE DE REINSTALACION WHATSAPP";;;;Soporte de Celulares;open;3 normal;nestle.lima;Nestle;SOPORTE DE APLICATIVOS;10;;;0;0;;0;0;;0;;;;;0;;0;;0;;;0;0;;0;;;;;;unlock;open;0;0;0;0;0;0;1;;
1101;2024050628000010;;INSTALACIÓN DE APPS USUARIO GTM;;;;Soporte de Celulares;new;3 normal;junior.acuna@visualimpact.com.pe;P&G;Unclassified;10;;;0;0;;0;0;;0;;;;;0;;0;;0;;;0;0;;0;;;;;;unlock;new;0;0;0;0;0;0;1;;
1102;2024050628000020;;Usuario Bloqueado;;;;Soporte de Celulares;closed successful;3 normal;campana.cajes;Nestle;SOPORTE DE CREDENCIALES;0;;;0;0;;0;0;;0;;;;;0;;0;;0;;;0;0;;0;;;;;;unlock;closed;0;0;0;0;0;0;1;;
1103;2024050828000020;;Reinstalar app retailx;;;;Soporte de Celulares;new;3 normal;ronald.cutipa;P&G;Unclassified;10;;;0;0;;0;0;;0;;;;;0;;0;;0;;;0;0;;0;;;;;;unlock;new;0;0;0;0;0;0;1;;
1104;2024051028000010;;REINSTALACIÓN APP RETAILX;;;;Soporte de Celulares;new;3 normal;juana.anicama@visualimpact.com.pe;P&G;Unclassified;10;;;0;0;;0;0;;0;;;;;0;;0;;0;;;0;0;;0;;;;;;unlock;new;0;0;0;0;0;0;2;;
1105;2024051028000020;;Creación de Accesos Impact Trade;;;;Soporte de Desktop;closed successful;3 normal;rafael.loyola;P&G;Unclassified;15;;;0;0;;0;0;;0;;;;;0;;0;;0;;;17;0;;0;;;;;2022-12-26 03:27:11;unlock;closed;0;1672025241;0;0;0;0;3;;
1106;2024051028000030;;RE: PROBLEMAS CON EL APLICATIVO;;;;Soporte de Celulares;new;3 normal;yhanie.perez;Nestle;Unclassified;10;;;0;0;;0;0;;0;;;;;0;;0;;0;;;0;0;;0;;;;;;unlock;new;0;0;0;0;0;0;1;;
1107;2024051028000040;;CREDENCIALES USUARIO EXTERNO;;;;Soporte de Desktop;closed successful;3 normal;warrens.flores;Ajeper;Unclassified;8;;;0;0;2022-12-26 15:36:15;0;0;;0;;;;;0;;0;;0;;;0;0;;0;;;;;2022-12-26 14:45:48;unlock;closed;0;1672068975;0;0;0;0;3;;
1108;2024051028000050;;problemas con el audio de la laptop;;;;Soporte de Desktop;closed successful;3 normal;sara.mendoza;P&G;SOPORTE DE SOFTWARE DE LAPTOP;15;;;0;0;;0;0;;0;;;;;0;;0;;0;;;0;0;;0;;;;;2022-12-26 14:44:58;unlock;closed;0;1672065925;0;0;0;0;2;;
1109;2024051028000060;;Re: Reinstalar app retailx;;;;Soporte de Celulares;closed successful;3 normal;jose.oballe;P&G;Unclassified;10;;;0;0;;0;0;;0;;;;;0;;0;;0;;;1560;0;;0;;;;;2022-12-28 21:37:14;unlock;closed;0;1672263444;0;0;0;0;2;;
1110;2024051028000070;;Usuario Bloqueado;;;;Soporte de Celulares;closed unsuccessful;3 normal;campana.cajes;Nestle;SOPORTE DE CREDENCIALES;0;;;0;0;;0;0;;0;;;;;0;;0;;0;;;0;0;;0;;;;;;unlock;closed;0;0;0;0;0;0;1;;
1111;2024051128000010;;Pendientes;;;;Soporte de Celulares;closed successful;3 normal;campana.cajes;Nestle;SOPORTE DE CREDENCIALES;0;;;0;0;;0;0;;0;;;;;0;;0;;0;;;0;0;;0;;;;;;unlock;closed;0;0;0;0;0;0;1;;
1112;2024051228000010;;RE: REINSTALACIÓN APP RETAILX;;;;Soporte de Celulares;closed successful;3 normal;teo.trujillo;P&G;SOPORTE DE APLICATIVOS;15;;;0;0;;0;0;;0;;;;;0;;0;;0;;;1341;0;;0;;;;;2022-12-28 17:21:24;unlock;closed;0;1672248096;0;0;0;0;2;;
1113;2024051228000020;;App Asistencia;;;;Soporte de Celulares;closed unsuccessful;3 normal;campana.cajes;Nestle;SOPORTE DE CREDENCIALES;0;;;0;0;;0;0;;0;;;;;0;;0;;0;;;0;0;;0;;;;;;unlock;closed;0;0;0;0;0;0;1;;
1114;2024051228000030;;RE: Reinstalación RetailX usuario GTM2;;;;Soporte de Celulares;closed successful;3 normal;jahaira.paredes;Sistemas;Unclassified;20;;;0;0;;0;0;;0;;;;;0;;0;;0;;;1560;0;;0;;;;;2022-12-28 21:09:38;unlock;closed;0;1672261811;0;0;0;0;4;;
1115;2024051228000040;;"Encuesta ""Actividades de la competencia"" - Oportunidad";;;;Soporte de Desktop;open;3 normal;juan.lizarzaburu;P&G;Unclassified;0;;;0;0;2022-12-26 16:55:49;0;0;;0;;;;;0;;0;;0;;;0;0;;0;;;;;2022-12-26 16:54:44;lock;open;0;1672089013;0;0;0;0;6;;
1116;2024051228000050;;Solicitud Instalación KNIME;;;;Soporte de Desktop;closed successful;3 normal;teo.trujillo;P&G;SOPORTE DE APLICATIVOS;15;;;0;0;2022-12-28 14:41:30;0;0;;0;;;;;0;;0;;0;;;8373;0;;0;;;;;2022-12-28 14:40:39;unlock;closed;0;1673371985;0;0;0;0;3;;
1117;2024051228000060;;SOLICITUD DE REINSTALACIÓN RETAILX.;;;;Soporte de Celulares;closed successful;3 normal;wendy.salazar@visualimpact.com.pe;wendy.salazar@visualimpact.com.pe;Unclassified;20;;;0;0;;0;0;;0;;;;;0;;0;;0;;;1560;0;;0;;;;;2022-12-27 14:32:34;unlock;closed;0;1672263369;0;0;0;0;20;;
1118;2024051228000070;;"Descarga encuesta ""Cambio de comunicación OTAs Downy""";;;;Soporte Desarrollo;new;3 normal;johana.suyon;P&G;Unclassified;0;;;0;0;;0;0;;0;;;;;0;;0;;0;;;0;0;;0;;;;;;unlock;new;0;0;0;0;0;0;9;;
1119;2024051228000080;;SOLICITUD REINSTALACION RETAILX;;;;Soporte de Celulares;closed successful;3 normal;milton.cuadra@visualimpact.com.pe;milton.cuadra@visualimpact.com.pe;SOPORTE DE APLICATIVOS;20;;;0;0;2022-12-28 17:31:49;0;0;;0;;;;;0;;0;;0;;;1009;0;;0;;;;;2022-12-28 17:27:46;unlock;closed;0;1672263289;0;0;0;0;11;;
1120;2024051228000090;;SOLICITUD REINSTALACIÓN RETAILX;;;;Soporte de Celulares;closed successful;3 normal;jonathan.rojas@visualimpact.com.pe;jonathan.rojas@visualimpact.com.pe;Unclassified;10;;;0;0;2022-12-28 20:59:46;0;0;;0;;;;;0;;0;;0;;;780;0;;0;;;;;2022-12-28 20:59:29;unlock;closed;0;1672263163;0;0;0;0;3;;
1121;2024051228000100;;RE: REVISIÓN EFECTIVIDAD EQUIPO GTM DÍA 14.12.2022;;;;Soporte de Celulares;closed successful;3 normal;warrens.flores;Ajeper;Unclassified;10;;;0;0;;0;0;;0;;;;;0;;0;;0;;;559;0;;0;;;;;2022-12-28 14:39:42;unlock;closed;0;1672263329;0;0;0;0;4;;
1122;2024051528000010;;Reinstalación RetailX / GTM / NUEVOS USUARIOS;;;;Soporte de Celulares;closed successful;3 normal;jose.huaman@visualimpact.com.pe;jose.huaman@visualimpact.com.pe;Unclassified;0;;;0;0;;0;0;;0;;;;;0;;0;;0;;;459;0;;0;;;;;2022-12-28 21:08:38;unlock;closed;0;1672261723;0;0;0;0;3;;
1123;2024051528000020;;SOLICITUD REINSTALACIÓN RETAIL X;;;;Soporte de Celulares;closed successful;3 normal;gustavo.acero@visualimpact.com.pe;gustavo.acero@visualimpact.com.pe;Unclassified;10;;;0;0;2022-12-28 21:07:40;0;0;;0;;;;;0;;0;;0;;;409;0;;0;;;;;2022-12-28 14:55:18;unlock;closed;0;1672263119;0;0;0;0;3;;
1124;2024051528000030;;Usuario bloqueado;;;;Soporte de Desktop;closed successful;3 normal;marlon.espejo;P&G;SOPORTE DE CREDENCIALES;5;;;0;0;2022-12-28 15:03:53;0;0;;0;;;;;0;;0;;0;;;13;0;;0;;;;;2022-12-28 15:03:41;unlock;closed;0;1672239833;0;0;0;0;2;;
1125;2024051528000040;;Creación de Accesos Impact Trade;;;;Soporte de Desktop;closed successful;3 normal;rafael.loyola;P&G;SOPORTE DE CREDENCIALES;15;;;0;0;2022-12-28 15:43:53;0;0;;0;;;;;0;;0;;0;;;3;0;;0;;;;;2022-12-28 15:43:00;unlock;closed;0;1672242233;0;0;0;0;2;;
1126;2024051528000050;;: SOLICITUD REINSTALACIÓN RETAIL X;;;;Soporte de Celulares;closed successful;3 normal;juan.bolo@visualimpact.com.pe;juan.bolo@visualimpact.com.pe;SOPORTE DE APLICATIVOS;10;;;0;0;2022-12-28 15:54:29;0;0;;0;;;;;0;;0;;0;;;14;0;;0;;;;;2022-12-28 15:53:40;unlock;closed;0;1672242869;0;0;0;0;2;;
1127;2024051528000080;;RE: Recojo de chip Juliaca;;;;Soporte de Celulares;closed successful;3 normal;jahaira.paredes;Sistemas;Unclassified;10;;;0;0;;0;0;;0;;;;;0;;0;;0;;;9235;0;;0;;;;;2022-12-28 21:07:56;unlock;closed;0;1673624171;0;0;0;0;6;;
1128;2024051528000090;;Oportunidad Módulo PI Auditoria Makro Piura;;;;Soporte de Celulares;closed successful;3 normal;fiorela.gil@visualimpact.com.pe;fiorela.gil@visualimpact.com.pe;Unclassified;1;;;0;0;;0;0;;0;;;;;0;;0;;0;;;2106;0;;0;;;;;02/01/2024 15:56;unlock;closed;0;1672675004;0;0;0;0;4;;
1129;2024051628000010;;Oportunidad web Impact trade;;;;Soporte de Desktop;closed successful;3 normal;rafael.loyola;P&G;SOPORTE DE INTRANET;5;;;0;0;;0;0;;0;;;;;0;;0;;0;;;1274;0;;0;;;;;2022-12-30 16:14:32;unlock;closed;0;1672416884;0;0;0;0;3;;
1130;2024051628000020;;Re: RV: Usuarios Nuevos Creados;;;;Soporte de Celulares;closed successful;3 normal;wendy.salazar@visualimpact.com.pe;wendy.salazar@visualimpact.com.pe;Unclassified;1;;;0;0;;0;0;;0;;;;;0;;0;;0;;;2036;0;;0;;;;;02/01/2024 15:56;unlock;closed;0;1672674979;0;0;0;0;3;;
1131;2024051628000030;;SOLICITUD DE REINSTALACIÓN RETAILX.;;;;Soporte de Celulares;closed successful;3 normal;wendy.salazar@visualimpact.com.pe;wendy.salazar@visualimpact.com.pe;SOPORTE DE APLICATIVOS;20;;;0;0;2022-12-29 14:41:25;0;0;;0;;;;;0;;0;;0;;;9061;0;;0;;;;;2022-12-29 14:40:54;unlock;closed;0;1673625693;0;0;0;0;12;;
1132;2024051628000040;;SOLICITUD REINSTALACIÓN RETAIL X;;;;Soporte de Celulares;closed successful;3 normal;gustavo.acero@visualimpact.com.pe;gustavo.acero@visualimpact.com.pe;SOPORTE DE APLICATIVOS;10;;;0;0;2022-12-29 15:05:06;0;0;;0;;;;;0;;0;;0;;;425;0;;0;;;;;2022-12-29 15:04:24;unlock;closed;0;1672326306;0;0;0;0;2;;
1133;2024051628000050;;SOLICITUD REINSTALACION RETAILX;;;;Soporte de Celulares;closed successful;3 normal;piero.nunez@visualimpact.com.pe;piero.nunez@visualimpact.com.pe;Unclassified;10;;;0;0;2022-12-29 17:29:51;0;0;;0;;;;;0;;0;;0;;;290;0;;0;;;;;2022-12-29 17:28:54;unlock;closed;0;1672335658;0;0;0;0;4;;
1134;2024051628000060;;Usuario Bloqueado;;;;Soporte de Celulares;closed unsuccessful;3 normal;campana.cajes;Nestle;SOPORTE DE CREDENCIALES;0;;;0;0;;0;0;;0;;;;;0;;0;;0;;;0;0;;0;;;;;;unlock;closed;0;0;0;0;0;0;1;;
1135;2024051728000010;;Pendientes;;;;Soporte de Celulares;closed unsuccessful;3 normal;distribuidora.moran;P&G;SOPORTE DE CREDENCIALES;0;;;0;0;;0;0;;0;;;;;0;;0;;0;;;0;0;;0;;;;;;unlock;closed;0;0;0;0;0;0;1;;
1136;2024051728000020;;Reinstalación Retail X;;;;Soporte de Celulares;closed successful;3 normal;luis.pinin@visualimpact.com.pe;luis.pinin@visualimpact.com.pe;SOPORTE DE APLICATIVOS;10;;;0;0;2022-12-29 14:39:23;0;0;;0;;;;;0;;0;;0;;;29;0;;0;;;;;2022-12-29 14:38:23;unlock;closed;0;1672324763;0;0;0;0;2;;
1137;2024051728000030;;Reinstalación aplicativo Retail x Spoc Piura;;;;Soporte de Celulares;closed successful;3 normal;fiorela.gil@visualimpact.com.pe;fiorela.gil@visualimpact.com.pe;SOPORTE DE APLICATIVOS;20;;;0;0;2022-12-29 14:56:02;0;0;;0;;;;;0;;0;;0;;;369;0;;0;;;;;2022-12-29 14:55:26;unlock;closed;0;1672352389;0;0;0;0;9;;
1138;2024051728000040;;REINSTALACIÓN RETAILX;;;;Soporte de Celulares;closed successful;3 normal;jose.delacruz@visualimpact.com.pe;jose.delacruz@visualimpact.com.pe;SOPORTE DE APLICATIVOS;10;;;0;0;2022-12-29 17:28:00;0;0;;0;;;;;0;;0;;0;;;8543;0;;0;;;;;2022-12-29 17:26:33;unlock;closed;0;1673625852;0;0;0;0;6;;
1139;2024051728000050;;RE: REINSTALACIÓN RETAILX;;;;Soporte de Celulares;closed successful;3 normal;nils.moron;P&G;Unclassified;10;;;0;0;2022-12-29 17:23:49;0;0;;0;;;;;0;;0;;0;;;12;0;;0;;;;;2022-12-29 17:22:39;unlock;closed;0;1672335150;0;0;0;0;4;;
1140;2024051728000060;;SOLICITUD REINSTALACIÓN RETAIL X;;;;Soporte de Celulares;closed successful;3 normal;gustavo.acero@visualimpact.com.pe;gustavo.acero@visualimpact.com.pe;Unclassified;20;;;0;0;2022-12-29 17:41:22;0;0;;0;;;;;0;;0;;0;;;1467;0;;0;;;;;2022-12-29 17:41:15;unlock;closed;0;1672675065;0;0;0;0;7;;
1141;2024051728000070;;Desbloqueo de usario;;;;Soporte de Desktop;closed successful;3 normal;eduardo.landeo;P&G;Unclassified;15;;;0;0;2022-12-30 15:51:29;0;0;;0;;;;;0;;0;;0;;;581;0;;0;;;;;2022-12-30 15:49:40;unlock;closed;0;1672415489;0;0;0;0;3;;
1142;2024051728000080;;CLIENTE FINALIZADO - PERO APARECE COMO PENDIENTE EN EL SISTEMA;;;;Soporte Desarrollo;new;3 normal;gabriela.ore;P&G;Unclassified;0;;;0;0;;0;0;;0;;;;;0;;0;;0;;;0;0;;0;;;;;;unlock;new;0;0;0;0;0;0;1;;
1143;2024051728000090;;Entrega de Laptop Analista Comercial.;;;;Soporte de Desktop;closed successful;3 normal;walter.becerra;P&G;SOPORTE DE HARDWARE;0;;;0;0;;0;0;;0;;;;;0;;0;;0;;;4093;0;;0;;;;;06/01/2024 20:53;unlock;closed;0;1673038426;0;0;0;0;4;;
1144;2024051728000100;;SOLICITUD INSTALACIÓN AUTHENTICATOR;;;;Soporte de Celulares;closed successful;3 normal;piero.nunez@visualimpact.com.pe;piero.nunez@visualimpact.com.pe;Unclassified;10;;;0;0;02/01/2024 15:55;0;0;;0;;;;;0;;0;;0;;;7505;0;;0;;;;;02/01/2024 15:54;unlock;closed;0;1673625954;0;0;0;0;5;;
1145;2024051728000110;;Teléfono bloqueado;;;;Soporte de Desktop;closed successful;3 normal;marlon.espejo;P&G;SOPORTE DE CREDENCIALES;0;;;0;0;02/01/2024 17:28;0;0;;0;;;;;0;;0;;0;;;268;0;;0;;;;;02/01/2024 17:27;unlock;closed;0;1672680497;0;0;0;0;2;;
1146;2024051728000120;;SOLICITUD DE REINSTALACION DE APLICATIVOS;;;;Soporte de Celulares;closed successful;3 normal;juan.bolo@visualimpact.com.pe;juan.bolo@visualimpact.com.pe;Unclassified;10;;;0;0;02/01/2024 15:47;0;0;;0;;;;;0;;0;;0;;;7154;0;;0;;;;;02/01/2024 15:46;unlock;closed;0;1673625894;0;0;0;0;14;;
1147;2024051828000010;;Desbloquear usuario;;;;Soporte de Desktop;closed successful;3 normal;marlon.espejo;P&G;SOPORTE DE CREDENCIALES;5;;;0;0;02/01/2024 17:29;0;0;;0;;;;;0;;0;;0;;;139;0;;0;;;;;02/01/2024 17:29;unlock;closed;0;1672680589;0;0;0;0;2;;
1148;2024051828000020;;Usuario Bloqueado;;;;Soporte de Celulares;closed unsuccessful;3 normal;distribuidora.moran;P&G;SOPORTE DE CREDENCIALES;0;;;0;0;;0;0;;0;;;;;0;;0;;0;;;0;0;;0;;;;;;unlock;closed;0;0;0;0;0;0;1;;
1149;2024051828000030;;USUARIO INACTIVO;;;;Soporte de Celulares;closed unsuccessful;3 normal;distribuidora.moran;P&G;SOPORTE DE CREDENCIALES;0;;;0;0;;0;0;;0;;;;;0;;0;;0;;;0;0;;0;;;;;;unlock;closed;0;0;0;0;0;0;1;;
1150;2024051828000040;;SOLICITUD REINSTALACIÓN RETAIL X;;;;Soporte de Celulares;closed successful;3 normal;rodolfo.aguilar@visualimpact.com.pe;rodolfo.aguilar@visualimpact.com.pe;Unclassified;10;;;0;0;03/01/2024 16:57;0;0;;0;;;;;0;;0;;0;;;758;0;;0;;;;;03/01/2024 16:57;unlock;closed;0;1672765091;0;0;0;0;4;;
1151;2024051828000050;;ENCUESTAS DEL APP;;;;Soporte de Celulares;closed successful;3 normal;distribuidora.vega;P&G;SOPORTE DE CREDENCIALES;0;;;0;0;;0;0;;0;;;;;0;;0;;0;;;0;0;;0;;;;;;unlock;closed;0;0;0;0;0;0;1;;
1152;2024051828000060;;ENCUESTAS DEL APP;;;;Soporte de Celulares;closed successful;3 normal;distribuidora.vega;P&G;SOPORTE DE CREDENCIALES;0;;;0;0;;0;0;;0;;;;;0;;0;;0;;;0;0;;0;;;;;;unlock;closed;0;0;0;0;0;0;1;;
1153;2024051828000070;;ENCUESTAS DEL APP;;;;Soporte de Celulares;closed successful;3 normal;distribuidora.vega;P&G;SOPORTE DE CREDENCIALES;0;;;0;0;;0;0;;0;;;;;0;;0;;0;;;0;0;;0;;;;;;unlock;closed;0;0;0;0;0;0;1;;
1154;2024051828000080;;SOLICITUD REINSTALACION APLICATIVO RETAIL X;;;;Soporte de Celulares;closed successful;3 normal;juan.bolo@visualimpact.com.pe;juan.bolo@visualimpact.com.pe;Unclassified;10;;;0;0;03/01/2024 17:01;0;0;;0;;;;;0;;0;;0;;;672;0;;0;;;;;03/01/2024 17:01;unlock;closed;0;1672765382;0;0;0;0;3;;
1155;2024051828000090;;Credenciales Intranet Nuevo Coordinador;;;;Soporte de Desktop;closed successful;3 normal;teo.trujillo;P&G;SOPORTE DE CREDENCIALES;15;;;0;0;03/01/2024 16:07;0;0;;0;;;;;0;;0;;0;;;487;0;;0;;;;;03/01/2024 16:06;unlock;closed;0;1672762041;0;0;0;0;2;;
1156;2024051928000010;;SOLICITUD REINSTALACIÓN RETAIL X;;;;Soporte de Celulares;closed successful;3 normal;junior.acuna@visualimpact.com.pe;junior.acuna@visualimpact.com.pe;Unclassified;10;;;0;0;03/01/2024 16:12;0;0;;0;;;;;0;;0;;0;;;6360;0;;0;;;;;03/01/2024 16:12;unlock;closed;0;1673625638;0;0;0;0;12;;
1157;2024051928000020;;SOPORTE REINSTALACION APK RETAIL X;;;;Soporte de Celulares;closed successful;3 normal;juan.bolo@visualimpact.com.pe;juan.bolo@visualimpact.com.pe;Unclassified;10;;;0;0;03/01/2024 16:22;0;0;;0;;;;;0;;0;;0;;;294;0;;0;;;;;03/01/2024 16:19;unlock;closed;0;1672775690;0;0;0;0;5;;
1158;2024051928000030;;REINSTALACIÓN RETAIL X;;;;Soporte de Celulares;closed successful;3 normal;teo.trujillo;P&G;Unclassified;10;;;0;0;03/01/2024 17:00;0;0;;0;;;;;0;;0;;0;;;6270;0;;0;;;;;03/01/2024 17:00;unlock;closed;0;1673625012;0;0;0;0;6;;
1159;2024051928000040;;RV: SOLICITUD DE USUARIO APLICATIVO.;;;;Soporte de Desktop;closed successful;3 normal;walter.becerra;P&G;SOPORTE DE CREDENCIALES;30;;;0;0;03/01/2024 22:01;0;0;;0;;;;;0;;0;;0;;;1572;0;;0;;;;;03/01/2024 21:48;unlock;closed;0;1672934588;0;0;0;0;4;;
1160;2024051928000050;;CUSCO | SOLICITUD REINSTALACIÓN RETAIL X;;;;Soporte de Celulares;closed successful;3 normal;jose.oballe;P&G;Unclassified;10;;;0;0;03/01/2024 20:03;0;0;;0;;;;;0;;0;;0;;;103;0;;0;;;;;03/01/2024 20:03;unlock;closed;0;1672776217;0;0;0;0;3;;
1161;2024051928000060;;Apoyo con app Impact Trade;;;;Soporte de Celulares;closed successful;3 normal;yuvitza.miñan;Nestle;Unclassified;10;;;0;0;03/01/2024 20:20;0;0;;0;;;;;0;;0;;0;;;6001;0;;0;;;;;03/01/2024 20:19;unlock;closed;0;1673625087;0;0;0;0;3;;
1162;2024051928000070;;Solicitud Web Boletas;;;;Soporte de Desktop;closed successful;3 normal;teo.trujillo;P&G;SOPORTE DE CREDENCIALES;10;;;0;0;03/01/2024 22:15;0;0;;0;;;;;0;;0;;0;;;59;0;;0;;;;;03/01/2024 22:13;unlock;closed;0;1672784119;0;0;0;0;2;;
1163;2024052028000010;;SOLICITUD REINSTALACIÓN RETAIL X;;;;Soporte de Celulares;closed successful;3 normal;rodolfo.aguilar@visualimpact.com.pe;rodolfo.aguilar@visualimpact.com.pe;Unclassified;10;;;0;0;03/01/2024 22:11;0;0;;0;;;;;0;;0;;0;;;0;0;;0;;;;;03/01/2024 22:11;unlock;closed;0;1672783922;0;0;0;0;3;;
1164;2024052228000010;;SOLICITUD REINSTALACIÓN RETAIL X;;;;Soporte de Celulares;closed successful;3 normal;abel.ccellccascca@visualimpact.com.pe;abel.ccellccascca@visualimpact.com.pe;Unclassified;10;;;0;0;03/01/2024 22:15;0;0;;0;;;;;0;;0;;0;;;0;0;;0;;;;;03/01/2024 22:15;unlock;closed;0;1672784188;0;0;0;0;3;;
1165;2024052228000020;;Reinstalación de APP RetailX;;;;Soporte de Celulares;closed successful;3 normal;yeral.lara@visualimpact.com.pe;yeral.lara@visualimpact.com.pe;Unclassified;10;;;0;0;03/01/2024 22:07;0;0;;0;;;;;0;;0;;0;;;0;0;;0;;;;;03/01/2024 22:07;unlock;closed;0;1672783644;0;0;0;0;3;;
1166;2024052228000030;;Reinstalación Retail X;;;;Soporte de Celulares;closed successful;3 normal;teo.trujillo;P&G;Unclassified;15;;;0;0;03/01/2024 22:25;0;0;;0;;;;;0;;0;;0;;;0;0;;0;;;;;03/01/2024 22:19;unlock;closed;0;1672784773;0;0;0;0;3;;
1167;2024052228000040;;problemas con el office excel;;;;Soporte de Desktop;closed successful;3 normal;luis.pineda;P&G;SOPORTE DE APLICATIVOS;20;;;0;0;;0;0;;0;;;;;0;;0;;0;;;0;0;;0;;;;;03/01/2024 22:24;unlock;closed;0;1672784677;0;0;0;0;2;;
1168;2024052228000050;;CUSCO | SOLICITUD REINSTALACIÓN RETAIL X;;;;Soporte de Celulares;closed successful;3 normal;jose.oballe;P&G;Unclassified;10;;;0;0;04/01/2024 14:16;0;0;;0;;;;;0;;0;;0;;;376;0;;0;;;;;04/01/2024 14:15;unlock;closed;0;1672841817;0;0;0;0;3;;
1169;2024052228000060;;SOLICITUD REINSTALACIÓN RETAIL X;;;;Soporte de Celulares;closed successful;3 normal;rodolfo.aguilar@visualimpact.com.pe;rodolfo.aguilar@visualimpact.com.pe;Unclassified;10;;;0;0;04/01/2024 14:24;0;0;;0;;;;;0;;0;;0;;;5928;0;;0;;;;;04/01/2024 14:24;unlock;closed;0;1673624935;0;0;0;0;3;;
1170;2024052228000070;;Problema señal 4g GTM Puente Piedra;;;;Soporte de Celulares;closed successful;3 normal;yeral.lara@visualimpact.com.pe;yeral.lara@visualimpact.com.pe;Unclassified;30;;;0;0;04/01/2024 14:31;0;0;;0;;;;;0;;0;;0;;;5688;0;;0;;;;;04/01/2024 14:31;unlock;closed;0;1673624913;0;0;0;0;8;;
1171;2024052228000080;;SOLICITUD REINSTALACION RETAIL X;;;;Soporte de Celulares;closed successful;3 normal;rodolfo.aguilar@visualimpact.com.pe;rodolfo.aguilar@visualimpact.com.pe;Unclassified;10;;;0;0;04/01/2024 15:10;0;0;;0;;;;;0;;0;;0;;;915;0;;0;;;;;04/01/2024 15:09;unlock;closed;0;1672937756;0;0;0;0;3;;
1172;2024052228000090;;RE: Reinstalación Usuario GTM 136;;;;Soporte de Celulares;closed successful;3 normal;jahaira.paredes;Sistemas;Unclassified;10;;;0;0;;0;0;;0;;;;;0;;0;;0;;;10;0;;0;;;;;04/01/2024 15:11;unlock;closed;0;1672845070;0;0;0;0;2;;
1173;2024052328000010;;No visualiza Inventario en Web | Spoc Eduardo Muñoz;;;;Soporte Desarrollo;new;3 normal;jose.oballe;P&G;Unclassified;0;;;0;0;;0;0;;0;;;;;0;;0;;0;;;0;0;;0;;;;;;unlock;new;0;0;0;0;0;0;2;;
1174;2024052328000020;;SOLICITUD | Anexar correo corporativo de Kasandra Mamani a spoc.directos@visualimpact.com.pe;;;;Soporte de Desktop;closed successful;3 normal;jose.oballe;P&G;SOPORTE DE MAIL;10;;;0;0;;0;0;;0;;;;;0;;0;;0;;;1822;0;;0;;;;;06/01/2024 20:52;unlock;closed;0;1673038360;0;0;0;0;4;;
1175;2024052328000030;;ERROR DE PAGINA WEB;;;;Soporte de Celulares;closed unsuccessful;3 normal;distribuidora.vega;P&G;SOPORTE DE CREDENCIALES;0;;;0;0;;0;0;;0;;;;;0;;0;;0;;;0;0;;0;;;;;;unlock;closed;0;0;0;0;0;0;1;;
1176;2024052328000040;;Usuario Bloqueado;;;;Soporte de Celulares;closed unsuccessful;3 normal;distribuidora.vega;P&G;SOPORTE DE CREDENCIALES;0;;;0;0;;0;0;;0;;;;;0;;0;;0;;;0;0;;0;;;;;;unlock;closed;0;0;0;0;0;0;1;;
1177;2024052328000050;;CLAVE MODEM WIFI E INSTALACION DE IMPRESORA;;;;Soporte de Desktop;new;3 normal;ana.begazo;P&G;Unclassified;0;;;0;0;;0;0;;0;;;;;0;;0;;0;;;0;0;;0;;;;;;unlock;new;0;0;0;0;0;0;1;;
1178;2024052328000060;;Usuario Bloqueado;;;;Soporte de Celulares;closed unsuccessful;3 normal;distribuidora.vega;P&G;SOPORTE DE CREDENCIALES;0;;;0;0;;0;0;;0;;;;;0;;0;;0;;;0;0;;0;;;;;;unlock;closed;0;0;0;0;0;0;1;;
1179;2024052328000070;;Actualizacion de perfil;;;;Soporte de Celulares;closed successful;3 normal;rodolfo.aguilar@visualimpact.com.pe;rodolfo.aguilar@visualimpact.com.pe;Unclassified;5;;;0;0;05/01/2024 15:35;0;0;;0;;;;;0;;0;;0;;;15;0;;0;;;;;05/01/2024 15:35;unlock;closed;0;1672932951;0;0;0;0;3;;
1180;2024052428000010;;SOLICITUD REINSTALACIÓN RETAIL X;;;;Soporte de Celulares;closed successful;3 normal;teo.trujillo;P&G;Unclassified;10;;;0;0;05/01/2024 15:47;0;0;;0;;;;;0;;0;;0;;;75;0;;0;;;;;05/01/2024 15:47;unlock;closed;0;1672937735;0;0;0;0;3;;
1181;2024052428000020;;SOLICITUD REINSTALACION RETAIL;;;;Soporte de Celulares;closed successful;3 normal;rodolfo.aguilar@visualimpact.com.pe;rodolfo.aguilar@visualimpact.com.pe;Unclassified;10;;;0;0;05/01/2024 16:50;0;0;;0;;;;;0;;0;;0;;;30;0;;0;;;;;05/01/2024 16:50;unlock;closed;0;1672937474;0;0;0;0;3;;
1182;2024052428000030;;RE: ASISTENCIA SIN MARCAR;;;;Soporte de Desktop;merged;3 normal;jamphier.paipay;Sistemas;Unclassified;0;;;0;0;05/01/2024 17:41;0;0;;0;;;;;0;;0;;0;;;0;0;;0;;;;;05/01/2024 17:40;unlock;merged;0;1672940461;0;0;0;0;1;;
1183;2024052428000040;;RE: Personal por RxH - Huaraz (Enero 2024);;;;Soporte de Desktop;closed successful;3 normal;walter.becerra;P&G;Unclassified;0;;;0;0;;0;0;;0;;;;;0;;0;;0;;;772;0;;0;;;;;06/01/2024 20:51;unlock;closed;0;1673038321;0;0;0;0;3;;
1184;2024052428000050;;SOLICITUD REINSTALACIÓN RETAIL X;;;;Soporte de Celulares;closed successful;3 normal;junior.acuna@visualimpact.com.pe;junior.acuna@visualimpact.com.pe;Unclassified;10;;;0;0;06/01/2024 15:46;0;0;;0;;;;;0;;0;;0;;;4366;0;;0;;;;;06/01/2024 15:45;unlock;closed;0;1673624770;0;0;0;0;4;;
1185;2024052428000060;;INCIDENCIA CELULAR - GTM HENRY JESUS ALBERTO VARGAS MENDOZA;;;;Soporte de Celulares;closed successful;3 normal;jonathan.rojas@visualimpact.com.pe;jonathan.rojas@visualimpact.com.pe;Unclassified;1;;;0;0;;0;0;;0;;;;;0;;0;;0;;;1166;0;;0;;;;;09/01/2024 14:26;unlock;closed;0;1673274415;0;0;0;0;3;;
1186;2024052528000010;;Solicitud Reinstalación Retail X;;;;Soporte de Celulares;closed successful;3 normal;luis.pinin@visualimpact.com.pe;luis.pinin@visualimpact.com.pe;Unclassified;10;;;0;0;06/01/2024 14:36;0;0;;0;;;;;0;;0;;0;;;4015;0;;0;;;;;06/01/2024 14:36;unlock;closed;0;1673624722;0;0;0;0;3;;
1187;2024052528000020;;SOLICITUD DE REINSTALACION APLICATIVO RETAIL X;;;;Soporte de Celulares;closed successful;3 normal;juan.bolo@visualimpact.com.pe;juan.bolo@visualimpact.com.pe;Unclassified;10;;;0;0;;0;0;;0;;;;;0;;0;;0;;;373;0;;0;;;;;06/01/2024 20:13;unlock;closed;0;1673036022;0;0;0;0;3;;
1188;2024052528000030;;Reinstalación de RetailX;;;;Soporte de Celulares;closed successful;3 normal;yeral.lara@visualimpact.com.pe;yeral.lara@visualimpact.com.pe;Unclassified;10;;;0;0;06/01/2024 15:28;0;0;;0;;;;;0;;0;;0;;;3944;0;;0;;;;;06/01/2024 15:28;unlock;closed;0;1673624694;0;0;0;0;3;;
1189;2024052528000040;;Reestablecimiento Cuenta NewPG;;;;Soporte de Desktop;closed successful;3 normal;teo.trujillo;P&G;Unclassified;10;;;0;0;06/01/2024 16:27;0;0;;0;;;;;0;;0;;0;;;37;0;;0;;;;;06/01/2024 16:27;lock;closed;0;1673023217;0;0;0;0;2;;
1190;2024052528000050;;CUSCO | Solicitud Reinstalación Retail X;;;;Soporte de Celulares;closed successful;3 normal;jose.oballe;P&G;Unclassified;10;;;0;0;06/01/2024 20:16;0;0;;0;;;;;0;;0;;0;;;3843;0;;0;;;;;06/01/2024 20:16;unlock;closed;0;1673624651;0;0;0;0;3;;
1191;2024052528000060;;Solicitud Reinstalación Retail X;;;;Soporte de Celulares;closed successful;3 normal;ronald.salluca@visualimpact.com.pe;ronald.salluca@visualimpact.com.pe;Unclassified;10;;;0;0;06/01/2024 22:03;0;0;;0;;;;;0;;0;;0;;;3623;0;;0;;;;;06/01/2024 22:03;unlock;closed;0;1673624624;0;0;0;0;4;;
1192;2024052528000070;;Reinstalación de RetailX GTM;;;;Soporte de Celulares;closed successful;3 normal;yeral.lara@visualimpact.com.pe;yeral.lara@visualimpact.com.pe;Unclassified;10;;;0;0;06/01/2024 22:10;0;0;;0;;;;;0;;0;;0;;;3583;0;;0;;;;;06/01/2024 22:09;unlock;closed;0;1673624589;0;0;0;0;3;;
1193;2024052528000080;;SOLICITUD REINSTALACION RETAIL X;;;;Soporte de Celulares;closed successful;3 normal;draucin.castro@visualimpact.com.pe;draucin.castro@visualimpact.com.pe;Unclassified;10;;;0;0;06/01/2024 22:06;0;0;;0;;;;;0;;0;;0;;;3582;0;;0;;;;;06/01/2024 22:05;unlock;closed;0;1673624566;0;0;0;0;3;;
1194;2024052528000090;;SOLICITUD REINSTALACION RETAIL X;;;;Soporte de Celulares;closed successful;3 normal;gino.marti@visualimpact.com.pe;gino.marti@visualimpact.com.pe;Unclassified;10;;;0;0;09/01/2024 14:33;0;0;;0;;;;;0;;0;;0;;;3582;0;;0;;;;;09/01/2024 14:32;unlock;closed;0;1673624551;0;0;0;0;5;;
1195;2024052528000100;;Desbloqueo de usuario;;;;Soporte de Desktop;closed successful;3 normal;jhonny.biffi@visualimpact.com.pe;jhonny.biffi@visualimpact.com.pe;SOPORTE DE CREDENCIALES;5;;;0;0;07/01/2024 15:15;0;0;;0;;;;;0;;0;;0;;;0;0;;0;;;;;07/01/2024 15:15;unlock;closed;0;1673104517;0;0;0;0;2;;
1196;2024052528000110;;Re: SOLICITUD DE REINSTALACIÓN RETAIL X;;;;Soporte de Celulares;closed successful;3 normal;diana.soto@visualimpact.com.pe;diana.soto@visualimpact.com.pe;Unclassified;10;;;0;0;09/01/2024 14:41;0;0;;0;;;;;0;;0;;0;;;3582;0;;0;;;;;09/01/2024 14:40;unlock;closed;0;1673624531;0;0;0;0;3;;
1197;2024052628000010;;INCIDENCIA CELULAR - GTM YESSICA KARINA HUERTAS QUINTA;;;;Soporte de Celulares;open;3 normal;jonathan.rojas@visualimpact.com.pe;jonathan.rojas@visualimpact.com.pe;Unclassified;0;;;0;0;09/01/2024 21:32;0;0;;0;;;;;0;;0;;0;;;0;0;;0;;;;;09/01/2024 21:29;lock;open;0;1673299930;0;0;0;0;2;;
1198;2024052628000020;;SOLICITUD REINSTALACIÓN RETAIL X;;;;Soporte de Celulares;closed successful;3 normal;diana.soto@visualimpact.com.pe;diana.soto@visualimpact.com.pe;Unclassified;10;;;0;0;09/01/2024 16:04;0;0;;0;;;;;0;;0;;0;;;3301;0;;0;;;;;09/01/2024 16:04;unlock;closed;0;1673624499;0;0;0;0;3;;
1199;2024052628000040;;BLOQUEO DE ACCESO A SISTEMA LOGISTICA;;;;Soporte de Desktop;new;3 normal;gabriela.ore;P&G;Unclassified;0;;;0;0;;0;0;;0;;;;;0;;0;;0;;;0;0;;0;;;;;;unlock;new;0;0;0;0;0;0;2;;
1200;2024052628000050;;Acceso a Visual Services;;;;Soporte de Celulares;closed successful;3 normal;walter.becerra;P&G;Unclassified;1;;;0;0;;0;0;;0;;;;;0;;0;;0;;;339;0;;0;;;;;09/01/2024 16:32;unlock;closed;0;1673300060;0;0;0;0;3;;
1201;2024052628000060;;problemas con web ImpactTrade Nestle;;;;Soporte de Desktop;closed successful;3 normal;francisco.guzman;Nestle;SOPORTE DE INTRANET;50;;;0;0;10/01/2024 17:16;0;0;;0;;;;;0;;0;;0;;;896;0;;0;;;;;10/01/2024 17:13;unlock;closed;0;1673370983;0;0;0;0;2;;
1202;2024052628000070;;OPORTUNIDAD RETAIL X;;;;Soporte de Celulares;closed successful;3 normal;patricia.velasquez@visualimpact.com.pe;patricia.velasquez@visualimpact.com.pe;Unclassified;10;;;0;0;09/01/2024 16:01;0;0;;0;;;;;0;;0;;0;;;3130;0;;0;;;;;09/01/2024 16:01;unlock;closed;0;1673624453;0;0;0;0;4;;
1203;2024052628000080;;SOLICITUD DE REINSTALACIÓN RETAILX;;;;Soporte de Celulares;closed successful;3 normal;milton.cuadra@visualimpact.com.pe;milton.cuadra@visualimpact.com.pe;Unclassified;10;;;0;0;09/01/2024 21:26;0;0;;0;;;;;0;;0;;0;;;2799;0;;0;;;;;09/01/2024 21:26;unlock;closed;0;1673624393;0;0;0;0;4;;
1204;2024052628000090;;Usuario Bloqueado;;;;Soporte de Celulares;closed successful;3 normal;distribuidora.vega;P&G;SOPORTE DE CREDENCIALES;0;;;0;0;;0;0;;0;;;;;0;;0;;0;;;0;0;;0;;;;;;unlock;closed;0;0;0;0;0;0;1;;
1205;2024052728000010;;RE: Actualizacion de datos;;;;Soporte de Desktop;closed successful;3 normal;walter.becerra;P&G;Unclassified;10;;;0;0;10/01/2024 21:39;0;0;;0;;;;;0;;0;;0;;;685;0;;0;;;;;10/01/2024 20:16;unlock;closed;0;1673453145;0;0;0;0;8;;
1206;2024052728000020;;Re: SOPORTE REVISION DE LAPTOP;;;;Soporte de Desktop;new;3 normal;jamphier.paipay;Sistemas;Unclassified;0;;;0;0;;0;0;;0;;;;;0;;0;;0;;;0;0;;0;;;;;;unlock;new;0;0;0;0;0;0;1;;
1207;2024052928000010;;RE: Cambio de laptops HFS;;;;Soporte de Desktop;new;3 normal;walter.becerra;P&G;Unclassified;0;;;0;0;;0;0;;0;;;;;0;;0;;0;;;0;0;;0;;;;;;unlock;new;0;0;0;0;0;0;4;;
1208;2024052928000020;;RE: Habilitar / Desbloquear Usuario Kasandra Mamani;;;;Soporte de Desktop;closed successful;3 normal;jose.oballe;P&G;SOPORTE DE CREDENCIALES;10;;;0;0;;0;0;;0;;;;;0;;0;;0;;;846;0;;0;;;;;12/01/2024 15:46;unlock;closed;0;1673538432;0;0;0;0;2;;
1209;2024052928000030;;Reestablecimiento Usuario Intranet;;;;Soporte de Desktop;closed successful;3 normal;teo.trujillo;P&G;SOPORTE DE CREDENCIALES;10;;;0;0;11/01/2024 16:33;0;0;;0;;;;;0;;0;;0;;;33;0;;0;;;;;11/01/2024 16:33;unlock;closed;0;1673454812;0;0;0;0;2;;
1210;2024052928000040;;SOLICITUD DE REINSTALACIÓN   RETAILX/AUTHENTICATOR;;;;Soporte de Celulares;closed successful;3 normal;milton.cuadra@visualimpact.com.pe;milton.cuadra@visualimpact.com.pe;Unclassified;10;;;0;0;11/01/2024 17:55;0;0;;0;;;;;0;;0;;0;;;1469;0;;0;;;;;11/01/2024 17:55;unlock;closed;0;1673624370;0;0;0;0;4;;
1211;2024052928000050;;Reestablecimiento Usuario Intranet - SPOC 70401857;;;;Soporte de Desktop;closed successful;3 normal;teo.trujillo;P&G;SOPORTE DE CREDENCIALES;10;;;0;0;12/01/2024 15:44;0;0;;0;;;;;0;;0;;0;;;464;0;;0;;;;;12/01/2024 14:53;unlock;closed;0;1673538294;0;0;0;0;2;;
1212;2024052928000060;;SOLICITUD REINSTALACIÓN  RETAIL X;;;;Soporte de Celulares;closed successful;3 normal;abel.ccellccascca@visualimpact.com.pe;abel.ccellccascca@visualimpact.com.pe;SOPORTE DE APLICATIVOS;20;;;0;0;13/01/2024 14:40;0;0;;0;;;;;0;;0;;0;;;1236;0;;0;;;;;13/01/2024 14:40;unlock;closed;0;1673624230;0;0;0;0;4;;
1213;2024053028000010;;USUARIO BLOQUEADO I IMPACT TRADE;;;;Soporte de Desktop;closed successful;3 normal;marlon.incio@visualimpact.com.pe;marlon.incio@visualimpact.com.pe;Unclassified;5;;;0;0;12/01/2024 13:56;0;0;;0;;;;;0;;0;;0;;;86;0;;0;;;;;12/01/2024 13:55;unlock;closed;0;1673531784;0;0;0;0;2;;
1214;2024053028000020;;SOLICITUD DE REINSTALACIÓN RETAILX;;;;Soporte de Celulares;closed successful;3 normal;janes.guarniz@visualimpact.com.pe;janes.guarniz@visualimpact.com.pe;SOPORTE DE APLICATIVOS;10;;;0;0;13/01/2024 14:59;0;0;;0;;;;;0;;0;;0;;;453;0;;0;;;;;13/01/2024 14:58;unlock;closed;0;1673624018;0;0;0;0;3;;
1215;2024053028000030;;SOLICITUD DE REINSTALACIÓN RETAILX/AUTHENTICATOR;;;;Soporte de Celulares;closed successful;3 normal;milton.cuadra@visualimpact.com.pe;milton.cuadra@visualimpact.com.pe;Unclassified;10;;;0;0;13/01/2024 16:17;0;0;;0;;;;;0;;0;;0;;;217;0;;0;;;;;13/01/2024 16:17;unlock;closed;0;1673626667;0;0;0;0;4;;
1216;2024053028000050;;VILCAPOMA PORRAS,MARLENE -  PROBLEMA CON PANTALLA;;;;Soporte de Celulares;closed successful;3 normal;nestle.lima;Nestle;SOPORTE DE EQUIPOS MOVILES;140;;;0;0;;0;0;;0;;;;;0;;0;;0;;;6;0;;0;;;;;16/01/2024 17:45;unlock;closed;0;1673891118;0;0;0;0;2;;
1217;2024053028000060;;Reestablecimiento Usuario Intranet - SPOC 72353350;;;;Soporte de Desktop;closed successful;3 normal;teo.trujillo;P&G;Unclassified;5;;;0;0;16/01/2024 20:57;0;0;;0;;;;;0;;0;;0;;;16;0;;0;;;;;16/01/2024 20:56;unlock;closed;0;1673902624;0;0;0;0;2;;
1218;2024053028000070;;Usuario para supervisor Polar;;;;Soporte de Desktop;closed successful;3 normal;carlos.cueto;Polar;SOPORTE DE CREDENCIALES;5;;;0;0;17/01/2024 14:58;0;0;;0;;;;;0;;0;;0;;;418;0;;0;;;;;17/01/2024 14:56;unlock;closed;0;1673967481;0;0;0;0;2;;
1219;2024053028000080;;RE: VISUAL IMPACT SAC - REQUERIMIENTO FINALIZADO;;;;Soporte de Desktop;open;3 normal;walter.becerra;P&G;Unclassified;0;;;0;0;17/01/2024 15:30;0;0;;0;;;;;0;;0;;0;;;90;0;;0;;;;;17/01/2024 15:01;lock;open;0;1673973620;0;0;0;0;3;;
1220;2024053028000090;;INSTALACIÓN APP PHOTOSTAMP CAMERA;;;;Soporte de Celulares;open;3 normal;juana.anicama@visualimpact.com.pe;juana.anicama@visualimpact.com.pe;Unclassified;0;;;0;0;17/01/2024 15:14;0;0;;0;;;;;0;;0;;0;;;0;0;;0;;;;;17/01/2024 15:13;lock;open;0;1673968445;0;0;0;0;3;;
1221;2024053028000100;;Reestablecimiento Usuario Intranet - SPOC 76019993;;;;Soporte de Desktop;closed successful;3 normal;teo.trujillo;P&G;Unclassified;5;;;0;0;17/01/2024 14:51;0;0;;0;;;;;0;;0;;0;;;21;0;;0;;;;;17/01/2024 14:50;unlock;closed;0;1673967089;0;0;0;0;2;;
1222;2024053028000120;;problemas con acceso a la web de rrhh (postulantes);;;;Soporte de Desktop;closed successful;3 normal;claudia.chavez;RRHH;SOPORTE DE CREDENCIALES;10;;;0;0;;0;0;;0;;;;;0;;0;;0;;;0;0;;0;;;;;17/01/2024 17:24;unlock;closed;0;1673976269;0;0;0;0;2;;
1223;2024053028000130;;CONFIGURACION DE IMPRESORA;;;;Soporte de Desktop;closed successful;3 normal;diana.zuñiga;Elite;SOPORTE DE SOFTWARE DE LAPTOP;30;;;0;0;;0;0;;0;;;;;0;;0;;0;;;0;0;;0;;;;;17/01/2024 17:25;unlock;closed;0;1673976363;0;0;0;0;2;;
1224;2024053128000010;;CONFIGURACION DE IMPRESORA;;;;Soporte de Desktop;closed successful;3 normal;ricardo.capurro;Logistica;SOPORTE DE SOFTWARE DE LAPTOP;25;;;0;0;;0;0;;0;;;;;0;;0;;0;;;0;0;;0;;;;;17/01/2024 17:26;unlock;closed;0;1673976427;0;0;0;0;2;;
1225;2024053128000020;;problemas con el outlook;;;;Soporte de Desktop;closed successful;3 normal;andrivette.tavara;Operaciones;SOPORTE DE MAIL;15;;;0;0;;0;0;;0;;;;;0;;0;;0;;;0;0;;0;;;;;17/01/2024 17:27;unlock;closed;0;1673976474;0;0;0;0;2;;
1226;2024053128000030;;Solicitud Web Boletas;;;;Soporte de Desktop;closed successful;3 normal;jaime.portocarrero@visualimpact.com.pe;jaime.portocarrero@visualimpact.com.pe;SOPORTE DE INTRANET;10;;;0;0;23/01/2024 14:42;0;0;;0;;;;;0;;0;;0;;;2752;0;;0;;;;;17/01/2024 21:01;unlock;closed;0;1674484960;0;0;0;0;3;;
1227;2024053128000040;;SOLICITUD INSTALACION DE RETAIL X;;;;Soporte de Celulares;new;3 normal;kasandra.mamani@visualimpact.com.pe;kasandra.mamani@visualimpact.com.pe;Unclassified;0;;;0;0;;0;0;;0;;;;;0;;0;;0;;;0;0;;0;;;;;;unlock;new;0;0;0;0;0;0;1;;
1228;2024053128000050;;CAMBIO DE CLAVE APP GTM;;;;Soporte de Desktop;closed successful;3 normal;warrens.flores;Ajeper;SOPORTE DE CREDENCIALES;10;;;0;0;;0;0;;0;;;;;0;;0;;0;;;0;0;;0;;;;;18/01/2024 14:14;unlock;closed;0;1674051251;0;0;0;0;2;;
1229;2024053128000060;;ASIGNAR USUARIO Y CLAVE A NUEVO AUDITOR EN CHICLAYO.;;;;Soporte de Desktop;closed successful;3 normal;rgalopino@alvarezbohl.pe;rgalopino@alvarezbohl.pe;Unclassified;0;;;0;0;19/01/2024 17:53;0;0;;0;;;;;0;;0;;0;;;1139;0;;0;;;;;19/01/2024 17:47;unlock;closed;0;1674164914;0;0;0;0;5;;
1230;2024053128000070;;RE: PROBLEMAS CON LA RED DE DATOS - LEITON;;;;Soporte de Celulares;new;3 normal;jahaira.paredes;Sistemas;Unclassified;0;;;0;0;;0;0;;0;;;;;0;;0;;0;;;0;0;;0;;;;;;unlock;new;0;0;0;0;0;0;1;;
1231;2024053128000080;;ENTREGA DE CELULAR Y CAMBIO DE USUARIO (GTM NUEVO);;;;Soporte de Celulares;new;3 normal;jonathan.rojas@visualimpact.com.pe;jonathan.rojas@visualimpact.com.pe;Unclassified;0;;;0;0;;0;0;;0;;;;;0;;0;;0;;;0;0;;0;;;;;;unlock;new;0;0;0;0;0;0;1;;
1232;2024060128000010;;CUSCO | SOLICITUD INSTALACION DE RETAIL X;;;;Soporte de Celulares;new;3 normal;jose.oballe;P&G;Unclassified;0;;;0;0;;0;0;;0;;;;;0;;0;;0;;;0;0;;0;;;;;;unlock;new;0;0;0;0;0;0;1;;
1233;2024060128000020;;RE: Usuarios Power BI;;;;Soporte de Desktop;open;3 normal;walter.becerra;P&G;Unclassified;0;;;0;0;19/01/2024 18:02;0;0;;0;;;;;0;;0;;0;;;0;0;;0;;;;;19/01/2024 17:58;lock;open;0;1674664807;0;0;0;0;4;;
1234;2024060128000030;;CAMBIO DE EQUIPO MOVIL GTM AJE;;;;Soporte de Celulares;closed successful;3 normal;allan.diaz;Ajeper;Unclassified;1;;;0;0;;0;0;;0;;;;;0;;0;;0;;;1452;0;;0;;;;;23/01/2024 17:23;unlock;closed;0;1674494603;0;0;0;0;3;;
1235;2024060128000040;;RE: Equipos averiados - Enero 2024;;;;Soporte de Celulares;new;3 normal;eduardo.espinoza@visualimpact.com.pe;eduardo.espinoza@visualimpact.com.pe;Unclassified;0;;;0;0;;0;0;;0;;;;;0;;0;;0;;;0;0;;0;;;;;;unlock;new;0;0;0;0;0;0;2;;
1236;2024060128000050;;Problemas para marcar asistencia 20.01.2024;;;;Soporte de Celulares;closed successful;3 normal;teo.trujillo;P&G;Unclassified;1;;;0;0;;0;0;;0;;;;;0;;0;;0;;;1002;0;;0;;;;;23/01/2024 17:22;unlock;closed;0;1674494570;0;0;0;0;2;;
1237;2024060128000060;;Re: Restablecer contraseña Impact Trade - Spoc Kevin Cisneros.;;;;Soporte de Desktop;closed successful;3 normal;larbulu;P&G;SOPORTE DE CREDENCIALES;5;;;0;0;;0;0;;0;;;;;0;;0;;0;;;683;0;;0;;;;;23/01/2024 14:33;unlock;closed;0;1674484414;0;0;0;0;2;;
1238;2024060128000070;;OPORTUNIDAD ACCESO RETAILX;;;;Soporte de Celulares;closed successful;3 normal;piero.nunez@visualimpact.com.pe;piero.nunez@visualimpact.com.pe;Unclassified;10;;;0;0;23/01/2024 16:02;0;0;;0;;;;;0;;0;;0;;;2001;0;;0;;;;;23/01/2024 16:01;unlock;closed;0;1674660061;0;0;0;0;4;;
1239;2024060128000080;;RE: Problemas para marcar asistencia 20.01.2024;;;;Soporte de Celulares;closed successful;3 normal;teo.trujillo;P&G;Unclassified;1;;;0;0;;0;0;;0;;;;;0;;0;;0;;;476;0;;0;;;;;23/01/2024 15:56;unlock;closed;0;1674489384;0;0;0;0;3;;
1240;2024060128000090;;Desbloqueo de acceso Impact Trade;;;;Soporte de Desktop;closed successful;3 normal;cesar.caballero@visualimpact.com.pe;cesar.caballero@visualimpact.com.pe;SOPORTE DE CREDENCIALES;10;;;0;0;21/01/2024 16:28;0;0;;0;;;;;0;;0;;0;;;0;0;;0;;;;;21/01/2024 16:28;unlock;closed;0;1674318533;0;0;0;0;3;;
1241;2024060128000100;;CAMBIO DE CLAVE USUARIO GTM;;;;Soporte de Desktop;closed successful;3 normal;warrens.flores;Ajeper;SOPORTE DE CREDENCIALES;10;;;0;0;23/01/2024 14:32;0;0;;0;;;;;0;;0;;0;;;61;0;;0;;;;;23/01/2024 14:31;unlock;closed;0;1674484329;0;0;0;0;2;;
1242;2024060228000010;;Cambio de contraseña;;;;Soporte de Desktop;open;3 normal;abel.ccellccascca@gmail.com;abel.ccellccascca@gmail.com;SOPORTE DE CREDENCIALES;10;;;0;0;23/01/2024 14:16;0;0;;0;;;;;0;;0;;0;;;16;0;;0;;;;;23/01/2024 14:15;lock;open;0;1674613807;0;0;0;0;3;;
1243;2024060228000020;;PROBLEMAS CON CONTRASEÑA DE WINDOWS;;;;Soporte de Desktop;closed successful;3 normal;tamar.roque;Operaciones;SOPORTE DE S.O.;10;;;0;0;;0;0;;0;;;;;0;;0;;0;;;0;0;;0;;;;;23/01/2024 14:44;unlock;closed;0;1674485070;0;0;0;0;2;;
1244;2024060228000030;;OPORTUNIDAD VIPG SPOC - ENCUESTA MOTIVO DE VISITA A TIENDA || USUARIO SPOC;;;;Soporte de Celulares;closed successful;3 normal;richard.castro@visualimpact.com.pe;richard.castro@visualimpact.com.pe;Unclassified;50;;;0;0;23/01/2024 15:55;0;0;;0;;;;;0;;0;;0;;;911;0;;0;;;;;23/01/2024 15:55;unlock;closed;0;1674579681;0;0;0;0;5;;
1245;2.02406E+15;;MILLA LEVANO,YILL STEPHANIE - CAMBIO DE ENTRADA DE CARGADOR;;;;Soporte de Celulares;closed successful;3 normal;nestle.lima;Nestle;SOPORTE DE EQUIPOS MOVILES;50;;;0;0;;0;0;;0;;;;;0;;0;;0;;;849;0;;0;;;;;24/01/2024 16:57;unlock;closed;0;1674579468;0;0;0;0;2;;
1246;2.02406E+15;;Outlook no sincroniza;;;;Soporte de Desktop;closed successful;3 normal;milenka.gargurevich;Operaciones;SOPORTE DE MAIL;7;;;0;0;;0;0;;0;;;;;0;;0;;0;;;0;0;;0;;;;;23/01/2024 15:55;unlock;closed;0;1674489329;0;0;0;0;1;;
1247;2.02406E+15;;CARGADOR LAPTOP - AVERIADO;;;;Soporte de Desktop;new;3 normal;jorge.molina;RRHH;Unclassified;0;;;0;0;;0;0;;0;;;;;0;;0;;0;;;0;0;;0;;;;;;unlock;new;0;0;0;0;0;0;1;;
1248;2.02406E+15;;Correo corporativo - Deyvis Chumpitaz;;;;Soporte de Desktop;closed successful;3 normal;angela.catter;Ajeper;Unclassified;0;;;0;0;25/01/2024 15:55;0;0;;0;;;;;0;;0;;0;;;1255;0;;0;;;;;25/01/2024 15:52;unlock;closed;0;1674662139;0;0;0;0;2;;
1249;2.02406E+15;;Desbloqueo de usuario;;;;Soporte de Desktop;closed successful;3 normal;jhonny.biffi@visualimpact.com.pe;jhonny.biffi@visualimpact.com.pe;SOPORTE DE CREDENCIALES;5;;;0;0;24/01/2024 14:46;0;0;;0;;;;;0;;0;;0;;;135;0;;0;;;;;24/01/2024 14:45;unlock;closed;0;1674571573;0;0;0;0;2;;
1250;2.02406E+15;;CREDENCIALES PLATAFORMA WEB;;;;Soporte de Desktop;closed successful;3 normal;warrens.flores;Ajeper;Unclassified;7;;;0;0;;0;0;;0;;;;;0;;0;;0;;;249;0;;0;;;;;24/01/2024 22:15;unlock;closed;0;1674598531;0;0;0;0;3;;
1251;2.02406E+15;;VILLAVICENCIO ALVARADO,GRACIELA EDITH - REINSTALACION DE MDM;;;;Soporte de Celulares;closed successful;3 normal;nestle.piura;Nestle;SOPORTE DE MDM;70;;;0;0;;0;0;;0;;;;;0;;0;;0;;;0;0;;0;;;;;24/01/2024 16:56;unlock;closed;0;1674579382;0;0;0;0;2;;
1252;2.02406E+15;;SOLICITUD DE REINSTALACIÓN RETAILX;;;;Soporte de Celulares;new;3 normal;jonathan.rojas@visualimpact.com.pe;jonathan.rojas@visualimpact.com.pe;Unclassified;0;;;0;0;;0;0;;0;;;;;0;;0;;0;;;0;0;;0;;;;;;unlock;new;0;0;0;0;0;0;2;;
1253;2.02406E+15;;BLOQUEO DEL APLICATIVO;;;;Soporte de Desktop;closed successful;3 normal;edith.quincho;Nestle;SOPORTE DE CREDENCIALES;5;;;0;0;25/01/2024 15:33;0;0;;0;;;;;0;;0;;0;;;109;0;;0;;;;;25/01/2024 15:20;unlock;closed;0;1674660829;0;0;0;0;5;;
1254;2.02406E+15;;Habilitar puerta de enlace;;;;Soporte de Desktop;closed successful;3 normal;luis.durand;Sistemas;SOPORTE DE DESARROLLO DE SOFTWARE;10;;;0;0;;0;0;;0;;;;;0;;0;;0;;;0;0;;0;;;;;25/01/2024 17:33;unlock;closed;0;1674668008;0;0;0;0;1;;
